date,estate_id,tbs_production_ton,cpo_production_ton,kernel_production_ton,tbs_outlier_flag,cpo_extraction_rate,kernel_extraction_rate,rainfall_mm,rainy_days,fertilizer_kg,working_days,disruption_days,estate_name,region,area_ha,planting_year,plant_age_years,tbs_yield_ton_per_ha,month,month_name,year,rainfall_category,fertilizer_kg_per_ha
2019-01-01,EST001,8132.4,1600.4,487.9,False,0.1967930746151198,0.05999458954306232,265.4,18.0,44558.0,25.0,0.0,Estate Lampung 01,Sumatra,4250,2010,9,1.9135058823529412,1,Jan,2019,Optimal,10.484235294117648
2019-02-01,EST001,8492.3,1805.1,443.2,False,0.21255725775113926,0.05218845306925097,238.5,17.0,51306.0,23.0,1.0,Estate Lampung 01,Sumatra,4250,2010,9,1.9981882352941174,2,Feb,2019,Optimal,12.072
2019-03-01,EST001,8186.5,1597.9,413.1,False,0.19518719843645027,0.050461125022903563,247.2,15.0,43954.0,23.0,0.0,Estate Lampung 01,Sumatra,4250,2010,9,1.926235294117647,3,Mar,2019,Optimal,10.342117647058824
2019-04-01,EST001,7936.4,1398.5,415.7,False,0.17621339650219245,0.052378912353208004,247.1,17.0,36406.0,23.0,3.0,Estate Lampung 01,Sumatra,4250,2010,9,1.8673882352941176,4,Apr,2019,Optimal,8.566117647058823
2019-05-01,EST001,8551.4,1856.5,513.1,False,0.21709895455714856,0.060001871038660344,192.1,13.0,41455.0,25.0,0.0,Estate Lampung 01,Sumatra,4250,2010,9,2.0120941176470586,5,May,2019,Optimal,9.754117647058823
2019-06-01,EST001,8701.2,1631.0,391.8,False,0.1874454098285294,0.04502827196248793,181.1,13.0,40334.0,22.0,0.0,Estate Lampung 01,Sumatra,4250,2010,9,2.047341176470588,6,Jun,2019,Optimal,9.49035294117647
2019-07-01,EST001,9134.3,1818.8,405.5,False,0.19911761163964398,0.044393111677961096,215.5,15.0,43317.0,26.0,2.0,Estate Lampung 01,Sumatra,4250,2010,9,2.149247058823529,7,Jul,2019,Optimal,10.192235294117648
2019-08-01,EST001,7770.7,1606.2,359.2,False,0.20669952513930534,0.0462249218217149,199.6,17.0,32804.0,24.0,0.0,Estate Lampung 01,Sumatra,4250,2010,9,1.8284,8,Aug,2019,Optimal,7.718588235294118
2019-09-01,EST001,8254.1,1675.5,414.0,False,0.2029900291976109,0.0501568917265359,186.3,11.0,34159.0,22.0,1.0,Estate Lampung 01,Sumatra,4250,2010,9,1.9421411764705883,9,Sep,2019,Optimal,8.037411764705883
2019-10-01,EST001,7933.2,1716.8,328.2,False,0.21640699843694852,0.04137044320072606,208.35,15.0,51248.0,24.0,1.0,Estate Lampung 01,Sumatra,4250,2010,9,1.866635294117647,10,Oct,2019,Optimal,12.058352941176471
2019-11-01,EST001,7918.2,1640.5,396.8,False,0.20718092495769241,0.050112399282665254,230.4,14.0,36671.0,26.0,1.0,Estate Lampung 01,Sumatra,4250,2010,9,1.8631058823529412,11,Nov,2019,Optimal,8.628470588235293
2019-12-01,EST001,8680.5,1624.0,507.5,False,0.18708599735038303,0.0584643741719947,248.0,16.0,51928.0,25.0,0.0,Estate Lampung 01,Sumatra,4250,2010,9,2.042470588235294,12,Dec,2019,Optimal,12.218352941176471
2020-01-01,EST001,8318.1,1913.2,422.2,False,0.2300044481311838,0.050756783400055294,259.0,16.0,37710.0,23.0,1.0,Estate Lampung 01,Sumatra,4250,2010,10,1.9572,1,Jan,2020,Optimal,8.872941176470588
2020-02-01,EST001,8454.1,1715.5,410.3,False,0.20291929359718952,0.04853266462426515,194.2,15.0,41093.0,23.0,0.0,Estate Lampung 01,Sumatra,4250,2010,10,1.9892,2,Feb,2020,Optimal,9.668941176470588
2020-03-01,EST001,9736.5,1925.8,456.7,False,0.19779181430698917,0.04690597237200226,187.9,15.0,43244.0,25.0,0.0,Estate Lampung 01,Sumatra,4250,2010,10,2.290941176470588,3,Mar,2020,Optimal,10.175058823529412
2020-04-01,EST001,10093.7,2164.7,550.0,False,0.21446050506751732,0.05448943400338825,194.9,12.0,45355.0,22.0,0.0,Estate Lampung 01,Sumatra,4250,2010,10,2.3749882352941176,4,Apr,2020,Optimal,10.671764705882353
2020-05-01,EST001,8729.5,1778.6,400.4,False,0.20374591901025257,0.045867460908413996,172.7,10.0,38885.0,22.0,2.0,Estate Lampung 01,Sumatra,4250,2010,10,2.054,5,May,2020,Low,9.149411764705881
2020-06-01,EST001,10255.2,2112.5,607.4,False,0.2059930571807473,0.059228488961697474,194.9,14.0,36584.0,24.0,1.0,Estate Lampung 01,Sumatra,4250,2010,10,2.412988235294118,6,Jun,2020,Optimal,8.608
2020-07-01,EST001,8863.0,2038.5,528.8,False,0.23000112828613337,0.0596637707322577,153.3,9.0,34841.0,25.0,3.0,Estate Lampung 01,Sumatra,4250,2010,10,2.0854117647058823,7,Jul,2020,Low,8.197882352941177
2020-08-01,EST001,9673.1,1739.3,455.4,False,0.17980792093537748,0.04707901293277232,145.1,11.0,40150.0,22.0,3.0,Estate Lampung 01,Sumatra,4250,2010,10,2.276023529411765,8,Aug,2020,Low,9.447058823529412
2020-09-01,EST001,10483.2,2046.7,523.6,False,0.19523618742368742,0.04994658119658119,234.6,16.0,47624.0,25.0,2.0,Estate Lampung 01,Sumatra,4250,2010,10,2.4666352941176473,9,Sep,2020,Optimal,11.20564705882353
2020-10-01,EST001,8337.2,1682.0,459.8,False,0.2017463896751907,0.055150410209662715,214.4,12.0,53569.0,26.0,3.0,Estate Lampung 01,Sumatra,4250,2010,10,1.961694117647059,10,Oct,2020,Optimal,12.604470588235294
2020-11-01,EST001,9177.9,1983.1,509.1,False,0.2160733936957256,0.055470205602588835,243.7,19.0,47932.0,23.0,1.0,Estate Lampung 01,Sumatra,4250,2010,10,2.159505882352941,11,Nov,2020,Optimal,11.278117647058824
2020-12-01,EST001,9028.6,1601.7,415.0,False,0.1774029196110139,0.04596504441441641,224.0,18.0,43905.0,23.0,0.0,Estate Lampung 01,Sumatra,4250,2010,10,2.1243764705882353,12,Dec,2020,Optimal,10.330588235294117
2021-01-01,EST001,8488.8,1447.5,402.1,False,0.1705188012439921,0.0473682970502309,239.4,15.0,46424.0,23.0,1.0,Estate Lampung 01,Sumatra,4250,2010,11,1.9973647058823527,1,Jan,2021,Optimal,10.923294117647059
2021-02-01,EST001,9870.8,1887.2,428.3,False,0.19119017708797667,0.043390606637759864,244.8,16.0,45894.0,25.0,1.0,Estate Lampung 01,Sumatra,4250,2010,11,2.322541176470588,2,Feb,2021,Optimal,10.798588235294117
2021-03-01,EST001,9249.2,1623.2,481.4,False,0.17549625913592526,0.05204774466980928,202.2,14.0,36573.0,25.0,1.0,Estate Lampung 01,Sumatra,4250,2010,11,2.176282352941177,3,Mar,2021,Optimal,8.605411764705883
2021-04-01,EST001,10205.9,1976.1,544.3,False,0.19362329632859424,0.05333189625608716,192.6,15.0,47057.0,24.0,1.0,Estate Lampung 01,Sumatra,4250,2010,11,2.4013882352941174,4,Apr,2021,Optimal,11.072235294117647
2021-05-01,EST001,10662.4,2212.8,461.2,False,0.20753301320528214,0.043254801920768304,183.0,13.0,46183.0,23.0,0.0,Estate Lampung 01,Sumatra,4250,2010,11,2.5088,5,May,2021,Optimal,10.866588235294117
2021-06-01,EST001,9147.5,1707.3,436.6,False,0.18664115878655368,0.047728887674227935,179.7,15.0,43422.0,24.0,0.0,Estate Lampung 01,Sumatra,4250,2010,11,2.1523529411764706,6,Jun,2021,Low,10.216941176470588
2021-07-01,EST001,8785.1,1569.0,380.1,False,0.17859785318323068,0.043266439767333326,161.0,10.0,35946.0,23.0,0.0,Estate Lampung 01,Sumatra,4250,2010,11,2.0670823529411764,7,Jul,2021,Low,8.457882352941176
2021-08-01,EST001,10264.4,2063.6,467.1,False,0.2010443864229765,0.045506800202642146,226.7,14.0,40022.0,24.0,1.0,Estate Lampung 01,Sumatra,4250,2010,11,2.4151529411764705,8,Aug,2021,Optimal,9.416941176470589
2021-09-01,EST001,10339.8,2201.7,545.5,False,0.21293448616027388,0.05275730671773149,197.7,11.0,41344.0,24.0,1.0,Estate Lampung 01,Sumatra,4250,2010,11,2.432894117647059,9,Sep,2021,Optimal,9.728
2021-10-01,EST001,8735.4,1525.0,404.7,False,0.17457700849417315,0.046328731368912704,193.6,12.0,46447.0,26.0,3.0,Estate Lampung 01,Sumatra,4250,2010,11,2.0553882352941177,10,Oct,2021,Optimal,10.928705882352942
2021-11-01,EST001,8831.0,1874.9,428.3,False,0.2123089117880195,0.04849960366889367,262.6,17.0,45220.0,24.0,0.0,Estate Lampung 01,Sumatra,4250,2010,11,2.0778823529411765,11,Nov,2021,Optimal,10.64
2021-12-01,EST001,9112.9,1934.3,381.5,False,0.2122595441626705,0.041863731633179344,229.1,18.0,42561.0,25.0,1.0,Estate Lampung 01,Sumatra,4250,2010,11,2.1442117647058825,12,Dec,2021,Optimal,10.01435294117647
2022-01-01,EST001,8974.3,1923.3,457.1,False,0.21431197976443847,0.05093433471134239,258.2,16.0,45934.0,24.0,0.0,Estate Lampung 01,Sumatra,4250,2010,12,2.1115999999999997,1,Jan,2022,Optimal,10.808
2022-02-01,EST001,9079.7,1981.9,452.0,False,0.21827813694285053,0.049781380442085084,193.0,13.0,34215.0,23.0,0.0,Estate Lampung 01,Sumatra,4250,2010,12,2.1364,2,Feb,2022,Optimal,8.050588235294118
2022-03-01,EST001,9624.1,2213.5,446.1,False,0.2299955320497501,0.0463523861971509,197.8,13.0,38102.0,24.0,1.0,Estate Lampung 01,Sumatra,4250,2010,12,2.2644941176470588,3,Mar,2022,Optimal,8.965176470588235
2022-04-01,EST001,9191.4,1789.2,450.9,False,0.19466022586330703,0.04905672694040081,195.63333333333333,16.0,33586.0,22.0,1.0,Estate Lampung 01,Sumatra,4250,2010,12,2.1626823529411765,4,Apr,2022,Optimal,7.902588235294117
2022-05-01,EST001,11319.1,2282.4,576.2,False,0.20164147326200846,0.05090510729651651,193.46666666666667,18.0,46384.0,23.0,1.0,Estate Lampung 01,Sumatra,4250,2010,12,2.6633176470588236,5,May,2022,Optimal,10.913882352941176
2022-06-01,EST001,11203.2,2170.7,514.5,False,0.19375714081690942,0.04592437874892887,191.3,12.0,46012.0,22.0,0.0,Estate Lampung 01,Sumatra,4250,2010,12,2.6360470588235296,6,Jun,2022,Optimal,10.82635294117647
2022-07-01,EST001,9984.0,1997.1,425.5,False,0.20003004807692307,0.042618189102564104,173.1,11.0,36974.0,23.0,1.0,Estate Lampung 01,Sumatra,4250,2010,12,2.3491764705882354,7,Jul,2022,Low,8.699764705882354
2022-08-01,EST001,8728.4,1946.4,515.2,False,0.22299619632464143,0.05902570917923102,172.9,13.0,46153.0,25.0,2.0,Estate Lampung 01,Sumatra,4250,2010,12,2.053741176470588,8,Aug,2022,Low,10.859529411764706
2022-09-01,EST001,8174.2,1469.9,382.8,False,0.17982187859362386,0.04683027085219349,161.0,12.0,39372.0,25.0,1.0,Estate Lampung 01,Sumatra,4250,2010,12,1.923341176470588,9,Sep,2022,Low,9.264
2022-10-01,EST001,9770.4,1827.9,483.8,False,0.18708548268238764,0.04951690821256039,202.0,16.0,49655.0,25.0,1.0,Estate Lampung 01,Sumatra,4250,2010,12,2.2989176470588233,10,Oct,2022,Optimal,11.683529411764706
2022-11-01,EST001,9039.0,1994.5,497.6,False,0.22065493970571967,0.055050337426706494,230.5,16.0,45128.0,22.0,1.0,Estate Lampung 01,Sumatra,4250,2010,12,2.1268235294117646,11,Nov,2022,Optimal,10.61835294117647
2022-12-01,EST001,7383.2,1589.6,443.0,False,0.21529959908982554,0.06000108354101203,286.0,19.0,48105.0,26.0,4.0,Estate Lampung 01,Sumatra,4250,2010,12,1.7372235294117646,12,Dec,2022,High,11.318823529411764
2023-01-01,EST001,7937.2,1544.2,347.5,False,0.19455223504510408,0.04378118228090511,261.6,18.0,33368.0,23.0,1.0,Estate Lampung 01,Sumatra,4250,2010,13,1.8675764705882352,1,Jan,2023,Optimal,7.8512941176470585
2023-02-01,EST001,9883.5,2103.4,516.4,False,0.21281934537360248,0.05224869732382253,197.9,15.0,49684.0,25.0,0.0,Estate Lampung 01,Sumatra,4250,2010,13,2.325529411764706,2,Feb,2023,Optimal,11.69035294117647
2023-03-01,EST001,10373.2,2127.7,482.0,False,0.20511510430725327,0.04646589287780048,239.1,17.0,50232.0,23.0,0.0,Estate Lampung 01,Sumatra,4250,2010,13,2.440752941176471,3,Mar,2023,Optimal,11.81929411764706
2023-04-01,EST001,10081.6,2243.2,476.9,False,0.22250436438660529,0.04730399936518013,199.4,14.0,41807.0,22.0,1.0,Estate Lampung 01,Sumatra,4250,2010,13,2.3721411764705884,4,Apr,2023,Optimal,9.836941176470589
2023-05-01,EST001,10261.8,2063.8,476.1,False,0.20111481416515625,0.04639536923346782,181.1,14.0,44974.0,26.0,1.0,Estate Lampung 01,Sumatra,4250,2010,13,2.414541176470588,5,May,2023,Optimal,10.582117647058823
2023-06-01,EST001,10223.3,2201.9,453.6,False,0.21538055226785874,0.044369234982833336,202.3,15.0,40395.0,22.0,1.0,Estate Lampung 01,Sumatra,4250,2010,13,2.4054823529411764,6,Jun,2023,Optimal,9.50470588235294
2023-07-01,EST001,10913.2,2510.0,543.4,False,0.22999670124253196,0.04979291133672983,201.8,16.0,50818.0,23.0,1.0,Estate Lampung 01,Sumatra,4250,2010,13,2.5678117647058825,7,Jul,2023,Optimal,11.957176470588236
2023-08-01,EST001,8419.3,1759.4,358.9,False,0.20897224234793868,0.04262824700390769,203.7,15.0,33852.0,26.0,3.0,Estate Lampung 01,Sumatra,4250,2010,13,1.9810117647058822,8,Aug,2023,Optimal,7.9651764705882355
2023-09-01,EST001,9760.5,1959.3,534.2,False,0.20073766712770863,0.05473080272527023,177.0,12.0,47844.0,26.0,1.0,Estate Lampung 01,Sumatra,4250,2010,13,2.296588235294118,9,Sep,2023,Low,11.257411764705882
2023-10-01,EST001,9371.7,1975.9,471.2,False,0.21083688124886626,0.05027903155243979,212.3,14.0,46513.0,22.0,1.0,Estate Lampung 01,Sumatra,4250,2010,13,2.2051058823529415,10,Oct,2023,Optimal,10.944235294117647
2023-11-01,EST001,8205.9,1596.2,427.6,False,0.19451857809624784,0.0521088485114369,250.3,18.0,33641.0,25.0,0.0,Estate Lampung 01,Sumatra,4250,2010,13,1.9307999999999998,11,Nov,2023,Optimal,7.915529411764706
2023-12-01,EST001,7950.4,1828.6,379.0,False,0.2300010062386798,0.04767055745622862,284.0,18.0,36364.0,23.0,0.0,Estate Lampung 01,Sumatra,4250,2010,13,1.8706823529411765,12,Dec,2023,High,8.556235294117647
2024-01-01,EST001,9679.8,1962.1,466.2,False,0.2027004690179549,0.0481621521105808,241.0,17.0,35952.0,24.0,3.0,Estate Lampung 01,Sumatra,4250,2010,14,2.2775999999999996,1,Jan,2024,Optimal,8.459294117647058
2024-02-01,EST001,8817.3,1727.4,453.5,False,0.19591031268075262,0.051432978349381334,237.4,15.0,42539.0,24.0,0.0,Estate Lampung 01,Sumatra,4250,2010,14,2.0746588235294117,2,Feb,2024,Optimal,10.009176470588235
2024-03-01,EST001,9108.2,1707.5,402.4,False,0.18746843503656044,0.044179969697635095,203.3,14.0,40200.0,22.0,2.0,Estate Lampung 01,Sumatra,4250,2010,14,2.143105882352941,3,Mar,2024,Optimal,9.458823529411765
2024-04-01,EST001,8795.3,1903.8,424.0,False,0.2164565165486112,0.04820756540425,179.1,14.0,44924.0,23.0,1.0,Estate Lampung 01,Sumatra,4250,2010,14,2.069482352941176,4,Apr,2024,Low,10.57035294117647
2024-05-01,EST001,10151.0,2162.2,463.9,False,0.21300364496108756,0.04569993104127672,218.3,15.0,39816.0,23.0,2.0,Estate Lampung 01,Sumatra,4250,2010,14,2.388470588235294,5,May,2024,Optimal,9.368470588235294
2024-06-01,EST001,10991.6,2116.3,500.6,False,0.19253793806179265,0.045543869864259984,220.9,15.0,36505.0,22.0,1.0,Estate Lampung 01,Sumatra,4250,2010,14,2.5862588235294117,6,Jun,2024,Optimal,8.589411764705883
2024-07-01,EST001,10975.6,2290.0,439.0,False,0.2086446299063377,0.039997813331389624,174.2,10.0,49076.0,23.0,0.0,Estate Lampung 01,Sumatra,4250,2010,14,2.582494117647059,7,Jul,2024,Low,11.54729411764706
2024-08-01,EST001,11030.5,1956.5,625.4,False,0.1773718326458456,0.056697339195866,205.5,15.0,36855.0,25.0,0.0,Estate Lampung 01,Sumatra,4250,2010,14,2.5954117647058825,8,Aug,2024,Optimal,8.671764705882353
2024-09-01,EST001,8693.5,1762.8,404.8,False,0.2027721861160637,0.0465635244723069,207.0,15.0,48783.0,22.0,5.0,Estate Lampung 01,Sumatra,4250,2010,14,2.045529411764706,9,Sep,2024,Optimal,11.478352941176471
2024-10-01,EST001,9614.9,1988.3,536.7,False,0.20679362239856888,0.055819613308510756,203.9,17.0,48383.0,25.0,1.0,Estate Lampung 01,Sumatra,4250,2010,14,2.2623294117647057,10,Oct,2024,Optimal,11.384235294117648
2024-11-01,EST001,9129.2,2059.6,505.2,False,0.22560574858695173,0.05533891250054769,251.0,16.0,41881.0,23.0,1.0,Estate Lampung 01,Sumatra,4250,2010,14,2.1480470588235296,11,Nov,2024,Optimal,9.85435294117647
2024-12-01,EST001,9199.8,1733.6,400.8,False,0.18843887910606752,0.04356616448183657,298.1,20.0,45218.0,22.0,0.0,Estate Lampung 01,Sumatra,4250,2010,14,2.1646588235294115,12,Dec,2024,High,10.639529411764705
2025-01-01,EST001,8385.6,1516.3,373.6,False,0.18082188513642433,0.04455256630414043,252.1,17.0,50576.0,23.0,2.0,Estate Lampung 01,Sumatra,4250,2010,15,1.9730823529411765,1,Jan,2025,Optimal,11.900235294117648
2025-02-01,EST001,9219.1,1720.0,553.1,False,0.18656918788168042,0.05999501035892875,281.1,21.0,37035.0,22.0,0.0,Estate Lampung 01,Sumatra,4250,2010,15,2.1692,2,Feb,2025,High,8.714117647058824
2025-03-01,EST001,8661.8,1558.7,508.9,False,0.17995104943545223,0.05875222240181025,165.5,11.0,37329.0,23.0,0.0,Estate Lampung 01,Sumatra,4250,2010,15,2.038070588235294,3,Mar,2025,Low,8.783294117647058
2025-04-01,EST001,10508.3,2312.3,523.8,False,0.2200451072009745,0.04984631196292454,229.5,16.0,37436.0,25.0,0.0,Estate Lampung 01,Sumatra,4250,2010,15,2.472541176470588,4,Apr,2025,Optimal,8.808470588235295
2025-05-01,EST001,10733.9,2396.1,550.5,False,0.2232273451401634,0.051286112223888805,200.2,14.0,48849.0,25.0,0.0,Estate Lampung 01,Sumatra,4250,2010,15,2.5256235294117646,5,May,2025,Optimal,11.493882352941176
2025-06-01,EST001,7719.9,1581.1,361.6,False,0.20480835243979845,0.04683998497389863,179.5,12.0,32826.0,23.0,2.0,Estate Lampung 01,Sumatra,4250,2010,15,1.8164470588235293,6,Jun,2025,Low,7.723764705882353
2025-07-01,EST001,9791.0,2137.6,510.7,False,0.21832294964763557,0.052160147073843324,178.3,11.0,43856.0,22.0,1.0,Estate Lampung 01,Sumatra,4250,2010,15,2.303764705882353,7,Jul,2025,Low,10.319058823529412
2025-08-01,EST001,10124.1,2045.2,469.9,False,0.2020130184411454,0.04641400223229719,130.7,9.0,50479.0,24.0,0.0,Estate Lampung 01,Sumatra,4250,2010,15,2.382141176470588,8,Aug,2025,Low,11.877411764705883
2025-09-01,EST001,10449.1,2074.9,418.0,False,0.19857212582901876,0.040003445272798616,192.5,14.0,49094.0,25.0,2.0,Estate Lampung 01,Sumatra,4250,2010,15,2.4586117647058825,9,Sep,2025,Optimal,11.551529411764706
2025-10-01,EST001,9599.1,1871.9,416.5,False,0.19500786532070716,0.043389484430832057,228.9,14.0,42073.0,25.0,0.0,Estate Lampung 01,Sumatra,4250,2010,15,2.2586117647058823,10,Oct,2025,Optimal,9.899529411764705
2025-11-01,EST001,8497.5,1659.9,425.8,False,0.19533980582524274,0.05010885554574875,278.9,19.0,34851.0,24.0,2.0,Estate Lampung 01,Sumatra,4250,2010,15,1.9994117647058824,11,Nov,2025,Optimal,8.200235294117647
2025-12-01,EST001,8566.4,1514.4,379.9,False,0.17678371311169222,0.04434768397459843,246.6,15.0,50121.0,23.0,0.0,Estate Lampung 01,Sumatra,4250,2010,15,2.015623529411765,12,Dec,2025,Optimal,11.793176470588236
2019-01-01,EST002,7271.1,1483.0,361.1,False,0.20395813563284784,0.04966236195348709,232.8,17.0,38642.0,22.0,1.0,Estate Lampung 02,Sumatra,3800,2012,7,1.9134473684210527,1,Jan,2019,Optimal,10.168947368421053
2019-02-01,EST002,6722.9,1340.5,300.0,False,0.1993931190408901,0.044623599934552054,229.5,13.0,29565.0,23.0,0.0,Estate Lampung 02,Sumatra,3800,2012,7,1.7691842105263158,2,Feb,2019,Optimal,7.780263157894737
2019-03-01,EST002,7137.5,1507.3,329.0,False,0.2111803852889667,0.046094570928196146,253.9,16.0,34611.0,26.0,1.0,Estate Lampung 02,Sumatra,3800,2012,7,1.8782894736842106,3,Mar,2019,Optimal,9.108157894736841
2019-04-01,EST002,7812.8,1573.5,424.0,False,0.20140026622977678,0.05426991603522425,217.2,15.0,47281.0,25.0,1.0,Estate Lampung 02,Sumatra,3800,2012,7,2.056,4,Apr,2019,Optimal,12.442368421052631
2019-05-01,EST002,7954.3,1571.4,407.6,False,0.19755352450875627,0.051242724061199604,184.8,15.0,37950.0,26.0,0.0,Estate Lampung 02,Sumatra,3800,2012,7,2.0932368421052634,5,May,2019,Optimal,9.986842105263158
2019-06-01,EST002,8132.6,1520.2,406.2,False,0.18692669011140348,0.0499471263802474,199.8,13.0,44488.0,25.0,0.0,Estate Lampung 02,Sumatra,3800,2012,7,2.1401578947368423,6,Jun,2019,Optimal,11.707368421052632
2019-07-01,EST002,7579.4,1524.1,412.3,False,0.20108451856347467,0.05439744570810355,202.2,11.0,42660.0,25.0,0.0,Estate Lampung 02,Sumatra,3800,2012,7,1.994578947368421,7,Jul,2019,Optimal,11.226315789473684
2019-08-01,EST002,7768.0,1639.6,407.1,False,0.21107106076210091,0.05240731204943358,204.6,16.0,39606.0,26.0,1.0,Estate Lampung 02,Sumatra,3800,2012,7,2.0442105263157893,8,Aug,2019,Optimal,10.42263157894737
2019-09-01,EST002,7424.5,1382.5,432.7,True,0.18620782544279077,0.058280018856488654,180.4,10.0,38828.0,26.0,1.0,Estate Lampung 02,Sumatra,3800,2012,7,1.9538157894736843,9,Sep,2019,Optimal,10.217894736842105
2019-10-01,EST002,7081.0,1425.5,337.8,False,0.20131337381725745,0.04770512639457704,211.8,11.0,36510.0,23.0,1.0,Estate Lampung 02,Sumatra,3800,2012,7,1.8634210526315789,10,Oct,2019,Optimal,9.607894736842105
2019-11-01,EST002,6650.5,1353.3,318.2,False,0.20348845951432223,0.04784602661454026,232.2,16.0,33837.0,26.0,0.0,Estate Lampung 02,Sumatra,3800,2012,7,1.7501315789473684,11,Nov,2019,Optimal,8.904473684210526
2019-12-01,EST002,7529.4,1424.8,327.5,False,0.18923154567429012,0.04349616171275268,223.0,14.0,35728.0,23.0,1.0,Estate Lampung 02,Sumatra,3800,2012,7,1.9814210526315787,12,Dec,2019,Optimal,9.402105263157894
2020-01-01,EST002,7041.8,1346.3,337.0,False,0.19118691243716093,0.04785708199608055,260.4,16.0,40232.0,23.0,3.0,Estate Lampung 02,Sumatra,3800,2012,8,1.8531052631578948,1,Jan,2020,Optimal,10.587368421052632
2020-02-01,EST002,6854.2,1394.5,375.8,False,0.20345189810627062,0.05482769688658049,248.5,18.0,37904.0,23.0,1.0,Estate Lampung 02,Sumatra,3800,2012,8,1.803736842105263,2,Feb,2020,Optimal,9.974736842105264
2020-03-01,EST002,8108.6,1483.9,458.1,False,0.183003231137311,0.05649557260192881,231.1,16.0,43819.0,25.0,0.0,Estate Lampung 02,Sumatra,3800,2012,8,2.133842105263158,3,Mar,2020,Optimal,11.531315789473684
2020-04-01,EST002,7881.3,1617.6,431.9,False,0.2052453275474858,0.05480060396127542,203.1,13.0,35810.0,25.0,1.0,Estate Lampung 02,Sumatra,3800,2012,8,2.0740263157894736,4,Apr,2020,Optimal,9.423684210526316
2020-05-01,EST002,7372.0,1375.4,302.5,False,0.18657080846446014,0.04103364080303852,162.6,9.0,40979.0,26.0,1.0,Estate Lampung 02,Sumatra,3800,2012,8,1.94,5,May,2020,Low,10.783947368421053
2020-06-01,EST002,7012.3,1514.3,388.6,False,0.21594911797840935,0.055416910286211374,176.5,13.0,42970.0,25.0,2.0,Estate Lampung 02,Sumatra,3800,2012,8,1.845342105263158,6,Jun,2020,Low,11.307894736842105
2020-07-01,EST002,7612.8,1750.9,310.7,False,0.2299942202606137,0.04081284153005464,167.4,12.0,38251.0,26.0,2.0,Estate Lampung 02,Sumatra,3800,2012,8,2.0033684210526315,7,Jul,2020,Low,10.066052631578948
2020-08-01,EST002,7197.6,1346.6,392.2,False,0.1870901411581638,0.054490385684116925,160.3,11.0,41572.0,25.0,0.0,Estate Lampung 02,Sumatra,3800,2012,8,1.8941052631578947,8,Aug,2020,Low,10.94
2020-09-01,EST002,7204.5,1498.6,347.0,False,0.20800888333680337,0.048164341730862655,194.0,16.0,34859.0,22.0,1.0,Estate Lampung 02,Sumatra,3800,2012,8,1.8959210526315788,9,Sep,2020,Optimal,9.173421052631578
2020-10-01,EST002,7423.4,1403.8,397.2,False,0.1891047229032519,0.053506479510736324,230.1,14.0,39089.0,22.0,2.0,Estate Lampung 02,Sumatra,3800,2012,8,1.9535263157894736,10,Oct,2020,Optimal,10.28657894736842
2020-11-01,EST002,6833.3,1473.4,296.1,False,0.21562056400275123,0.04333191869228631,289.2,17.0,32106.0,26.0,2.0,Estate Lampung 02,Sumatra,3800,2012,8,1.7982368421052632,11,Nov,2020,High,8.448947368421052
2020-12-01,EST002,7722.7,1398.0,431.4,False,0.18102477112926826,0.05586129203516905,264.0,17.0,37590.0,25.0,1.0,Estate Lampung 02,Sumatra,3800,2012,8,2.0322894736842105,12,Dec,2020,Optimal,9.892105263157895
2021-01-01,EST002,6060.9,1255.9,258.6,False,0.20721345014766787,0.042666930653863296,259.4,17.0,38724.0,25.0,4.0,Estate Lampung 02,Sumatra,3800,2012,9,1.5949736842105262,1,Jan,2021,Optimal,10.190526315789473
2021-02-01,EST002,7192.0,1344.2,335.6,False,0.18690211345939933,0.04666295884315907,240.1,16.0,37819.0,23.0,2.0,Estate Lampung 02,Sumatra,3800,2012,9,1.8926315789473684,2,Feb,2021,Optimal,9.95236842105263
2021-03-01,EST002,7052.1,1388.5,317.4,False,0.19689170601664752,0.045007869996171346,183.0,12.0,46797.0,24.0,4.0,Estate Lampung 02,Sumatra,3800,2012,9,1.8558157894736842,3,Mar,2021,Optimal,12.315
2021-04-01,EST002,7816.9,1442.5,322.3,False,0.18453606928577826,0.041231178600212366,208.3,14.0,41284.0,26.0,2.0,Estate Lampung 02,Sumatra,3800,2012,9,2.057078947368421,4,Apr,2021,Optimal,10.864210526315789
2021-05-01,EST002,7356.9,1562.1,371.3,False,0.2123312808383966,0.05046962715274097,199.5,11.0,40111.0,24.0,1.0,Estate Lampung 02,Sumatra,3800,2012,9,1.9360263157894735,5,May,2021,Optimal,10.555526315789473
2021-06-01,EST002,7517.1,1409.0,443.7,False,0.18743930505115003,0.05902542203775392,248.6,19.0,38168.0,24.0,2.0,Estate Lampung 02,Sumatra,3800,2012,9,1.9781842105263159,6,Jun,2021,Optimal,10.044210526315789
2021-07-01,EST002,7121.2,1483.2,427.3,False,0.20827950345447396,0.060003931921586255,171.2,11.0,41406.0,26.0,1.0,Estate Lampung 02,Sumatra,3800,2012,9,1.8739999999999999,7,Jul,2021,Low,10.896315789473684
2021-08-01,EST002,8055.4,1569.5,406.7,False,0.1948382451523202,0.05048787148993222,187.9,14.0,31149.0,25.0,2.0,Estate Lampung 02,Sumatra,3800,2012,9,2.119842105263158,8,Aug,2021,Optimal,8.197105263157894
2021-09-01,EST002,7664.3,1519.7,426.0,False,0.1982829482144488,0.05558237542893676,197.1,14.0,36105.0,26.0,0.0,Estate Lampung 02,Sumatra,3800,2012,9,2.016921052631579,9,Sep,2021,Optimal,9.501315789473685
2021-10-01,EST002,7400.1,1496.4,378.6,False,0.20221348360157296,0.051161470790935255,190.8,13.0,40143.0,24.0,2.0,Estate Lampung 02,Sumatra,3800,2012,9,1.9473947368421054,10,Oct,2021,Optimal,10.563947368421053
2021-11-01,EST002,7040.3,1327.6,369.6,False,0.18857150973680098,0.05249776287942275,270.6,19.0,36105.0,25.0,3.0,Estate Lampung 02,Sumatra,3800,2012,9,1.8527105263157895,11,Nov,2021,Optimal,9.501315789473685
2021-12-01,EST002,6176.1,1254.7,298.2,False,0.20315409400754522,0.04828289697381843,278.4,19.0,28947.0,22.0,2.0,Estate Lampung 02,Sumatra,3800,2012,9,1.6252894736842107,12,Dec,2021,Optimal,7.6176315789473685
2022-01-01,EST002,8808.7,1963.9,449.0,False,0.2229500380305834,0.05097233416962775,272.8,19.0,33023.0,26.0,1.0,Estate Lampung 02,Sumatra,3800,2012,10,2.3180789473684213,1,Jan,2022,Optimal,8.690263157894737
2022-02-01,EST002,8493.7,1599.6,447.5,False,0.1883278194426457,0.05268610852749685,219.3,17.0,35856.0,26.0,1.0,Estate Lampung 02,Sumatra,3800,2012,10,2.2351842105263158,2,Feb,2022,Optimal,9.43578947368421
2022-03-01,EST002,8765.0,1907.1,412.9,False,0.2175812892184826,0.04710781517398745,266.1,18.0,44646.0,25.0,0.0,Estate Lampung 02,Sumatra,3800,2012,10,2.306578947368421,3,Mar,2022,Optimal,11.748947368421053
2022-04-01,EST002,8645.9,1923.5,428.9,False,0.22247539296082539,0.04960732832903457,174.0,13.0,38011.0,22.0,0.0,Estate Lampung 02,Sumatra,3800,2012,10,2.275236842105263,4,Apr,2022,Low,10.002894736842105
2022-05-01,EST002,9214.3,1730.1,458.0,False,0.18776249959302388,0.04970534929403211,212.7,14.0,35202.0,22.0,0.0,Estate Lampung 02,Sumatra,3800,2012,10,2.424815789473684,5,May,2022,Optimal,9.263684210526316
2022-06-01,EST002,10044.7,1789.7,543.7,False,0.1781735641681683,0.05412804762710683,241.8,18.0,34537.0,25.0,1.0,Estate Lampung 02,Sumatra,3800,2012,10,2.6433421052631583,6,Jun,2022,Optimal,9.088684210526315
2022-07-01,EST002,8845.3,1809.1,395.1,False,0.20452669779430885,0.04466778967361198,151.2,9.0,38482.0,23.0,3.0,Estate Lampung 02,Sumatra,3800,2012,10,2.3277105263157893,7,Jul,2022,Low,10.126842105263158
2022-08-01,EST002,8168.6,1566.6,406.3,False,0.19178316969860196,0.04973924540312905,166.2,14.0,37647.0,26.0,3.0,Estate Lampung 02,Sumatra,3800,2012,10,2.1496315789473686,8,Aug,2022,Low,9.907105263157895
2022-09-01,EST002,8119.4,1851.5,483.6,False,0.2280340911890041,0.05956105130921004,200.5,13.0,36888.0,26.0,2.0,Estate Lampung 02,Sumatra,3800,2012,10,2.1366842105263157,9,Sep,2022,Optimal,9.707368421052632
2022-10-01,EST002,8184.2,1641.1,456.8,False,0.20052051513892621,0.055814862784389435,207.4,12.0,36786.0,24.0,1.0,Estate Lampung 02,Sumatra,3800,2012,10,2.153736842105263,10,Oct,2022,Optimal,9.680526315789473
2022-11-01,EST002,7901.6,1485.2,448.4,False,0.18796193176065606,0.056748000404981264,203.2,14.0,29646.0,25.0,1.0,Estate Lampung 02,Sumatra,3800,2012,10,2.0793684210526315,11,Nov,2022,Optimal,7.801578947368421
2022-12-01,EST002,7910.1,1445.9,396.5,False,0.1827916208391803,0.05012578854881733,261.3,16.0,31828.0,24.0,1.0,Estate Lampung 02,Sumatra,3800,2012,10,2.0816052631578947,12,Dec,2022,Optimal,8.375789473684211
2023-01-01,EST002,8181.5,1770.1,422.2,False,0.21635396932102913,0.051604229053352074,226.4,16.0,33077.0,24.0,1.0,Estate Lampung 02,Sumatra,3800,2012,11,2.153026315789474,1,Jan,2023,Optimal,8.704473684210527
2023-02-01,EST002,8414.9,1610.9,462.9,False,0.1914342416428003,0.05500956636442501,253.8,16.0,30888.0,22.0,2.0,Estate Lampung 02,Sumatra,3800,2012,11,2.2144473684210526,2,Feb,2023,Optimal,8.128421052631579
2023-03-01,EST002,9054.2,1816.8,523.3,False,0.2006582580459897,0.057796381789666666,208.0,13.0,32083.0,26.0,1.0,Estate Lampung 02,Sumatra,3800,2012,11,2.382684210526316,3,Mar,2023,Optimal,8.442894736842105
2023-04-01,EST002,8898.3,1907.2,358.1,False,0.21433307485699518,0.040243642043985936,247.7,14.0,32138.0,24.0,2.0,Estate Lampung 02,Sumatra,3800,2012,11,2.341657894736842,4,Apr,2023,Optimal,8.457368421052632
2023-05-01,EST002,8353.9,1610.1,362.7,False,0.19273632674559188,0.04341684722105843,178.4,11.0,42570.0,22.0,1.0,Estate Lampung 02,Sumatra,3800,2012,11,2.198394736842105,5,May,2023,Low,11.202631578947368
2023-06-01,EST002,8073.8,1609.2,456.6,False,0.19931135277069037,0.05655329584582229,178.9,8.0,37747.0,25.0,2.0,Estate Lampung 02,Sumatra,3800,2012,11,2.1246842105263157,6,Jun,2023,Low,9.933421052631578
2023-07-01,EST002,10551.6,2107.7,513.0,False,0.19975169642518667,0.04861821903787103,196.3,11.0,37251.0,24.0,0.0,Estate Lampung 02,Sumatra,3800,2012,11,2.7767368421052634,7,Jul,2023,Optimal,9.802894736842106
2023-08-01,EST002,8872.7,1865.5,413.8,False,0.21025167085554564,0.04663743843474928,149.6,11.0,37377.0,26.0,0.0,Estate Lampung 02,Sumatra,3800,2012,11,2.334921052631579,8,Aug,2023,Low,9.836052631578948
2023-09-01,EST002,9119.0,1904.6,398.8,False,0.20886062068209232,0.04373286544577257,203.7,15.0,37646.5,24.0,0.0,Estate Lampung 02,Sumatra,3800,2012,11,2.399736842105263,9,Sep,2023,Optimal,9.906973684210527
2023-10-01,EST002,9042.1,1778.6,427.0,False,0.19670209354021742,0.047223543203459374,252.7,17.0,37916.0,25.0,1.0,Estate Lampung 02,Sumatra,3800,2012,11,2.3795,10,Oct,2023,Optimal,9.977894736842105
2023-11-01,EST002,7972.0,1602.0,342.7,False,0.2009533366783743,0.04298795785248369,201.8,12.0,31281.0,24.0,2.0,Estate Lampung 02,Sumatra,3800,2012,11,2.0978947368421053,11,Nov,2023,Optimal,8.231842105263159
2023-12-01,EST002,7050.3,1370.7,423.0,False,0.19441725884004937,0.05999744691715246,264.2,18.0,39223.0,26.0,4.0,Estate Lampung 02,Sumatra,3800,2012,11,1.855342105263158,12,Dec,2023,Optimal,10.321842105263158
2024-01-01,EST002,8040.9,1430.0,401.1,False,0.17784078896640923,0.04988247584225647,259.5,17.0,33400.0,22.0,0.0,Estate Lampung 02,Sumatra,3800,2012,12,2.1160263157894734,1,Jan,2024,Optimal,8.789473684210526
2024-02-01,EST002,7913.5,1613.3,393.4,False,0.20386680988184747,0.049712516585581595,261.5,16.0,36253.0,26.0,1.0,Estate Lampung 02,Sumatra,3800,2012,12,2.0825,2,Feb,2024,Optimal,9.540263157894737
2024-03-01,EST002,8630.4,1971.0,456.9,False,0.22837875417130146,0.052940767519466074,200.1,16.0,39200.0,22.0,1.0,Estate Lampung 02,Sumatra,3800,2012,12,2.271157894736842,3,Mar,2024,Optimal,10.31578947368421
2024-04-01,EST002,8490.3,1585.5,465.4,False,0.18674251793222857,0.05481549532996478,176.0,13.0,45803.0,23.0,2.0,Estate Lampung 02,Sumatra,3800,2012,12,2.2342894736842105,4,Apr,2024,Low,12.05342105263158
2024-05-01,EST002,8891.3,1675.2,486.6,False,0.1884088940874788,0.05472765512354774,211.0,14.0,37274.0,26.0,1.0,Estate Lampung 02,Sumatra,3800,2012,12,2.339815789473684,5,May,2024,Optimal,9.808947368421052
2024-06-01,EST002,8951.9,1673.5,495.6,False,0.18694355388241604,0.05536254873267128,194.4,13.0,39817.0,26.0,4.0,Estate Lampung 02,Sumatra,3800,2012,12,2.355763157894737,6,Jun,2024,Optimal,10.478157894736842
2024-07-01,EST002,10176.9,2146.0,476.7,False,0.21086971474614077,0.04684137605754208,182.3,12.0,43023.0,25.0,0.0,Estate Lampung 02,Sumatra,3800,2012,12,2.6781315789473683,7,Jul,2024,Optimal,11.321842105263158
2024-08-01,EST002,9239.2,1910.0,448.2,False,0.20672785522556064,0.04851069356654255,189.1,10.0,31062.0,24.0,2.0,Estate Lampung 02,Sumatra,3800,2012,12,2.431368421052632,8,Aug,2024,Optimal,8.17421052631579
2024-09-01,EST002,8326.9,1645.6,448.4,False,0.19762456616507945,0.05384957186948324,181.0,12.0,39674.0,22.0,1.0,Estate Lampung 02,Sumatra,3800,2012,12,2.1912894736842103,9,Sep,2024,Optimal,10.440526315789473
2024-10-01,EST002,8483.4,1579.9,401.8,False,0.18623429285428014,0.0473630855553198,225.8,14.0,38663.0,22.0,1.0,Estate Lampung 02,Sumatra,3800,2012,12,2.232473684210526,10,Oct,2024,Optimal,10.174473684210525
2024-11-01,EST002,8364.2,1684.4,418.0,False,0.20138208077281747,0.049974892996341544,249.3,15.0,34325.0,25.0,0.0,Estate Lampung 02,Sumatra,3800,2012,12,2.201105263157895,11,Nov,2024,Optimal,9.032894736842104
2024-12-01,EST002,8193.0,1446.3,426.0,False,0.1765287440497986,0.05199560600512633,241.7,16.0,34224.0,25.0,1.0,Estate Lampung 02,Sumatra,3800,2012,12,2.156052631578947,12,Dec,2024,Optimal,9.006315789473684
2025-01-01,EST002,8203.5,1658.3,442.4,False,0.20214542573291888,0.053928201377460835,299.6,23.0,45261.0,24.0,0.0,Estate Lampung 02,Sumatra,3800,2012,13,2.1588157894736844,1,Jan,2025,High,11.910789473684211
2025-02-01,EST002,8135.0,1733.3,334.4,False,0.21306699446834665,0.04110633066994468,253.8,18.0,42382.0,24.0,1.0,Estate Lampung 02,Sumatra,3800,2012,13,2.1407894736842104,2,Feb,2025,Optimal,11.153157894736841
2025-03-01,EST002,9223.9,1671.7,494.2,False,0.18123570290224308,0.05357820444714275,201.2,13.0,40728.0,26.0,1.0,Estate Lampung 02,Sumatra,3800,2012,13,2.4273421052631576,3,Mar,2025,Optimal,10.717894736842105
2025-04-01,EST002,9101.6,1611.1,444.4,False,0.1770128329084996,0.04882657994198822,225.4,16.0,34655.0,23.0,1.0,Estate Lampung 02,Sumatra,3800,2012,13,2.395157894736842,4,Apr,2025,Optimal,9.119736842105263
2025-05-01,EST002,8088.5,1809.3,433.0,False,0.2236879520306608,0.05353279347221364,173.6,14.0,42652.0,24.0,3.0,Estate Lampung 02,Sumatra,3800,2012,13,2.1285526315789474,5,May,2025,Low,11.22421052631579
2025-06-01,EST002,9041.1,1905.8,538.2,False,0.21079293448806008,0.05952815475992966,206.7,15.0,45653.0,25.0,1.0,Estate Lampung 02,Sumatra,3800,2012,13,2.3792368421052634,6,Jun,2025,Optimal,12.013947368421052
2025-07-01,EST002,9993.7,2169.0,580.0,False,0.21703673314187938,0.058036563034711865,205.0,14.0,36350.5,24.0,1.0,Estate Lampung 02,Sumatra,3800,2012,13,2.629921052631579,7,Jul,2025,Optimal,9.565921052631579
2025-08-01,EST002,7658.6,1514.0,434.8,False,0.19768626119656332,0.05677277831457447,159.9,10.0,27048.0,22.0,1.0,Estate Lampung 02,Sumatra,3800,2012,13,2.015421052631579,8,Aug,2025,Low,7.117894736842105
2025-09-01,EST002,8984.6,1775.1,509.7,False,0.1975713999510273,0.05673040536028315,222.1,16.0,39613.0,23.0,2.0,Estate Lampung 02,Sumatra,3800,2012,13,2.3643684210526317,9,Sep,2025,Optimal,10.424473684210525
2025-10-01,EST002,7226.5,1492.8,413.5,False,0.20657302982079845,0.05721995433474019,230.3,16.0,29850.0,26.0,0.0,Estate Lampung 02,Sumatra,3800,2012,13,1.9017105263157894,10,Oct,2025,Optimal,7.855263157894737
2025-11-01,EST002,7602.1,1419.6,391.2,False,0.18673787506083844,0.051459465147788104,262.6,19.0,34616.0,22.0,3.0,Estate Lampung 02,Sumatra,3800,2012,13,2.0005526315789472,11,Nov,2025,Optimal,9.109473684210526
2025-12-01,EST002,7350.8,1484.8,368.7,False,0.20199161995973225,0.05015780595309354,307.0,21.0,35977.0,22.0,1.0,Estate Lampung 02,Sumatra,3800,2012,13,1.934421052631579,12,Dec,2025,High,9.467631578947369
2019-01-01,EST003,10820.1,2102.1,588.2,False,0.19427731721518285,0.05436178963225848,246.9,18.0,54093.0,23.0,0.0,Estate Sumsel 01,Sumatra,5100,2009,10,2.1215882352941176,1,Jan,2019,Optimal,10.606470588235295
2019-02-01,EST003,11559.0,2082.8,620.3,False,0.18018859762955275,0.053663811748421136,223.2,14.0,53947.0,26.0,0.0,Estate Sumsel 01,Sumatra,5100,2009,10,2.2664705882352942,2,Feb,2019,Optimal,10.577843137254902
2019-03-01,EST003,10752.1,2204.8,521.0,False,0.20505761665163086,0.04845565052408367,208.8,16.0,45124.0,25.0,1.0,Estate Sumsel 01,Sumatra,5100,2009,10,2.1082549019607844,3,Mar,2019,Optimal,8.847843137254902
2019-04-01,EST003,11513.8,2257.3,599.0,False,0.19605169448835313,0.05202452708923205,188.6,13.0,49804.0,26.0,0.0,Estate Sumsel 01,Sumatra,5100,2009,10,2.257607843137255,4,Apr,2019,Optimal,9.765490196078431
2019-05-01,EST003,11242.2,2222.0,560.1,False,0.19764814715980858,0.049821209371831134,196.1,16.0,51160.0,24.0,2.0,Estate Sumsel 01,Sumatra,5100,2009,10,2.2043529411764706,5,May,2019,Optimal,10.031372549019608
2019-06-01,EST003,11787.9,2143.6,539.1,False,0.18184748767804274,0.045733336726643425,195.5,12.0,49795.0,22.0,1.0,Estate Sumsel 01,Sumatra,5100,2009,10,2.3113529411764704,6,Jun,2019,Optimal,9.763725490196078
2019-07-01,EST003,12707.8,2844.9,717.4,False,0.22387037882245553,0.05645351673775162,182.9,15.0,47718.0,24.0,0.0,Estate Sumsel 01,Sumatra,5100,2009,10,2.491725490196078,7,Jul,2019,Optimal,9.356470588235295
2019-08-01,EST003,13080.4,2788.1,657.6,False,0.213150973976331,0.050273691936026425,201.1,14.0,46556.0,25.0,0.0,Estate Sumsel 01,Sumatra,5100,2009,10,2.56478431372549,8,Aug,2019,Optimal,9.128627450980392
2019-09-01,EST003,11342.2,2432.5,680.5,False,0.2144645659572217,0.05999717867785791,198.3,12.0,57453.0,24.0,1.0,Estate Sumsel 01,Sumatra,5100,2009,10,2.2239607843137255,9,Sep,2019,Optimal,11.26529411764706
2019-10-01,EST003,10337.4,2020.1,432.9,False,0.19541664248263588,0.04187706773463347,256.3,16.0,40292.0,26.0,0.0,Estate Sumsel 01,Sumatra,5100,2009,10,2.0269411764705882,10,Oct,2019,Optimal,7.900392156862745
2019-11-01,EST003,9383.2,1633.3,443.0,False,0.174066416574303,0.04721203853695967,235.4,15.0,43614.0,24.0,2.0,Estate Sumsel 01,Sumatra,5100,2009,10,1.839843137254902,11,Nov,2019,Optimal,8.551764705882354
2019-12-01,EST003,9250.0,2121.0,464.0,False,0.2292972972972973,0.05016216216216216,327.6,22.0,45831.0,25.0,1.0,Estate Sumsel 01,Sumatra,5100,2009,10,1.8137254901960784,12,Dec,2019,High,8.986470588235294
2020-01-01,EST003,10654.3,2121.1,593.3,False,0.19908393794054982,0.05568643646227345,268.6,19.0,58759.0,25.0,1.0,Estate Sumsel 01,Sumatra,5100,2009,11,2.089078431372549,1,Jan,2020,Optimal,11.521372549019608
2020-02-01,EST003,11526.1,2175.8,599.3,False,0.1887715706093128,0.05199503735001431,220.6,14.0,53636.0,25.0,1.0,Estate Sumsel 01,Sumatra,5100,2009,11,2.2600196078431374,2,Feb,2020,Optimal,10.51686274509804
2020-03-01,EST003,11471.2,2366.0,591.4,False,0.20625566636446055,0.051555199107329655,204.2,14.0,57311.0,26.0,1.0,Estate Sumsel 01,Sumatra,5100,2009,11,2.2492549019607844,3,Mar,2020,Optimal,11.237450980392158
2020-04-01,EST003,10245.5,2228.5,454.5,False,0.21751012639695477,0.04436093894880679,221.1,18.0,50396.0,25.0,1.0,Estate Sumsel 01,Sumatra,5100,2009,11,2.008921568627451,4,Apr,2020,Optimal,9.88156862745098
2020-05-01,EST003,9564.9,1909.7,422.9,False,0.19965707953036624,0.044213739819548556,192.4,15.0,49615.0,22.0,5.0,Estate Sumsel 01,Sumatra,5100,2009,11,1.875470588235294,5,May,2020,Optimal,9.72843137254902
2020-06-01,EST003,12616.4,2765.2,651.2,False,0.2191750420088139,0.051615357788275584,204.9,14.0,41119.0,25.0,0.0,Estate Sumsel 01,Sumatra,5100,2009,11,2.4738039215686274,6,Jun,2020,Optimal,8.062549019607843
2020-07-01,EST003,12996.0,2810.3,561.2,False,0.21624345952600801,0.04318251769775316,187.8,13.0,51868.0,24.0,1.0,Estate Sumsel 01,Sumatra,5100,2009,11,2.548235294117647,7,Jul,2020,Optimal,10.170196078431372
2020-08-01,EST003,10680.6,1963.7,505.6,False,0.1838567121697283,0.04733816452259237,178.6,12.0,55691.0,24.0,2.0,Estate Sumsel 01,Sumatra,5100,2009,11,2.094235294117647,8,Aug,2020,Low,10.919803921568628
2020-09-01,EST003,10171.7,1931.5,534.1,False,0.18988959564281288,0.052508430252563486,176.8,13.0,52718.0,24.0,1.0,Estate Sumsel 01,Sumatra,5100,2009,11,1.994450980392157,9,Sep,2020,Low,10.336862745098038
2020-10-01,EST003,12375.0,2652.7,558.0,False,0.21435959595959594,0.04509090909090909,182.1,11.0,57719.0,26.0,0.0,Estate Sumsel 01,Sumatra,5100,2009,11,2.426470588235294,10,Oct,2020,Optimal,11.317450980392158
2020-11-01,EST003,10378.4,1764.3,602.2,False,0.16999730208895397,0.05802435828258692,230.8,15.0,62312.0,24.0,2.0,Estate Sumsel 01,Sumatra,5100,2009,11,2.0349803921568625,11,Nov,2020,Optimal,12.218039215686275
2020-12-01,EST003,9942.9,1966.3,558.0,False,0.19775920506089772,0.05612044775669071,244.6,16.0,44196.0,26.0,1.0,Estate Sumsel 01,Sumatra,5100,2009,11,1.9495882352941176,12,Dec,2020,Optimal,8.665882352941177
2021-01-01,EST003,9566.2,1707.9,403.1,False,0.17853484142083587,0.04213794401120612,258.4,18.0,55132.0,26.0,1.0,Estate Sumsel 01,Sumatra,5100,2009,12,1.8757254901960785,1,Jan,2021,Optimal,10.810196078431373
2021-02-01,EST003,10154.2,1958.3,460.4,False,0.19285615804297726,0.04534084418270272,210.9,15.0,40965.0,25.0,1.0,Estate Sumsel 01,Sumatra,5100,2009,12,1.9910196078431375,2,Feb,2021,Optimal,8.032352941176471
2021-03-01,EST003,10434.0,2040.0,417.4,False,0.19551466359977,0.0400038336208549,235.3,15.0,54333.0,22.0,0.0,Estate Sumsel 01,Sumatra,5100,2009,12,2.0458823529411765,3,Mar,2021,Optimal,10.653529411764707
2021-04-01,EST003,9755.7,2266.5,536.7,False,0.23232571727297885,0.05501399182016667,218.6,17.0,48263.0,25.0,0.0,Estate Sumsel 01,Sumatra,5100,2009,12,1.9128823529411767,4,Apr,2021,Optimal,9.463333333333333
2021-05-01,EST003,9077.4,1740.3,488.7,False,0.19171789278868398,0.05383700178465199,175.9,10.0,37784.0,25.0,2.0,Estate Sumsel 01,Sumatra,5100,2009,12,1.7798823529411765,5,May,2021,Low,7.408627450980392
2021-06-01,EST003,12666.8,2324.9,607.1,False,0.18354280481258095,0.047928442858496234,190.8,11.0,44765.0,26.0,0.0,Estate Sumsel 01,Sumatra,5100,2009,12,2.483686274509804,6,Jun,2021,Optimal,8.777450980392157
2021-07-01,EST003,10513.8,2418.2,549.9,False,0.23000247294032605,0.05230268789590824,177.5,12.0,51199.0,26.0,3.0,Estate Sumsel 01,Sumatra,5100,2009,12,2.0615294117647056,7,Jul,2021,Low,10.039019607843137
2021-08-01,EST003,9997.6,2279.6,423.8,False,0.22801472353364804,0.042390173641674,151.8,12.0,51702.0,24.0,2.0,Estate Sumsel 01,Sumatra,5100,2009,12,1.9603137254901961,8,Aug,2021,Low,10.137647058823529
2021-09-01,EST003,10525.9,1921.7,568.3,False,0.18256871146410283,0.053990632629988884,206.9,16.0,50292.0,24.0,4.0,Estate Sumsel 01,Sumatra,5100,2009,12,2.063901960784314,9,Sep,2021,Optimal,9.861176470588235
2021-10-01,EST003,10143.4,2269.4,479.0,False,0.22373168759981862,0.04722282469388962,234.0,15.0,42807.0,25.0,1.0,Estate Sumsel 01,Sumatra,5100,2009,12,1.9889019607843137,10,Oct,2021,Optimal,8.393529411764705
2021-11-01,EST003,9600.0,1862.5,480.6,False,0.19401041666666666,0.0500625,269.1,20.0,37602.0,23.0,3.0,Estate Sumsel 01,Sumatra,5100,2009,12,1.8823529411764706,11,Nov,2021,Optimal,7.372941176470588
2021-12-01,EST003,9612.9,1941.2,476.2,False,0.20193698051576528,0.04953760051597333,285.9,19.0,52205.0,23.0,0.0,Estate Sumsel 01,Sumatra,5100,2009,12,1.8848823529411765,12,Dec,2021,High,10.236274509803922
2022-01-01,EST003,9901.0,1970.8,432.1,False,0.19905060094939905,0.043642056357943645,218.6,14.0,48584.0,24.0,2.0,Estate Sumsel 01,Sumatra,5100,2009,13,1.9413725490196079,1,Jan,2022,Optimal,9.52627450980392
2022-02-01,EST003,11939.6,2269.8,528.1,False,0.19010687125196826,0.04423096251130691,218.6,16.0,58248.0,23.0,1.0,Estate Sumsel 01,Sumatra,5100,2009,13,2.3410980392156864,2,Feb,2022,Optimal,11.421176470588236
2022-03-01,EST003,10489.0,2252.6,575.2,False,0.21475831823815425,0.054838402135570605,243.9,17.0,51364.0,24.0,1.0,Estate Sumsel 01,Sumatra,5100,2009,13,2.0566666666666666,3,Mar,2022,Optimal,10.071372549019609
2022-04-01,EST003,11589.0,2339.7,602.6,False,0.20188972301320215,0.05199758391578221,221.8,12.0,58299.0,26.0,0.0,Estate Sumsel 01,Sumatra,5100,2009,13,2.2723529411764707,4,Apr,2022,Optimal,11.431176470588236
2022-05-01,EST003,11192.5,2158.5,618.4,False,0.19285235648872012,0.05525128434219343,210.9,16.0,52385.0,25.0,1.0,Estate Sumsel 01,Sumatra,5100,2009,13,2.194607843137255,5,May,2022,Optimal,10.27156862745098
2022-06-01,EST003,11715.4,2113.8,604.8,False,0.18042917868788094,0.05162435768304966,283.3,21.0,50204.0,22.0,0.0,Estate Sumsel 01,Sumatra,5100,2009,13,2.2971372549019606,6,Jun,2022,High,9.84392156862745
2022-07-01,EST003,13211.4,2465.2,670.0,False,0.18659642430022555,0.05071377749519355,190.3,12.0,52087.0,25.0,0.0,Estate Sumsel 01,Sumatra,5100,2009,13,2.590470588235294,7,Jul,2022,Optimal,10.21313725490196
2022-08-01,EST003,12407.7,2176.1,513.3,False,0.1753830282808256,0.04136947218259628,208.8,15.0,45471.0,24.0,2.0,Estate Sumsel 01,Sumatra,5100,2009,13,2.4328823529411765,8,Aug,2022,Optimal,8.915882352941177
2022-09-01,EST003,13326.3,2667.7,648.3,False,0.20018309658344777,0.0486481619054051,221.9,16.0,44706.0,24.0,0.0,Estate Sumsel 01,Sumatra,5100,2009,13,2.613,9,Sep,2022,Optimal,8.765882352941176
2022-10-01,EST003,10379.9,1889.7,517.6,False,0.18205377701133924,0.049865605641672854,236.3,16.0,58748.0,25.0,0.0,Estate Sumsel 01,Sumatra,5100,2009,13,2.0352745098039215,10,Oct,2022,Optimal,11.51921568627451
2022-11-01,EST003,10289.9,2017.0,615.0,False,0.1960174540082994,0.059767344677790844,234.1,15.0,52049.0,24.0,3.0,Estate Sumsel 01,Sumatra,5100,2009,13,2.017627450980392,11,Nov,2022,Optimal,10.205686274509803
2022-12-01,EST003,10045.0,2215.4,536.8,False,0.22054753608760577,0.05343952215032354,278.6,18.0,56417.0,23.0,2.0,Estate Sumsel 01,Sumatra,5100,2009,13,1.969607843137255,12,Dec,2022,Optimal,11.062156862745098
2023-01-01,EST003,10515.2,2292.2,606.5,False,0.2179891965916007,0.057678408399269625,233.7,16.0,57687.0,23.0,1.0,Estate Sumsel 01,Sumatra,5100,2009,14,2.0618039215686275,1,Jan,2023,Optimal,11.311176470588235
2023-02-01,EST003,9513.1,1898.0,504.1,False,0.19951435389095037,0.05299008735322871,236.1,17.0,54072.0,24.0,4.0,Estate Sumsel 01,Sumatra,5100,2009,14,1.8653137254901961,2,Feb,2023,Optimal,10.60235294117647
2023-03-01,EST003,11102.5,2206.0,515.6,False,0.19869398784057646,0.04643999099301959,218.9,15.0,58608.0,24.0,1.0,Estate Sumsel 01,Sumatra,5100,2009,14,2.1769607843137253,3,Mar,2023,Optimal,11.491764705882353
2023-04-01,EST003,12482.2,2848.4,631.4,False,0.22819695246030347,0.05058403166108538,211.0,14.0,49468.0,23.0,1.0,Estate Sumsel 01,Sumatra,5100,2009,14,2.4474901960784314,4,Apr,2023,Optimal,9.699607843137255
2023-05-01,EST003,12023.8,2498.7,615.4,False,0.20781283787155475,0.05118182271827542,255.9,18.0,53504.0,24.0,2.0,Estate Sumsel 01,Sumatra,5100,2009,14,2.357607843137255,5,May,2023,Optimal,10.490980392156862
2023-06-01,EST003,10496.0,2047.6,475.5,False,0.19508384146341462,0.04530297256097561,140.3,5.0,49748.0,24.0,2.0,Estate Sumsel 01,Sumatra,5100,2009,14,2.0580392156862746,6,Jun,2023,Low,9.754509803921568
2023-07-01,EST003,13460.8,2404.2,647.2,False,0.1786075121835255,0.0480803518364436,193.2,15.0,51913.0,25.0,1.0,Estate Sumsel 01,Sumatra,5100,2009,14,2.639372549019608,7,Jul,2023,Optimal,10.179019607843138
2023-08-01,EST003,9946.0,2048.0,487.1,False,0.20591192439171527,0.048974462095314704,140.1,7.0,55707.0,22.0,1.0,Estate Sumsel 01,Sumatra,5100,2009,14,1.9501960784313725,8,Aug,2023,Low,10.922941176470589
2023-09-01,EST003,10195.5,2165.9,591.6,False,0.21243685939875437,0.05802559952920406,186.2,12.0,55968.0,23.0,3.0,Estate Sumsel 01,Sumatra,5100,2009,14,1.9991176470588234,9,Sep,2023,Optimal,10.974117647058824
2023-10-01,EST003,9640.1,1836.7,385.6,False,0.19052706922127363,0.039999585066544954,247.2,15.0,59666.0,25.0,3.0,Estate Sumsel 01,Sumatra,5100,2009,14,1.8902156862745099,10,Oct,2023,Optimal,11.69921568627451
2023-11-01,EST003,10157.7,2075.9,569.1,False,0.20436713035431248,0.05602646268348149,243.6,14.0,49342.0,22.0,1.0,Estate Sumsel 01,Sumatra,5100,2009,14,1.9917058823529412,11,Nov,2023,Optimal,9.674901960784315
2023-12-01,EST003,10279.3,1999.8,465.8,False,0.19454632124755578,0.0453143696555213,232.7,17.0,45064.0,24.0,1.0,Estate Sumsel 01,Sumatra,5100,2009,14,2.015549019607843,12,Dec,2023,Optimal,8.836078431372549
2024-01-01,EST003,10469.7,2065.0,451.7,False,0.19723583292740002,0.043143547570608516,235.1,15.0,49451.0,24.0,1.0,Estate Sumsel 01,Sumatra,5100,2009,15,2.0528823529411766,1,Jan,2024,Optimal,9.69627450980392
2024-02-01,EST003,10440.1,1774.8,583.6,False,0.16999837166310666,0.05589984770260821,259.0,18.0,46383.0,25.0,2.0,Estate Sumsel 01,Sumatra,5100,2009,15,2.047078431372549,2,Feb,2024,Optimal,9.09470588235294
2024-03-01,EST003,11087.6,2180.6,595.0,False,0.19667015404596125,0.05366355207619322,212.7,14.0,62190.0,24.0,0.0,Estate Sumsel 01,Sumatra,5100,2009,15,2.1740392156862747,3,Mar,2024,Optimal,12.194117647058823
2024-04-01,EST003,12281.9,2635.0,691.1,False,0.2145433524129003,0.0562697953899641,214.4,15.0,46359.0,26.0,0.0,Estate Sumsel 01,Sumatra,5100,2009,15,2.40821568627451,4,Apr,2024,Optimal,9.09
2024-05-01,EST003,11983.4,2283.2,647.1,False,0.1905302334896607,0.053999699584425125,199.1,13.0,41052.0,25.0,1.0,Estate Sumsel 01,Sumatra,5100,2009,15,2.349686274509804,5,May,2024,Optimal,8.049411764705882
2024-06-01,EST003,11154.1,2239.6,669.2,False,0.20078715449924242,0.05999587595592652,170.7,9.0,40900.0,22.0,1.0,Estate Sumsel 01,Sumatra,5100,2009,15,2.187078431372549,6,Jun,2024,Low,8.019607843137255
2024-07-01,EST003,11708.4,2208.9,618.1,False,0.1886594240032797,0.052791158484506856,229.6,17.0,51816.0,25.0,0.0,Estate Sumsel 01,Sumatra,5100,2009,15,2.2957647058823527,7,Jul,2024,Optimal,10.16
2024-08-01,EST003,12151.6,2496.0,598.1,False,0.20540504954080122,0.04921985582145561,196.2,12.0,53622.0,23.0,2.0,Estate Sumsel 01,Sumatra,5100,2009,15,2.3826666666666667,8,Aug,2024,Optimal,10.514117647058823
2024-09-01,EST003,11449.05,1819.0,478.1,True,0.15887781082273203,0.041758923229438256,147.4,7.0,50703.0,25.0,2.0,Estate Sumsel 01,Sumatra,5100,2009,15,2.2449117647058823,9,Sep,2024,Low,9.941764705882353
2024-10-01,EST003,10746.5,1997.9,604.1,False,0.18591169217884893,0.05621365095612525,224.7,14.0,41297.0,24.0,1.0,Estate Sumsel 01,Sumatra,5100,2009,15,2.107156862745098,10,Oct,2024,Optimal,8.097450980392157
2024-11-01,EST003,10807.0,2377.4,498.2,False,0.21998704543351533,0.04609975016193208,225.5,17.0,49051.0,24.0,1.0,Estate Sumsel 01,Sumatra,5100,2009,15,2.1190196078431374,11,Nov,2024,Optimal,9.617843137254901
2024-12-01,EST003,10456.3,1992.9,435.4,False,0.1905932308751662,0.04163996824880694,280.9,20.0,47286.0,26.0,2.0,Estate Sumsel 01,Sumatra,5100,2009,15,2.050254901960784,12,Dec,2024,High,9.271764705882353
2025-01-01,EST003,10105.6,1929.4,489.7,False,0.19092384420519315,0.048458280557314756,233.2,15.0,56930.0,26.0,2.0,Estate Sumsel 01,Sumatra,5100,2009,16,1.9814901960784315,1,Jan,2025,Optimal,11.162745098039215
2025-02-01,EST003,10093.2,2094.0,403.7,False,0.2074664130305552,0.039997225855031106,239.1,15.0,47186.0,26.0,3.0,Estate Sumsel 01,Sumatra,5100,2009,16,1.979058823529412,2,Feb,2025,Optimal,9.252156862745098
2025-03-01,EST003,9797.6,2038.5,496.6,False,0.2080611578345717,0.050685882256879235,243.6,16.0,46774.0,22.0,3.0,Estate Sumsel 01,Sumatra,5100,2009,16,1.9210980392156864,3,Mar,2025,Optimal,9.171372549019608
2025-04-01,EST003,11862.5,2486.8,481.3,False,0.20963540569020023,0.040573234984193886,230.6,18.0,45723.0,26.0,2.0,Estate Sumsel 01,Sumatra,5100,2009,16,2.325980392156863,4,Apr,2025,Optimal,8.965294117647058
2025-05-01,EST003,10953.5,1912.3,550.6,False,0.17458346647190395,0.05026703793308075,168.0,12.0,64614.0,22.0,0.0,Estate Sumsel 01,Sumatra,5100,2009,16,2.147745098039216,5,May,2025,Low,12.669411764705883
2025-06-01,EST003,11070.1,2381.2,601.4,False,0.21510194126520987,0.05432651918230187,178.6,13.0,48830.0,26.0,2.0,Estate Sumsel 01,Sumatra,5100,2009,16,2.170607843137255,6,Jun,2025,Low,9.574509803921568
2025-07-01,EST003,10757.0,2059.5,512.2,False,0.19145672585293297,0.04761550618202101,164.1,12.0,49695.0,22.0,1.0,Estate Sumsel 01,Sumatra,5100,2009,16,2.10921568627451,7,Jul,2025,Low,9.744117647058824
2025-08-01,EST003,10478.0,2039.4,611.8,False,0.1946363809887383,0.05838900553540752,164.1,11.0,45020.0,25.0,1.0,Estate Sumsel 01,Sumatra,5100,2009,16,2.054509803921569,8,Aug,2025,Low,8.827450980392157
2025-09-01,EST003,10788.8,2481.4,460.7,False,0.2299977754708587,0.04270169064214741,242.1,16.0,49095.0,25.0,2.0,Estate Sumsel 01,Sumatra,5100,2009,16,2.115450980392157,9,Sep,2025,Optimal,9.626470588235295
2025-10-01,EST003,10036.1,2052.7,561.6,False,0.20453164077679575,0.05595799165014299,230.1,15.0,38901.0,24.0,2.0,Estate Sumsel 01,Sumatra,5100,2009,16,1.9678627450980393,10,Oct,2025,Optimal,7.62764705882353
2025-11-01,EST003,9892.1,1921.1,528.0,False,0.1942054770978862,0.05337592624417464,210.5,14.0,49516.0,22.0,2.0,Estate Sumsel 01,Sumatra,5100,2009,16,1.9396274509803921,11,Nov,2025,Optimal,9.709019607843137
2025-12-01,EST003,10478.7,1781.4,434.0,False,0.1700020040653898,0.04141735138900818,282.5,19.0,59908.0,23.0,0.0,Estate Sumsel 01,Sumatra,5100,2009,16,2.0546470588235297,12,Dec,2025,High,11.746666666666666
2019-01-01,EST004,8128.4,1795.1,487.7,False,0.22084297032626346,0.059999507898233356,306.1,21.0,42543.0,24.0,0.0,Estate Jambi 01,Sumatra,4600,2011,8,1.7670434782608695,1,Jan,2019,High,9.248478260869565
2019-02-01,EST004,7353.0,1322.2,365.3,False,0.17981776145790834,0.049680402556779545,267.8,18.0,33380.0,25.0,0.0,Estate Jambi 01,Sumatra,4600,2011,8,1.5984782608695651,2,Feb,2019,Optimal,7.256521739130434
2019-03-01,EST004,8798.1,1627.2,401.3,False,0.18494902308452962,0.04561212079880883,193.0,14.0,39046.0,25.5,2.0,Estate Jambi 01,Sumatra,4600,2011,8,1.9126304347826089,3,Mar,2019,Optimal,8.488260869565217
2019-04-01,EST004,9234.8,1801.1,396.8,False,0.19503400181920563,0.04296790401524668,196.9,13.0,46740.0,26.0,0.0,Estate Jambi 01,Sumatra,4600,2011,8,2.007565217391304,4,Apr,2019,Optimal,10.160869565217391
2019-05-01,EST004,9605.3,2125.1,469.7,False,0.22124243907009672,0.04890008641062747,229.7,15.0,41039.0,23.0,2.0,Estate Jambi 01,Sumatra,4600,2011,8,2.0881086956521737,5,May,2019,Optimal,8.921521739130435
2019-06-01,EST004,7375.0,1560.5,364.1,False,0.21159322033898306,0.049369491525423734,169.3,8.0,35112.0,25.0,2.0,Estate Jambi 01,Sumatra,4600,2011,8,1.6032608695652173,6,Jun,2019,Low,7.63304347826087
2019-07-01,EST004,10683.3,2111.4,539.6,False,0.19763556204543542,0.05050873793677984,187.1,14.0,50203.0,24.0,2.0,Estate Jambi 01,Sumatra,4600,2011,8,2.3224565217391304,7,Jul,2019,Optimal,10.913695652173914
2019-08-01,EST004,10159.4,2078.9,492.8,False,0.2046282260763431,0.04850680158277064,199.8,14.0,45222.0,22.0,1.0,Estate Jambi 01,Sumatra,4600,2011,8,2.208565217391304,8,Aug,2019,Optimal,9.830869565217391
2019-09-01,EST004,8522.0,1627.7,453.1,False,0.19099976531330673,0.053168270359070645,174.8,13.0,43383.0,23.0,0.0,Estate Jambi 01,Sumatra,4600,2011,8,1.852608695652174,9,Sep,2019,Low,9.431086956521739
2019-10-01,EST004,9787.7,1978.0,470.4,False,0.2020903787406643,0.04806032060647547,218.5,10.0,55145.0,22.0,1.0,Estate Jambi 01,Sumatra,4600,2011,8,2.1277608695652175,10,Oct,2019,Optimal,11.98804347826087
2019-11-01,EST004,8240.2,1657.1,332.3,False,0.20109948787650783,0.04032669109973059,161.0,14.0,37508.0,26.0,0.0,Estate Jambi 01,Sumatra,4600,2011,8,1.7913478260869566,11,Nov,2019,Low,8.15391304347826
2019-12-01,EST004,9030.4,1937.3,444.8,False,0.21453091778880226,0.04925584691708009,234.0,15.0,54612.0,24.0,0.0,Estate Jambi 01,Sumatra,4600,2011,8,1.9631304347826086,12,Dec,2019,Optimal,11.87217391304348
2020-01-01,EST004,8536.4,1831.1,341.5,False,0.2145049435359168,0.04000515439763835,246.7,18.0,43550.0,22.0,0.0,Estate Jambi 01,Sumatra,4600,2011,9,1.8557391304347826,1,Jan,2020,Optimal,9.467391304347826
2020-02-01,EST004,8377.2,1737.5,433.7,False,0.20740820321825906,0.051771474955832494,210.8,12.0,57015.0,25.0,1.0,Estate Jambi 01,Sumatra,4600,2011,9,1.821130434782609,2,Feb,2020,Optimal,12.394565217391305
2020-03-01,EST004,8975.8,1746.4,404.8,False,0.19456761514293994,0.04509904409634796,271.8,19.0,49581.0,24.0,1.0,Estate Jambi 01,Sumatra,4600,2011,9,1.9512608695652172,3,Mar,2020,Optimal,10.778478260869566
2020-04-01,EST004,8449.7,1784.0,429.4,False,0.21113175615702331,0.050818372249902356,173.2,10.0,54063.0,25.0,1.0,Estate Jambi 01,Sumatra,4600,2011,9,1.8368913043478263,4,Apr,2020,Low,11.75282608695652
2020-05-01,EST004,10289.8,2043.8,582.1,False,0.19862387995879416,0.056570584462283045,187.0,12.0,55136.0,22.0,1.0,Estate Jambi 01,Sumatra,4600,2011,9,2.236913043478261,5,May,2020,Optimal,11.986086956521739
2020-06-01,EST004,9772.6,1795.9,442.3,False,0.1837689048973661,0.04525919407322514,199.5,16.0,45076.0,24.0,2.0,Estate Jambi 01,Sumatra,4600,2011,9,2.1244782608695654,6,Jun,2020,Optimal,9.799130434782608
2020-07-01,EST004,11273.3,2186.5,623.5,False,0.1939538555702412,0.05530767388431072,212.0,14.0,55601.0,25.0,1.0,Estate Jambi 01,Sumatra,4600,2011,9,2.4507173913043476,7,Jul,2020,Optimal,12.087173913043479
2020-08-01,EST004,8223.7,1655.2,393.4,False,0.20127193355788756,0.04783734815229154,144.5,10.0,51287.0,26.0,3.0,Estate Jambi 01,Sumatra,4600,2011,9,1.7877608695652176,8,Aug,2020,Low,11.149347826086956
2020-09-01,EST004,9051.5,1933.9,531.9,False,0.21365519527150198,0.05876374081643926,227.1,16.0,46973.0,26.0,3.0,Estate Jambi 01,Sumatra,4600,2011,9,1.9677173913043478,9,Sep,2020,Optimal,10.211521739130434
2020-10-01,EST004,9651.8,1903.8,465.0,False,0.19724818168631758,0.04817754201288879,220.3,15.0,44566.0,22.0,1.0,Estate Jambi 01,Sumatra,4600,2011,9,2.0982173913043476,10,Oct,2020,Optimal,9.688260869565218
2020-11-01,EST004,8897.4,1618.1,407.5,False,0.18186211702295052,0.045799896599006455,217.5,15.0,45726.0,24.0,1.0,Estate Jambi 01,Sumatra,4600,2011,9,1.9342173913043477,11,Nov,2020,Optimal,9.940434782608696
2020-12-01,EST004,8449.1,1697.0,451.5,False,0.2008497946526849,0.053437644246132725,271.2,19.0,38686.0,23.0,1.0,Estate Jambi 01,Sumatra,4600,2011,9,1.8367608695652176,12,Dec,2020,Optimal,8.41
2021-01-01,EST004,10046.8,2026.5,480.4,False,0.20170601584584147,0.0478162200899789,258.0,21.0,47685.0,24.0,0.0,Estate Jambi 01,Sumatra,4600,2011,10,2.184086956521739,1,Jan,2021,Optimal,10.366304347826087
2021-02-01,EST004,9729.7,1973.1,445.5,False,0.20279145297388407,0.04578763990667749,227.0,15.0,47850.0,26.0,2.0,Estate Jambi 01,Sumatra,4600,2011,10,2.1151521739130437,2,Feb,2021,Optimal,10.402173913043478
2021-03-01,EST004,10797.9,2308.6,514.1,False,0.2138008316431899,0.04761110956760111,232.7,16.0,51320.0,25.0,1.0,Estate Jambi 01,Sumatra,4600,2011,10,2.347369565217391,3,Mar,2021,Optimal,11.156521739130435
2021-04-01,EST004,11584.8,2494.0,576.7,False,0.21528209377805402,0.049780747185967825,199.4,15.0,52951.0,23.0,0.0,Estate Jambi 01,Sumatra,4600,2011,10,2.5184347826086957,4,Apr,2021,Optimal,11.511086956521739
2021-05-01,EST004,11915.4,2276.9,675.7,False,0.19108884300988638,0.05670812561894691,200.8,15.0,48721.0,22.0,1.0,Estate Jambi 01,Sumatra,4600,2011,10,2.5903043478260868,5,May,2021,Optimal,10.591521739130435
2021-06-01,EST004,12076.7,2303.7,487.0,False,0.1907557528132685,0.04032558563183651,203.6,15.0,44633.0,23.0,0.0,Estate Jambi 01,Sumatra,4600,2011,10,2.6253695652173916,6,Jun,2021,Optimal,9.702826086956522
2021-07-01,EST004,11400.7,2102.3,571.4,False,0.18440095783592236,0.05011972949029445,215.7,15.0,41968.0,22.0,1.0,Estate Jambi 01,Sumatra,4600,2011,10,2.478413043478261,7,Jul,2021,Optimal,9.123478260869565
2021-08-01,EST004,11355.0,2390.0,603.2,False,0.21047996477322764,0.05312197269925144,149.5,8.0,38937.0,23.0,1.0,Estate Jambi 01,Sumatra,4600,2011,10,2.4684782608695652,8,Aug,2021,Low,8.464565217391304
2021-09-01,EST004,9945.4,2205.2,506.9,False,0.22173064934542602,0.05096828684618014,251.3,19.0,35906.0,22.0,2.0,Estate Jambi 01,Sumatra,4600,2011,10,2.1620434782608693,9,Sep,2021,Optimal,7.805652173913043
2021-10-01,EST004,8659.6,1691.0,489.7,False,0.19527460852695275,0.05654995611806549,171.2,10.0,43959.0,22.0,1.0,Estate Jambi 01,Sumatra,4600,2011,10,1.882521739130435,10,Oct,2021,Low,9.556304347826087
2021-11-01,EST004,9724.5,1909.7,482.6,False,0.19638027662090596,0.04962723019178364,238.2,16.0,45552.0,23.0,2.0,Estate Jambi 01,Sumatra,4600,2011,10,2.114021739130435,11,Nov,2021,Optimal,9.902608695652173
2021-12-01,EST004,10604.6,2354.2,520.4,False,0.221998000867548,0.049073043773456795,274.3,17.0,53987.0,23.0,0.0,Estate Jambi 01,Sumatra,4600,2011,10,2.3053478260869564,12,Dec,2021,Optimal,11.736304347826087
2022-01-01,EST004,10679.3,2216.8,565.6,False,0.20757914844605924,0.05296227280814286,260.0,17.0,45067.0,24.5,2.0,Estate Jambi 01,Sumatra,4600,2011,11,2.321586956521739,1,Jan,2022,Optimal,9.797173913043478
2022-02-01,EST004,9990.6,2063.5,504.5,False,0.20654415150241226,0.050497467619562385,226.4,16.0,41782.0,26.0,0.0,Estate Jambi 01,Sumatra,4600,2011,11,2.171869565217391,2,Feb,2022,Optimal,9.083043478260869
2022-03-01,EST004,11081.3,2018.3,532.4,False,0.18213567000261702,0.0480449044787164,225.8,16.0,44894.0,23.0,2.0,Estate Jambi 01,Sumatra,4600,2011,11,2.408978260869565,3,Mar,2022,Optimal,9.759565217391305
2022-04-01,EST004,11943.8,2510.4,628.0,False,0.21018436343542257,0.05257958103786065,196.7,14.0,37817.0,24.0,1.0,Estate Jambi 01,Sumatra,4600,2011,11,2.596478260869565,4,Apr,2022,Optimal,8.22108695652174
2022-05-01,EST004,11120.7,2069.2,519.8,False,0.18606742381324914,0.046741661945740816,183.3,15.0,44137.0,25.0,1.0,Estate Jambi 01,Sumatra,4600,2011,11,2.41754347826087,5,May,2022,Optimal,9.595
2022-06-01,EST004,11741.7,2148.6,551.2,False,0.1829888346661897,0.0469437985981587,208.2,15.0,44927.0,22.0,1.0,Estate Jambi 01,Sumatra,4600,2011,11,2.5525434782608696,6,Jun,2022,Optimal,9.766739130434782
2022-07-01,EST004,10997.8,2142.4,520.9,False,0.194802596883013,0.047364018258197096,184.9,12.0,45831.0,22.0,3.0,Estate Jambi 01,Sumatra,4600,2011,11,2.3908260869565217,7,Jul,2022,Optimal,9.963260869565218
2022-08-01,EST004,10591.3,2025.2,601.2,False,0.1912135431911097,0.05676357009998773,163.1,12.0,46186.0,25.0,0.0,Estate Jambi 01,Sumatra,4600,2011,11,2.3024565217391304,8,Aug,2022,Low,10.040434782608695
2022-09-01,EST004,11290.8,2220.6,451.6,False,0.19667339781060686,0.039997165834130446,220.5,16.0,52587.0,26.0,2.0,Estate Jambi 01,Sumatra,4600,2011,11,2.454521739130435,9,Sep,2022,Optimal,11.43195652173913
2022-10-01,EST004,11128.2,1985.1,578.4,False,0.1783846444168868,0.0519760608184612,227.7,13.0,57024.0,25.0,2.0,Estate Jambi 01,Sumatra,4600,2011,11,2.4191739130434784,10,Oct,2022,Optimal,12.396521739130435
2022-11-01,EST004,10762.2,2307.2,540.0,False,0.21437995948783703,0.050175614651279475,262.3,18.0,49503.0,23.0,1.0,Estate Jambi 01,Sumatra,4600,2011,11,2.339608695652174,11,Nov,2022,Optimal,10.761521739130435
2022-12-01,EST004,9517.1,2064.4,395.9,False,0.21691481648821595,0.04159880635907997,275.3,19.0,49713.0,25.0,1.0,Estate Jambi 01,Sumatra,4600,2011,11,2.0689347826086957,12,Dec,2022,Optimal,10.807173913043478
2023-01-01,EST004,8872.6,1515.4,457.4,False,0.17079548272208822,0.05155196898316164,232.3,15.0,46634.0,22.0,2.0,Estate Jambi 01,Sumatra,4600,2011,12,1.928826086956522,1,Jan,2023,Optimal,10.137826086956522
2023-02-01,EST004,10037.1,2154.7,525.7,False,0.21467356108836216,0.05237568620418249,228.0,17.0,42235.0,25.0,2.0,Estate Jambi 01,Sumatra,4600,2011,12,2.1819782608695655,2,Feb,2023,Optimal,9.181521739130435
2023-03-01,EST004,11002.9,2066.8,582.6,False,0.18784138727062868,0.052949676903361845,249.7,16.0,41664.0,24.0,1.0,Estate Jambi 01,Sumatra,4600,2011,12,2.3919347826086956,3,Mar,2023,Optimal,9.057391304347826
2023-04-01,EST004,11591.7,2467.3,463.7,False,0.21285057411768765,0.04000276059594365,224.3,15.0,39196.0,23.0,0.0,Estate Jambi 01,Sumatra,4600,2011,12,2.5199347826086957,4,Apr,2023,Optimal,8.52086956521739
2023-05-01,EST004,11294.1,2247.2,641.9,False,0.19897114422574616,0.05683498463799683,197.5,13.0,45941.0,25.0,1.0,Estate Jambi 01,Sumatra,4600,2011,12,2.4552391304347827,5,May,2023,Optimal,9.987173913043478
2023-06-01,EST004,12288.3,2463.0,569.1,False,0.20043455970313226,0.046312345889992924,189.9,13.0,48086.0,22.0,0.0,Estate Jambi 01,Sumatra,4600,2011,12,2.671369565217391,6,Jun,2023,Optimal,10.453478260869565
2023-07-01,EST004,11389.2,2527.4,684.7,True,0.22191198679450708,0.06011835774242265,207.9,12.0,38581.0,23.0,2.0,Estate Jambi 01,Sumatra,4600,2011,12,2.4759130434782612,7,Jul,2023,Optimal,8.387173913043478
2023-08-01,EST004,10490.1,2288.8,563.4,False,0.2181866712424095,0.0537077816226728,165.6,9.0,52097.0,22.0,3.0,Estate Jambi 01,Sumatra,4600,2011,12,2.2804565217391306,8,Aug,2023,Low,11.325434782608696
2023-09-01,EST004,11100.4,2013.7,506.4,False,0.18140787719361465,0.045619977658462756,211.7,17.0,55133.0,26.0,2.0,Estate Jambi 01,Sumatra,4600,2011,12,2.413130434782609,9,Sep,2023,Optimal,11.985434782608696
2023-10-01,EST004,10365.2,2167.5,552.5,False,0.20911318643152085,0.05330336124725041,214.9,13.0,47712.0,24.0,1.0,Estate Jambi 01,Sumatra,4600,2011,12,2.253304347826087,10,Oct,2023,Optimal,10.37217391304348
2023-11-01,EST004,10378.7,2247.2,498.9,False,0.21652037345717667,0.04806960409299815,236.6,14.0,47694.0,26.0,0.0,Estate Jambi 01,Sumatra,4600,2011,12,2.256239130434783,11,Nov,2023,Optimal,10.368260869565217
2023-12-01,EST004,9983.0,2103.9,399.3,False,0.21074827206250626,0.03999799659421016,287.1,16.0,49198.0,24.0,1.0,Estate Jambi 01,Sumatra,4600,2011,12,2.1702173913043477,12,Dec,2023,High,10.695217391304348
2024-01-01,EST004,10007.0,2301.6,558.8,False,0.22999900069951035,0.05584091136204656,273.6,17.0,40867.0,25.0,1.0,Estate Jambi 01,Sumatra,4600,2011,13,2.1754347826086957,1,Jan,2024,Optimal,8.884130434782609
2024-02-01,EST004,10037.8,1927.9,463.0,False,0.1920639980872303,0.0461256450616669,262.3,16.0,48181.0,23.0,2.0,Estate Jambi 01,Sumatra,4600,2011,13,2.1821304347826085,2,Feb,2024,Optimal,10.474130434782609
2024-03-01,EST004,10039.6,2152.1,459.1,False,0.21436112992549503,0.04572891350252998,263.6,20.0,40176.0,25.0,3.0,Estate Jambi 01,Sumatra,4600,2011,13,2.182521739130435,3,Mar,2024,Optimal,8.73391304347826
2024-04-01,EST004,12247.1,2429.9,587.7,False,0.19840615329343272,0.047986870361146725,209.5,15.0,53022.0,24.0,1.0,Estate Jambi 01,Sumatra,4600,2011,13,2.662413043478261,4,Apr,2024,Optimal,11.526521739130434
2024-05-01,EST004,12606.7,2754.6,647.5,False,0.21850285959053517,0.05136157757382979,215.0,13.0,40415.0,24.0,1.0,Estate Jambi 01,Sumatra,4600,2011,13,2.740586956521739,5,May,2024,Optimal,8.785869565217391
2024-06-01,EST004,11094.4,2217.6,551.5,False,0.19988462647822325,0.049709763484280356,179.2,15.0,54479.0,24.0,1.0,Estate Jambi 01,Sumatra,4600,2011,13,2.4118260869565216,6,Jun,2024,Low,11.843260869565217
2024-07-01,EST004,13094.8,2542.8,690.6,False,0.19418395088126586,0.052738491614992215,184.1,14.0,54876.0,22.0,0.0,Estate Jambi 01,Sumatra,4600,2011,13,2.846695652173913,7,Jul,2024,Optimal,11.929565217391305
2024-08-01,EST004,10451.9,2295.1,452.6,False,0.21958686937303265,0.04330313148805481,177.1,11.0,38473.0,23.0,1.0,Estate Jambi 01,Sumatra,4600,2011,13,2.2721521739130432,8,Aug,2024,Low,8.363695652173913
2024-09-01,EST004,9831.9,1893.9,455.1,False,0.1926280779910292,0.04628810301162543,200.4,10.0,43028.0,25.0,1.0,Estate Jambi 01,Sumatra,4600,2011,13,2.137369565217391,9,Sep,2024,Optimal,9.353913043478261
2024-10-01,EST004,11027.2,1971.8,545.0,False,0.17881239117817757,0.04942324434126523,234.9,19.0,49468.0,25.0,1.0,Estate Jambi 01,Sumatra,4600,2011,13,2.397217391304348,10,Oct,2024,Optimal,10.753913043478262
2024-11-01,EST004,10010.9,1924.6,595.5,False,0.1922504470127561,0.05948516117431999,221.5,13.0,46494.0,26.0,2.0,Estate Jambi 01,Sumatra,4600,2011,13,2.176282608695652,11,Nov,2024,Optimal,10.107391304347827
2024-12-01,EST004,9425.5,1972.6,465.9,False,0.20928332714444856,0.04942973847541244,311.9,18.0,48567.0,24.0,1.0,Estate Jambi 01,Sumatra,4600,2011,13,2.049021739130435,12,Dec,2024,High,10.558043478260869
2025-01-01,EST004,9740.3,2151.4,539.9,False,0.220876153711898,0.055429504224715875,227.8,17.0,47860.0,24.0,1.0,Estate Jambi 01,Sumatra,4600,2011,14,2.1174565217391303,1,Jan,2025,Optimal,10.404347826086957
2025-02-01,EST004,9854.6,1987.3,494.6,False,0.20166216792157976,0.05018975909727437,211.6,18.0,43130.0,24.0,2.0,Estate Jambi 01,Sumatra,4600,2011,14,2.1423043478260873,2,Feb,2025,Optimal,9.376086956521739
2025-03-01,EST004,10893.2,2394.0,518.3,False,0.21977013182535893,0.04758014173980097,260.0,19.0,43487.0,25.0,0.0,Estate Jambi 01,Sumatra,4600,2011,14,2.3680869565217395,3,Mar,2025,Optimal,9.453695652173913
2025-04-01,EST004,11732.9,2107.6,572.2,False,0.17963163412285113,0.04876884657672017,228.8,16.0,39927.0,26.0,1.0,Estate Jambi 01,Sumatra,4600,2011,14,2.5506304347826085,4,Apr,2025,Optimal,8.679782608695652
2025-05-01,EST004,10975.4,2122.1,539.5,False,0.19335058403338376,0.049155383858447074,213.6,15.0,49980.0,22.0,2.0,Estate Jambi 01,Sumatra,4600,2011,14,2.3859565217391303,5,May,2025,Optimal,10.865217391304348
2025-06-01,EST004,13146.8,2572.5,697.0,False,0.19567499315422765,0.05301670368454681,202.7,15.0,45519.0,23.0,1.0,Estate Jambi 01,Sumatra,4600,2011,14,2.8579999999999997,6,Jun,2025,Optimal,9.895434782608696
2025-07-01,EST004,10662.3,2114.1,606.4,False,0.19827804507470245,0.05687328250002345,175.7,13.0,46982.0,22.0,2.0,Estate Jambi 01,Sumatra,4600,2011,14,2.317891304347826,7,Jul,2025,Low,10.213478260869564
2025-08-01,EST004,10017.7,2016.2,518.9,False,0.20126376313924352,0.05179831697894726,158.0,11.0,46584.0,25.0,0.0,Estate Jambi 01,Sumatra,4600,2011,14,2.1777608695652177,8,Aug,2025,Low,10.12695652173913
2025-09-01,EST004,11090.9,2333.1,620.4,False,0.21036164783741626,0.055937750768648174,199.9,13.0,48535.0,24.0,1.0,Estate Jambi 01,Sumatra,4600,2011,14,2.4110652173913043,9,Sep,2025,Optimal,10.55108695652174
2025-10-01,EST004,10548.4,2039.3,476.5,False,0.19332789806984946,0.04517272761745857,203.1,13.0,48678.0,23.0,0.0,Estate Jambi 01,Sumatra,4600,2011,14,2.2931304347826087,10,Oct,2025,Optimal,10.582173913043478
2025-11-01,EST004,9449.5,1909.6,452.9,False,0.20208476638975606,0.04792846182337689,266.4,17.0,56921.0,25.0,1.0,Estate Jambi 01,Sumatra,4600,2011,14,2.0542391304347825,11,Nov,2025,Optimal,12.374130434782609
2025-12-01,EST004,10677.6,2128.3,495.2,False,0.19932381808646138,0.04637746310032217,255.9,17.0,45656.0,25.0,1.0,Estate Jambi 01,Sumatra,4600,2011,14,2.321217391304348,12,Dec,2025,Optimal,9.925217391304347
2019-01-01,EST005,12224.3,2275.1,630.4,False,0.1861129062604812,0.05156941501762882,232.4,13.0,59043.0,25.0,0.0,Estate Riau 01,Sumatra,5500,2008,11,2.2226,1,Jan,2019,Optimal,10.735090909090909
2019-02-01,EST005,12379.2,2454.7,596.7,False,0.1982922967558485,0.04820182241178751,234.0,15.0,60077.0,23.0,0.0,Estate Riau 01,Sumatra,5500,2008,11,2.2507636363636365,2,Feb,2019,Optimal,10.92309090909091
2019-03-01,EST005,12784.2,2529.3,685.9,False,0.19784577838269113,0.05365216439041942,241.3,15.0,56506.0,23.0,0.0,Estate Riau 01,Sumatra,5500,2008,11,2.3244000000000002,3,Mar,2019,Optimal,10.273818181818182
2019-04-01,EST005,12320.4,2433.6,558.7,False,0.1975260543488848,0.04534755365085549,194.9,11.0,64596.0,26.0,1.0,Estate Riau 01,Sumatra,5500,2008,11,2.240072727272727,4,Apr,2019,Optimal,11.744727272727273
2019-05-01,EST005,11478.5,2301.2,576.4,False,0.20047915668423574,0.05021562050790608,177.4,12.0,49219.0,26.0,0.0,Estate Riau 01,Sumatra,5500,2008,11,2.087,5,May,2019,Low,8.94890909090909
2019-06-01,EST005,14145.6,2845.2,755.9,False,0.20113674923651167,0.05343711118651736,179.75,15.0,49725.0,22.0,1.0,Estate Riau 01,Sumatra,5500,2008,11,2.571927272727273,6,Jun,2019,Low,9.040909090909091
2019-07-01,EST005,13029.2,2521.4,521.2,False,0.19351917232063365,0.0400024560218586,182.1,14.0,66183.0,23.0,3.0,Estate Riau 01,Sumatra,5500,2008,11,2.3689454545454547,7,Jul,2019,Optimal,12.033272727272728
2019-08-01,EST005,10654.4,2334.3,639.3,False,0.219092581468689,0.06000337888571857,167.7,9.0,50141.0,23.0,0.0,Estate Riau 01,Sumatra,5500,2008,11,1.9371636363636362,8,Aug,2019,Low,9.116545454545454
2019-09-01,EST005,13084.7,2387.4,635.7,False,0.1824573738794164,0.04858346007168678,186.2,11.0,64581.0,23.0,1.0,Estate Riau 01,Sumatra,5500,2008,11,2.379036363636364,9,Sep,2019,Optimal,11.742
2019-10-01,EST005,11873.6,2246.3,474.9,False,0.18918440910928447,0.03999629429995957,225.8,16.0,67877.0,26.0,3.0,Estate Riau 01,Sumatra,5500,2008,11,2.1588363636363637,10,Oct,2019,Optimal,12.341272727272727
2019-11-01,EST005,11714.0,2694.2,595.0,False,0.2299982926412839,0.05079392180297081,205.8,12.0,46252.0,25.0,1.0,Estate Riau 01,Sumatra,5500,2008,11,2.1298181818181816,11,Nov,2019,Optimal,8.409454545454546
2019-12-01,EST005,12149.4,2240.7,609.5,False,0.18442886068447822,0.05016708644048266,220.4,15.0,66897.0,24.0,1.0,Estate Riau 01,Sumatra,5500,2008,11,2.208981818181818,12,Dec,2019,Optimal,12.16309090909091
2020-01-01,EST005,11881.0,2134.9,589.2,False,0.1796902617624779,0.04959178520326572,235.0,16.0,59282.0,23.5,1.0,Estate Riau 01,Sumatra,5500,2008,12,2.160181818181818,1,Jan,2020,Optimal,10.778545454545455
2020-02-01,EST005,11908.4,2512.9,654.4,False,0.21101911255920192,0.05495280642235733,236.7,14.0,58056.0,23.0,1.0,Estate Riau 01,Sumatra,5500,2008,12,2.165163636363636,2,Feb,2020,Optimal,10.555636363636363
2020-03-01,EST005,12765.4,2170.1,686.0,False,0.1699985899384273,0.05373901327024613,238.8,16.0,58505.0,26.0,2.0,Estate Riau 01,Sumatra,5500,2008,12,2.320981818181818,3,Mar,2020,Optimal,10.637272727272727
2020-04-01,EST005,12920.55,2402.8,629.7,False,0.18596731563284846,0.04873631540453,245.9,14.0,67745.0,22.0,1.0,Estate Riau 01,Sumatra,5500,2008,12,2.349190909090909,4,Apr,2020,Optimal,12.317272727272726
2020-05-01,EST005,13075.7,3007.4,683.2,False,0.2299991587448473,0.052249592756028355,219.4,14.0,44742.0,23.0,2.0,Estate Riau 01,Sumatra,5500,2008,12,2.3774,5,May,2020,Optimal,8.13490909090909
2020-06-01,EST005,13999.6,2475.5,692.7,False,0.17682648075659305,0.049479985142432646,183.0,13.0,54556.0,22.0,1.0,Estate Riau 01,Sumatra,5500,2008,12,2.545381818181818,6,Jun,2020,Optimal,9.919272727272727
2020-07-01,EST005,10867.9,1850.5,639.9,False,0.17027208568352672,0.058879820388483516,175.5,9.0,58091.0,23.0,3.0,Estate Riau 01,Sumatra,5500,2008,12,1.975981818181818,7,Jul,2020,Low,10.562
2020-08-01,EST005,11146.6,1978.7,474.9,False,0.1775160138517575,0.04260491988588448,155.3,11.0,64582.0,26.0,2.0,Estate Riau 01,Sumatra,5500,2008,12,2.0266545454545457,8,Aug,2020,Low,11.742181818181818
2020-09-01,EST005,12251.3,2615.4,621.1,False,0.2134793858610923,0.05069666076253133,197.5,13.0,56812.0,25.0,1.0,Estate Riau 01,Sumatra,5500,2008,12,2.227509090909091,9,Sep,2020,Optimal,10.329454545454546
2020-10-01,EST005,11418.5,2476.3,574.6,False,0.21686736436484655,0.050321846126899335,212.8,15.0,50555.0,24.0,2.0,Estate Riau 01,Sumatra,5500,2008,12,2.076090909090909,10,Oct,2020,Optimal,9.191818181818181
2020-11-01,EST005,11311.9,2262.3,636.0,False,0.19999292780169559,0.05622397652030163,250.1,17.0,51851.0,22.0,2.0,Estate Riau 01,Sumatra,5500,2008,12,2.056709090909091,11,Nov,2020,Optimal,9.427454545454545
2020-12-01,EST005,11205.3,2355.9,513.0,False,0.2102487215871061,0.045781906776257666,238.9,18.0,48261.0,26.0,0.0,Estate Riau 01,Sumatra,5500,2008,12,2.0373272727272727,12,Dec,2020,Optimal,8.774727272727272
2021-01-01,EST005,11461.8,2531.4,473.2,False,0.22085536303198453,0.04128496396726518,266.0,18.0,62832.0,25.0,1.0,Estate Riau 01,Sumatra,5500,2008,13,2.0839636363636362,1,Jan,2021,Optimal,11.424
2021-02-01,EST005,10909.8,2474.5,554.0,False,0.22681442372912428,0.05078003263121231,280.3,18.0,44869.0,26.0,0.0,Estate Riau 01,Sumatra,5500,2008,13,1.9835999999999998,2,Feb,2021,High,8.158
2021-03-01,EST005,13053.8,2562.5,671.0,False,0.19630299223214698,0.05140265669766658,228.3,15.0,50157.0,22.0,1.0,Estate Riau 01,Sumatra,5500,2008,13,2.373418181818182,3,Mar,2021,Optimal,9.119454545454545
2021-04-01,EST005,13583.2,2309.1,780.3,False,0.16999676070439954,0.05744596265975616,219.0,15.0,67944.0,24.0,0.0,Estate Riau 01,Sumatra,5500,2008,13,2.4696727272727275,4,Apr,2021,Optimal,12.353454545454545
2021-05-01,EST005,11675.0,2191.2,509.6,False,0.1876830835117773,0.043648822269807284,215.3,14.0,42886.0,26.0,1.0,Estate Riau 01,Sumatra,5500,2008,13,2.1227272727272726,5,May,2021,Optimal,7.797454545454546
2021-06-01,EST005,11670.6,2259.4,650.9,False,0.19359758709920655,0.055772625229208436,177.0,12.0,66359.0,23.0,3.0,Estate Riau 01,Sumatra,5500,2008,13,2.1219272727272727,6,Jun,2021,Low,12.065272727272728
2021-07-01,EST005,14640.5,2871.2,878.4,False,0.19611352071309038,0.059997950889655406,181.6,11.0,64644.0,25.0,3.0,Estate Riau 01,Sumatra,5500,2008,13,2.661909090909091,7,Jul,2021,Optimal,11.753454545454545
2021-08-01,EST005,12891.6,2542.0,620.2,False,0.19718266157808184,0.04810884607030935,180.7,11.0,60653.0,26.0,3.0,Estate Riau 01,Sumatra,5500,2008,13,2.3439272727272726,8,Aug,2021,Optimal,11.027818181818182
2021-09-01,EST005,13563.0,2940.2,590.6,False,0.21678094816780946,0.04354493843544938,200.4,11.0,47809.0,25.0,1.0,Estate Riau 01,Sumatra,5500,2008,13,2.466,9,Sep,2021,Optimal,8.692545454545455
2021-10-01,EST005,12561.5,2752.4,602.5,False,0.2191139593201449,0.047964017036181986,200.7,16.0,47598.0,23.0,0.0,Estate Riau 01,Sumatra,5500,2008,13,2.283909090909091,10,Oct,2021,Optimal,8.654181818181819
2021-11-01,EST005,12003.5,2369.8,601.0,False,0.19742575082267674,0.050068729953763484,242.6,14.0,66144.0,24.0,1.0,Estate Riau 01,Sumatra,5500,2008,13,2.1824545454545454,11,Nov,2021,Optimal,12.026181818181819
2021-12-01,EST005,13188.2,2854.9,696.6,False,0.21647381750352587,0.052819945102440057,272.0,17.0,62363.0,24.0,1.0,Estate Riau 01,Sumatra,5500,2008,13,2.3978545454545457,12,Dec,2021,Optimal,11.338727272727272
2022-01-01,EST005,10586.3,2174.1,498.0,False,0.20536920359332345,0.04704193155304497,289.3,18.0,63340.0,23.0,1.0,Estate Riau 01,Sumatra,5500,2008,14,1.9247818181818181,1,Jan,2022,High,11.516363636363636
2022-02-01,EST005,11252.3,2261.3,650.1,False,0.20096335860224135,0.057774854918549993,266.0,19.0,50305.0,25.0,2.0,Estate Riau 01,Sumatra,5500,2008,14,2.045872727272727,2,Feb,2022,Optimal,9.146363636363636
2022-03-01,EST005,11104.8,2372.0,493.4,False,0.21360132555291406,0.044431236942583385,284.8,19.0,58327.0,26.0,0.0,Estate Riau 01,Sumatra,5500,2008,14,2.019054545454545,3,Mar,2022,High,10.604909090909091
2022-04-01,EST005,13673.8,2749.6,564.8,False,0.20108528719156343,0.041305269932279245,189.8,15.0,59438.0,23.0,0.0,Estate Riau 01,Sumatra,5500,2008,14,2.486145454545454,4,Apr,2022,Optimal,10.806909090909091
2022-05-01,EST005,14384.3,3308.4,798.8,False,0.23000076472264902,0.05553276836550962,219.8,14.0,62087.0,22.0,2.0,Estate Riau 01,Sumatra,5500,2008,14,2.6153272727272725,5,May,2022,Optimal,11.288545454545455
2022-06-01,EST005,14489.0,2799.1,627.5,True,0.1931879356753399,0.04330871695769204,191.6,13.0,65982.0,25.0,0.0,Estate Riau 01,Sumatra,5500,2008,14,2.6343636363636365,6,Jun,2022,Optimal,11.996727272727274
2022-07-01,EST005,14593.7,2806.0,714.8,False,0.19227474869292913,0.04898003933204053,230.7,14.0,64372.0,24.0,3.0,Estate Riau 01,Sumatra,5500,2008,14,2.6534,7,Jul,2022,Optimal,11.704
2022-08-01,EST005,12078.1,2392.7,724.7,False,0.1981023505352663,0.0600011591227097,160.2,14.0,54970.0,23.0,0.0,Estate Riau 01,Sumatra,5500,2008,14,2.196018181818182,8,Aug,2022,Low,9.994545454545454
2022-09-01,EST005,11227.4,2319.5,560.7,False,0.20659279975773553,0.04994032456312237,177.0,10.0,50515.0,24.0,0.0,Estate Riau 01,Sumatra,5500,2008,14,2.0413454545454544,9,Sep,2022,Low,9.184545454545454
2022-10-01,EST005,11392.0,2495.1,505.8,False,0.21902212078651684,0.044399578651685395,205.0,14.0,53275.0,25.0,0.0,Estate Riau 01,Sumatra,5500,2008,14,2.0712727272727274,10,Oct,2022,Optimal,9.686363636363636
2022-11-01,EST005,13148.2,2624.8,653.6,False,0.1996318887756499,0.04971022649488143,188.9,14.0,44942.0,24.0,0.0,Estate Riau 01,Sumatra,5500,2008,14,2.3905818181818184,11,Nov,2022,Optimal,8.171272727272727
2022-12-01,EST005,11831.6,2113.9,588.6,False,0.17866560735657055,0.04974813212076135,246.5,17.0,53873.0,23.0,0.0,Estate Riau 01,Sumatra,5500,2008,14,2.1512000000000002,12,Dec,2022,Optimal,9.79509090909091
2023-01-01,EST005,11518.7,2449.3,585.2,False,0.21263684269926295,0.050804344240235444,234.0,15.0,57071.0,25.0,0.0,Estate Riau 01,Sumatra,5500,2008,15,2.094309090909091,1,Jan,2023,Optimal,10.376545454545454
2023-02-01,EST005,12215.5,2581.4,651.2,False,0.2113216814702632,0.05330932012606934,236.75,16.0,47393.0,22.0,2.0,Estate Riau 01,Sumatra,5500,2008,15,2.221,2,Feb,2023,Optimal,8.616909090909092
2023-03-01,EST005,11459.5,1958.1,513.4,False,0.17087132946463632,0.044801256599328064,239.5,16.0,52746.0,23.0,2.0,Estate Riau 01,Sumatra,5500,2008,15,2.0835454545454546,3,Mar,2023,Optimal,9.590181818181819
2023-04-01,EST005,12984.6,2596.2,758.8,False,0.19994454969733375,0.0584384578654714,255.9,17.0,47518.0,26.0,1.0,Estate Riau 01,Sumatra,5500,2008,15,2.3608363636363636,4,Apr,2023,Optimal,8.639636363636363
2023-05-01,EST005,13495.6,2377.2,691.3,False,0.17614629953466313,0.05122410267050001,221.8,16.0,61916.0,23.0,1.0,Estate Riau 01,Sumatra,5500,2008,15,2.4537454545454547,5,May,2023,Optimal,11.257454545454545
2023-06-01,EST005,12764.4,2425.6,684.6,False,0.19002851681238445,0.05363354329228166,172.6,15.0,66659.0,25.0,1.0,Estate Riau 01,Sumatra,5500,2008,15,2.3207999999999998,6,Jun,2023,Low,12.119818181818182
2023-07-01,EST005,11237.0,2095.2,526.6,False,0.18645545964225324,0.04686304173711845,182.65,9.0,39825.0,23.0,0.0,Estate Riau 01,Sumatra,5500,2008,15,2.043090909090909,7,Jul,2023,Optimal,7.240909090909091
2023-08-01,EST005,13093.1,2777.6,738.9,False,0.21214227341118602,0.05643430509199502,192.7,11.0,64048.0,22.0,1.0,Estate Riau 01,Sumatra,5500,2008,15,2.3805636363636364,8,Aug,2023,Optimal,11.645090909090909
2023-09-01,EST005,10044.5,2026.5,489.3,False,0.20175220269799393,0.048713226143660714,165.0,11.0,56166.0,22.0,5.0,Estate Riau 01,Sumatra,5500,2008,15,1.8262727272727273,9,Sep,2023,Low,10.212
2023-10-01,EST005,12101.4,2186.9,621.9,False,0.18071462805956337,0.051390748177896774,265.8,22.0,47679.0,26.0,3.0,Estate Riau 01,Sumatra,5500,2008,15,2.2002545454545452,10,Oct,2023,Optimal,8.668909090909091
2023-11-01,EST005,11022.3,2350.0,499.7,False,0.21320414069658783,0.045335365577057425,271.5,17.0,46574.0,24.0,3.0,Estate Riau 01,Sumatra,5500,2008,15,2.0040545454545455,11,Nov,2023,Optimal,8.468
2023-12-01,EST005,12008.6,2143.4,540.6,False,0.17848874972936063,0.04501773728827674,247.9,19.0,54451.0,25.0,0.0,Estate Riau 01,Sumatra,5500,2008,15,2.183381818181818,12,Dec,2023,Optimal,9.900181818181817
2024-01-01,EST005,11348.5,2325.9,606.5,False,0.20495219632550557,0.053443186324183815,210.2,17.0,66876.0,25.0,1.0,Estate Riau 01,Sumatra,5500,2008,16,2.0633636363636363,1,Jan,2024,Optimal,12.159272727272727
2024-02-01,EST005,11897.4,2234.2,568.5,False,0.18778892867349167,0.047783549346916136,275.8,18.0,64240.0,24.0,2.0,Estate Riau 01,Sumatra,5500,2008,16,2.1631636363636364,2,Feb,2024,Optimal,11.68
2024-03-01,EST005,11976.3,2329.6,547.7,False,0.1945175054065112,0.04573198734166647,228.1,16.0,44054.0,22.0,1.0,Estate Riau 01,Sumatra,5500,2008,16,2.1775090909090906,3,Mar,2024,Optimal,8.009818181818181
2024-04-01,EST005,12862.7,2669.8,601.8,False,0.20756139846222021,0.04678644452564391,239.9,18.0,45260.0,22.0,2.0,Estate Riau 01,Sumatra,5500,2008,16,2.3386727272727272,4,Apr,2024,Optimal,8.229090909090909
2024-05-01,EST005,11487.0,2387.2,614.5,False,0.20781753286323668,0.05349525550622443,158.1,10.0,52668.0,23.0,1.0,Estate Riau 01,Sumatra,5500,2008,16,2.0885454545454545,5,May,2024,Low,9.576
2024-06-01,EST005,11988.6,2638.1,561.7,False,0.22005071484577013,0.04685284353469129,172.0,11.0,49356.0,26.0,2.0,Estate Riau 01,Sumatra,5500,2008,16,2.1797454545454547,6,Jun,2024,Low,8.973818181818181
2024-07-01,EST005,12876.4,2559.4,636.2,False,0.19876673604423598,0.04940821968873288,176.1,11.0,49591.0,26.0,1.0,Estate Riau 01,Sumatra,5500,2008,16,2.3411636363636363,7,Jul,2024,Low,9.016545454545454
2024-08-01,EST005,13683.6,2799.6,685.2,False,0.20459528194334822,0.050074541787248975,181.6,11.0,48279.0,26.0,2.0,Estate Riau 01,Sumatra,5500,2008,16,2.4879272727272728,8,Aug,2024,Optimal,8.778
2024-09-01,EST005,12899.7,2495.2,521.3,False,0.19343085498112356,0.040411792522306714,186.7,11.0,57364.0,23.0,1.0,Estate Riau 01,Sumatra,5500,2008,16,2.3454,9,Sep,2024,Optimal,10.429818181818181
2024-10-01,EST005,11975.6,2427.8,510.7,False,0.20272888206018905,0.04264504492468018,235.6,14.0,66449.0,26.0,1.0,Estate Riau 01,Sumatra,5500,2008,16,2.1773818181818183,10,Oct,2024,Optimal,12.081636363636363
2024-11-01,EST005,11692.75,2280.1,570.4,False,0.19500117594235744,0.04878236514079237,215.3,14.0,54578.0,24.0,3.0,Estate Riau 01,Sumatra,5500,2008,16,2.1259545454545457,11,Nov,2024,Optimal,9.923272727272728
2024-12-01,EST005,11409.9,2265.2,528.4,False,0.198529347321186,0.04631066004084172,256.0,16.0,61363.0,23.0,1.0,Estate Riau 01,Sumatra,5500,2008,16,2.0745272727272726,12,Dec,2024,Optimal,11.15690909090909
2025-01-01,EST005,11025.7,1906.8,609.5,False,0.17294140054599708,0.05527993687475625,256.0,17.0,53359.0,24.0,2.0,Estate Riau 01,Sumatra,5500,2008,17,2.0046727272727276,1,Jan,2025,Optimal,9.701636363636364
2025-02-01,EST005,10944.6,2243.3,600.1,False,0.2049686603439139,0.054830692761727244,254.9,15.0,52761.0,23.0,3.0,Estate Riau 01,Sumatra,5500,2008,17,1.9899272727272728,2,Feb,2025,Optimal,9.59290909090909
2025-03-01,EST005,11756.6,2415.6,630.1,False,0.20546756715376893,0.05359542724937482,248.8,17.0,49593.0,26.0,1.0,Estate Riau 01,Sumatra,5500,2008,17,2.1375636363636366,3,Mar,2025,Optimal,9.01690909090909
2025-04-01,EST005,11774.8,2234.8,695.9,False,0.18979515575636108,0.05910079152087509,180.9,13.0,60473.0,24.0,0.0,Estate Riau 01,Sumatra,5500,2008,17,2.1408727272727273,4,Apr,2025,Optimal,10.995090909090909
2025-05-01,EST005,10938.0,1976.9,542.4,False,0.18073688059974402,0.04958859023587493,159.6,8.0,65427.0,24.0,3.0,Estate Riau 01,Sumatra,5500,2008,17,1.9887272727272727,5,May,2025,Low,11.895818181818182
2025-06-01,EST005,13354.1,2966.5,711.0,False,0.22214151459102446,0.05324207546745943,218.9,15.0,58579.0,24.0,2.0,Estate Riau 01,Sumatra,5500,2008,17,2.428018181818182,6,Jun,2025,Optimal,10.650727272727273
2025-07-01,EST005,12998.4,2695.5,611.9,False,0.20737167651403252,0.047075024618414577,184.3,14.0,50533.0,23.0,1.0,Estate Riau 01,Sumatra,5500,2008,17,2.3633454545454544,7,Jul,2025,Optimal,9.187818181818182
2025-08-01,EST005,11597.8,2279.7,695.9,False,0.1965631412854162,0.060002759143975584,161.7,9.0,57680.0,25.0,2.0,Estate Riau 01,Sumatra,5500,2008,17,2.108690909090909,8,Aug,2025,Low,10.487272727272726
2025-09-01,EST005,14292.4,2614.7,856.4,False,0.1829433824969914,0.05991995745990876,236.8,18.0,46224.0,26.0,0.0,Estate Riau 01,Sumatra,5500,2008,17,2.598618181818182,9,Sep,2025,Optimal,8.404363636363636
2025-10-01,EST005,13589.2,2550.3,680.3,False,0.18767109174933036,0.050061813793306445,222.9,15.0,61178.0,24.0,0.0,Estate Riau 01,Sumatra,5500,2008,17,2.4707636363636367,10,Oct,2025,Optimal,11.123272727272727
2025-11-01,EST005,12914.1,2835.1,670.7,False,0.2195352366792885,0.05193548137307284,271.5,17.0,54581.0,25.0,0.0,Estate Riau 01,Sumatra,5500,2008,17,2.348018181818182,11,Nov,2025,Optimal,9.923818181818183
2025-12-01,EST005,11197.3,2262.6,636.0,False,0.20206656961946184,0.05679940699990176,261.3,17.0,49713.0,26.0,2.0,Estate Riau 01,Sumatra,5500,2008,17,2.0358727272727273,12,Dec,2025,Optimal,9.038727272727273
2019-01-01,EST006,7999.1,1533.8,394.1,False,0.19174657148929253,0.049268042654798665,339.0,23.0,41367.0,26.0,0.0,Estate Kalbar 01,Kalimantan,4100,2013,6,1.951,1,Jan,2019,High,10.089512195121952
2019-02-01,EST006,7065.7,1467.2,330.1,False,0.20765104660543188,0.046718654910341516,318.9,21.0,42433.0,24.0,2.0,Estate Kalbar 01,Kalimantan,4100,2013,6,1.723341463414634,2,Feb,2019,High,10.349512195121951
2019-03-01,EST006,8203.9,1540.6,446.0,False,0.18778873462621437,0.05436438766927925,256.3,18.0,33542.0,24.0,1.0,Estate Kalbar 01,Kalimantan,4100,2013,6,2.0009512195121952,3,Mar,2019,Optimal,8.180975609756098
2019-04-01,EST006,7724.3,1718.8,389.2,False,0.22251854536980697,0.05038644278445943,261.8,16.0,43464.0,23.0,0.0,Estate Kalbar 01,Kalimantan,4100,2013,6,1.8839756097560976,4,Apr,2019,Optimal,10.600975609756098
2019-05-01,EST006,9751.8,2148.2,496.5,False,0.22028753665989867,0.05091367747492771,241.1,16.0,36654.0,24.0,0.0,Estate Kalbar 01,Kalimantan,4100,2013,6,2.3784878048780485,5,May,2019,Optimal,8.94
2019-06-01,EST006,10158.6,1960.6,465.6,False,0.19299903530013976,0.04583308723643022,246.7,14.0,45576.0,25.0,2.0,Estate Kalbar 01,Kalimantan,4100,2013,6,2.477707317073171,6,Jun,2019,Optimal,11.116097560975609
2019-07-01,EST006,8251.1,1572.4,341.7,False,0.19056853025657186,0.04141266013016446,175.9,12.0,48314.0,24.0,2.0,Estate Kalbar 01,Kalimantan,4100,2013,6,2.0124634146341465,7,Jul,2019,Low,11.78390243902439
2019-08-01,EST006,9189.9,1562.3,470.3,False,0.17000184985690814,0.05117574728778333,222.2,13.0,44491.0,26.0,1.0,Estate Kalbar 01,Kalimantan,4100,2013,6,2.241439024390244,8,Aug,2019,Optimal,10.851463414634146
2019-09-01,EST006,8612.7,1531.1,469.6,False,0.17777235942271294,0.05452413296643329,251.5,16.0,39343.0,24.0,0.0,Estate Kalbar 01,Kalimantan,4100,2013,6,2.100658536585366,9,Sep,2019,Optimal,9.595853658536585
2019-10-01,EST006,7818.3,1406.6,382.1,False,0.17991123389995267,0.04887251704334702,206.0,16.0,39177.0,26.0,4.0,Estate Kalbar 01,Kalimantan,4100,2013,6,1.9069024390243903,10,Oct,2019,Optimal,9.555365853658536
2019-11-01,EST006,8643.2,1746.2,494.2,False,0.20203165494261383,0.057177897075157344,245.4,18.0,34287.0,26.0,0.0,Estate Kalbar 01,Kalimantan,4100,2013,6,2.10809756097561,11,Nov,2019,Optimal,8.362682926829269
2019-12-01,EST006,6874.6,1341.3,319.5,False,0.1951095336455939,0.04647543129782096,244.0,17.0,44715.0,24.0,2.0,Estate Kalbar 01,Kalimantan,4100,2013,6,1.6767317073170733,12,Dec,2019,Optimal,10.90609756097561
2020-01-01,EST006,7134.1,1282.9,319.1,False,0.1798264672488471,0.044728837554842235,280.8,17.0,35817.0,22.0,3.0,Estate Kalbar 01,Kalimantan,4100,2013,7,1.7400243902439025,1,Jan,2020,High,8.735853658536586
2020-02-01,EST006,7229.7,1415.4,359.1,False,0.19577575833022118,0.049670110792978964,292.9,19.0,38292.0,25.0,2.0,Estate Kalbar 01,Kalimantan,4100,2013,7,1.763341463414634,2,Feb,2020,High,9.339512195121952
2020-03-01,EST006,7956.7,1651.7,394.5,False,0.20758605954729978,0.049580856385184814,300.1,22.0,36608.0,26.0,1.0,Estate Kalbar 01,Kalimantan,4100,2013,7,1.940658536585366,3,Mar,2020,High,8.928780487804879
2020-04-01,EST006,8926.6,1856.0,480.7,False,0.2079179082741469,0.053850290144063805,239.4,16.0,35312.0,26.0,1.0,Estate Kalbar 01,Kalimantan,4100,2013,7,2.177219512195122,4,Apr,2020,Optimal,8.612682926829269
2020-05-01,EST006,8891.2,1524.9,410.1,False,0.1715066582688501,0.04612425769299982,265.7,21.0,44408.0,22.0,1.0,Estate Kalbar 01,Kalimantan,4100,2013,7,2.1685853658536587,5,May,2020,Optimal,10.831219512195123
2020-06-01,EST006,7302.1,1446.4,415.1,False,0.19808000438230097,0.05684666054970488,178.0,12.0,32752.0,23.0,1.0,Estate Kalbar 01,Kalimantan,4100,2013,7,1.7810000000000001,6,Jun,2020,Low,7.988292682926829
2020-07-01,EST006,8497.0,1523.1,508.4,False,0.17925150052959868,0.05983288219371543,157.4,11.0,44147.0,22.0,0.0,Estate Kalbar 01,Kalimantan,4100,2013,7,2.0724390243902437,7,Jul,2020,Low,10.767560975609756
2020-08-01,EST006,9509.4,2030.5,473.6,False,0.21352556417860225,0.04980335247229058,203.6,13.0,36247.0,22.0,2.0,Estate Kalbar 01,Kalimantan,4100,2013,7,2.3193658536585366,8,Aug,2020,Optimal,8.840731707317072
2020-09-01,EST006,8223.7,1741.5,462.6,False,0.21176599340929264,0.05625205199606016,234.6,16.0,32751.0,26.0,0.0,Estate Kalbar 01,Kalimantan,4100,2013,7,2.0057804878048784,9,Sep,2020,Optimal,7.988048780487805
2020-10-01,EST006,7971.6,1486.9,356.5,False,0.18652466255205982,0.04472126047468513,249.2,16.0,33640.5,25.0,3.0,Estate Kalbar 01,Kalimantan,4100,2013,7,1.9442926829268294,10,Oct,2020,Optimal,8.205
2020-11-01,EST006,7471.4,1408.4,413.7,False,0.1885055009770592,0.05537114864683995,223.3,16.0,34530.0,22.0,1.0,Estate Kalbar 01,Kalimantan,4100,2013,7,1.822292682926829,11,Nov,2020,Optimal,8.421951219512195
2020-12-01,EST006,7258.7,1401.5,400.9,False,0.19307865044704975,0.05523027539366553,292.8,21.0,33996.0,23.0,0.0,Estate Kalbar 01,Kalimantan,4100,2013,7,1.7704146341463414,12,Dec,2020,High,8.29170731707317
2021-01-01,EST006,7826.9,1330.6,425.1,False,0.17000344964162056,0.054312690848228554,254.9,16.0,43596.0,24.0,3.0,Estate Kalbar 01,Kalimantan,4100,2013,8,1.9089999999999998,1,Jan,2021,Optimal,10.633170731707317
2021-02-01,EST006,7538.2,1545.6,376.3,False,0.20503568491151733,0.04991907882518373,291.7,17.0,34337.0,22.0,1.0,Estate Kalbar 01,Kalimantan,4100,2013,8,1.8385853658536584,2,Feb,2021,High,8.374878048780488
2021-03-01,EST006,9106.8,1784.1,364.3,False,0.19590855185136383,0.04000307462555454,271.7,15.0,46993.0,22.0,1.0,Estate Kalbar 01,Kalimantan,4100,2013,8,2.221170731707317,3,Mar,2021,Optimal,11.46170731707317
2021-04-01,EST006,9740.6,2089.9,455.8,False,0.21455557152536806,0.04679383200213539,214.0,15.0,37288.0,23.0,0.0,Estate Kalbar 01,Kalimantan,4100,2013,8,2.3757560975609757,4,Apr,2021,Optimal,9.094634146341463
2021-05-01,EST006,9441.8,1732.8,442.5,False,0.1835243279883073,0.046866063674299394,212.2,12.0,37492.0,25.0,1.0,Estate Kalbar 01,Kalimantan,4100,2013,8,2.3028780487804874,5,May,2021,Optimal,9.14439024390244
2021-06-01,EST006,9591.2,1829.2,432.6,False,0.1907164901159396,0.04510384519142547,186.0,9.0,42694.0,22.0,0.0,Estate Kalbar 01,Kalimantan,4100,2013,8,2.339317073170732,6,Jun,2021,Optimal,10.413170731707318
2021-07-01,EST006,9313.2,1652.2,471.4,False,0.17740411459004424,0.05061632951080187,198.4,14.0,37806.0,22.0,1.0,Estate Kalbar 01,Kalimantan,4100,2013,8,2.2715121951219515,7,Jul,2021,Optimal,9.220975609756097
2021-08-01,EST006,7307.7,1351.5,350.1,False,0.18494191058746254,0.04790837062276777,228.9,19.0,31410.0,25.0,1.0,Estate Kalbar 01,Kalimantan,4100,2013,8,1.7823658536585365,8,Aug,2021,Optimal,7.660975609756098
2021-09-01,EST006,8431.0,1536.7,386.8,False,0.18226782113628276,0.04587830625074131,200.4,13.0,38552.0,23.0,2.0,Estate Kalbar 01,Kalimantan,4100,2013,8,2.056341463414634,9,Sep,2021,Optimal,9.402926829268292
2021-10-01,EST006,7756.1,1667.1,346.7,False,0.2149404984463841,0.04470030040871056,262.6,19.0,35684.0,22.0,3.0,Estate Kalbar 01,Kalimantan,4100,2013,8,1.8917317073170732,10,Oct,2021,Optimal,8.703414634146341
2021-11-01,EST006,8459.5,1603.3,392.7,False,0.18952656776405225,0.04642118328506413,261.7,18.0,48754.0,25.0,1.0,Estate Kalbar 01,Kalimantan,4100,2013,8,2.0632926829268294,11,Nov,2021,Optimal,11.891219512195121
2021-12-01,EST006,7669.6,1548.2,426.5,False,0.20186189631793053,0.05560915823511004,275.2,18.0,36896.0,22.0,1.0,Estate Kalbar 01,Kalimantan,4100,2013,8,1.8706341463414635,12,Dec,2021,Optimal,8.999024390243903
2022-01-01,EST006,7734.3,1502.7,361.2,False,0.19429036887630427,0.04670105891935922,284.8,20.0,45471.0,24.0,0.0,Estate Kalbar 01,Kalimantan,4100,2013,9,1.8864146341463415,1,Jan,2022,High,11.090487804878048
2022-02-01,EST006,7833.9,1417.6,371.5,False,0.1809571222507308,0.04742210137990018,249.1,16.0,45920.0,26.0,0.0,Estate Kalbar 01,Kalimantan,4100,2013,9,1.9107073170731705,2,Feb,2022,Optimal,11.2
2022-03-01,EST006,7871.5,1554.4,375.6,False,0.19747189226958015,0.04771644540430668,248.7,17.0,43385.0,24.0,2.0,Estate Kalbar 01,Kalimantan,4100,2013,9,1.9198780487804878,3,Mar,2022,Optimal,10.581707317073171
2022-04-01,EST006,9529.9,1991.6,492.6,False,0.20898435450529387,0.05168994428063254,207.6,14.0,46957.0,22.0,0.0,Estate Kalbar 01,Kalimantan,4100,2013,9,2.3243658536585365,4,Apr,2022,Optimal,11.452926829268293
2022-05-01,EST006,9705.05,1772.6,509.5,False,0.18264717853076493,0.05249844153301632,274.1,17.0,42560.0,23.0,1.0,Estate Kalbar 01,Kalimantan,4100,2013,9,2.3670853658536584,5,May,2022,Optimal,10.38048780487805
2022-06-01,EST006,9880.2,2096.0,395.2,False,0.21214145462642456,0.0399991902997915,213.4,16.0,50590.0,26.0,0.0,Estate Kalbar 01,Kalimantan,4100,2013,9,2.4098048780487806,6,Jun,2022,Optimal,12.339024390243903
2022-07-01,EST006,9963.2,1865.7,549.1,False,0.18725911353781916,0.05511281515978802,182.5,12.0,35090.0,24.0,0.0,Estate Kalbar 01,Kalimantan,4100,2013,9,2.4300487804878053,7,Jul,2022,Optimal,8.558536585365854
2022-08-01,EST006,9501.4,1831.4,543.3,False,0.19275054202538575,0.05718104700359947,210.3,13.0,44880.0,25.0,2.0,Estate Kalbar 01,Kalimantan,4100,2013,9,2.3174146341463415,8,Aug,2022,Optimal,10.946341463414635
2022-09-01,EST006,8157.9,1696.5,365.1,False,0.20795793034972238,0.04475416467473247,222.2,16.0,41704.0,23.0,2.0,Estate Kalbar 01,Kalimantan,4100,2013,9,1.989731707317073,9,Sep,2022,Optimal,10.17170731707317
2022-10-01,EST006,8246.2,1567.2,372.2,False,0.1900511750867066,0.045135941403313035,244.5,15.0,35383.0,24.0,2.0,Estate Kalbar 01,Kalimantan,4100,2013,9,2.011268292682927,10,Oct,2022,Optimal,8.63
2022-11-01,EST006,7354.6,1475.1,351.2,False,0.20056835177983845,0.04775242705245696,290.4,19.0,42574.0,25.0,0.0,Estate Kalbar 01,Kalimantan,4100,2013,9,1.7938048780487805,11,Nov,2022,High,10.383902439024391
2022-12-01,EST006,7626.1,1489.2,352.5,False,0.19527674696109412,0.04622283998374005,313.9,21.0,46217.0,22.0,2.0,Estate Kalbar 01,Kalimantan,4100,2013,9,1.8600243902439024,12,Dec,2022,High,11.272439024390243
2023-01-01,EST006,8138.6,1643.5,416.0,False,0.20193890841176615,0.05111444228737129,274.2,20.0,32791.0,25.0,2.0,Estate Kalbar 01,Kalimantan,4100,2013,10,1.9850243902439024,1,Jan,2023,Optimal,7.997804878048781
2023-02-01,EST006,8566.4,1456.3,344.9,False,0.17000140082181547,0.040261953679491966,260.6,18.0,33041.0,24.0,5.0,Estate Kalbar 01,Kalimantan,4100,2013,10,2.0893658536585367,2,Feb,2023,Optimal,8.058780487804878
2023-03-01,EST006,9502.9,1639.8,422.0,False,0.17255785076134653,0.04440749665891465,255.6,17.0,44377.0,24.0,1.0,Estate Kalbar 01,Kalimantan,4100,2013,10,2.3177804878048778,3,Mar,2023,Optimal,10.823658536585366
2023-04-01,EST006,10681.2,2234.9,616.3,False,0.20923678987379696,0.0576995094184174,180.0,13.0,47455.0,22.0,2.0,Estate Kalbar 01,Kalimantan,4100,2013,10,2.605170731707317,4,Apr,2023,Low,11.574390243902439
2023-05-01,EST006,12025.7,2592.2,545.5,False,0.21555501966621482,0.04536118479589545,187.1,15.0,51676.0,25.0,1.0,Estate Kalbar 01,Kalimantan,4100,2013,10,2.93309756097561,5,May,2023,Optimal,12.60390243902439
2023-06-01,EST006,10724.7,1998.5,602.9,False,0.18634553880295018,0.05621602469066733,246.7,17.0,45141.0,25.0,1.0,Estate Kalbar 01,Kalimantan,4100,2013,10,2.6157804878048783,6,Jun,2023,Optimal,11.01
2023-07-01,EST006,10814.8,2123.4,560.0,False,0.19634204978362987,0.051780892850538156,222.75,16.0,50695.0,22.0,3.0,Estate Kalbar 01,Kalimantan,4100,2013,10,2.6377560975609753,7,Jul,2023,Optimal,12.364634146341464
2023-08-01,EST006,10703.5,2188.0,438.3,False,0.20441911524267764,0.040949222217031817,198.8,11.0,43509.0,25.0,2.0,Estate Kalbar 01,Kalimantan,4100,2013,10,2.610609756097561,8,Aug,2023,Optimal,10.611951219512195
2023-09-01,EST006,10852.4,2283.3,577.1,False,0.2103958571375917,0.05317717739854779,239.4,14.0,34477.0,22.0,0.0,Estate Kalbar 01,Kalimantan,4100,2013,10,2.646926829268293,9,Sep,2023,Optimal,8.409024390243902
2023-10-01,EST006,9666.3,1643.3,477.6,False,0.17000300011379743,0.049408770677508464,257.8,17.0,32932.0,23.0,0.0,Estate Kalbar 01,Kalimantan,4100,2013,10,2.3576341463414634,10,Oct,2023,Optimal,8.032195121951219
2023-11-01,EST006,6606.8,1233.6,315.3,False,0.18671671611067384,0.04772355754677,352.0,23.0,49187.0,24.0,3.0,Estate Kalbar 01,Kalimantan,4100,2013,10,1.6114146341463416,11,Nov,2023,Very High,11.996829268292682
2023-12-01,EST006,8988.0,1752.8,460.4,False,0.19501557632398753,0.051223854027592344,323.0,21.0,42770.0,23.0,1.0,Estate Kalbar 01,Kalimantan,4100,2013,10,2.1921951219512197,12,Dec,2023,High,10.43170731707317
2024-01-01,EST006,8924.0,1878.9,467.4,False,0.21054459883460333,0.05237561631555356,284.3,19.0,33181.0,26.0,1.0,Estate Kalbar 01,Kalimantan,4100,2013,11,2.1765853658536587,1,Jan,2024,High,8.092926829268293
2024-02-01,EST006,8805.6,2025.3,471.4,False,0.2300013627691469,0.05353411465431089,251.1,18.0,38125.0,26.0,0.0,Estate Kalbar 01,Kalimantan,4100,2013,11,2.147707317073171,2,Feb,2024,Optimal,9.298780487804878
2024-03-01,EST006,9973.0,1960.5,557.4,False,0.19658076807379926,0.05589090544470069,222.3,15.0,53108.0,26.0,1.0,Estate Kalbar 01,Kalimantan,4100,2013,11,2.432439024390244,3,Mar,2024,Optimal,12.953170731707317
2024-04-01,EST006,10979.0,1964.1,571.4,False,0.17889607432370888,0.0520448128244831,242.6,17.0,44340.0,22.0,1.0,Estate Kalbar 01,Kalimantan,4100,2013,11,2.6778048780487804,4,Apr,2024,Optimal,10.814634146341463
2024-05-01,EST006,11229.6,2313.7,484.2,False,0.20603583386763552,0.0431181876469331,206.1,14.0,44323.0,25.0,1.0,Estate Kalbar 01,Kalimantan,4100,2013,11,2.738926829268293,5,May,2024,Optimal,10.810487804878049
2024-06-01,EST006,10216.9,2245.8,486.6,False,0.21981227182413454,0.04762697099903102,176.9,9.0,39986.0,23.0,0.0,Estate Kalbar 01,Kalimantan,4100,2013,11,2.4919268292682926,6,Jun,2024,Low,9.752682926829268
2024-07-01,EST006,11052.1,2228.3,663.1,False,0.20161779209381023,0.059997647505903855,183.8,11.0,36761.0,23.0,1.0,Estate Kalbar 01,Kalimantan,4100,2013,11,2.6956341463414635,7,Jul,2024,Optimal,8.96609756097561
2024-08-01,EST006,10712.75,1735.3,499.2,True,0.1619845511189937,0.04659867914401064,178.0,12.0,35901.0,23.0,2.0,Estate Kalbar 01,Kalimantan,4100,2013,11,2.6128658536585365,8,Aug,2024,Low,8.756341463414634
2024-09-01,EST006,10373.4,2223.7,622.4,False,0.21436558891009697,0.05999961439836505,267.2,16.0,41735.0,23.0,0.0,Estate Kalbar 01,Kalimantan,4100,2013,11,2.5300975609756096,9,Sep,2024,Optimal,10.179268292682927
2024-10-01,EST006,8745.9,1836.2,498.3,False,0.20994980505150987,0.056975268411484245,272.0,19.0,31693.0,26.0,3.0,Estate Kalbar 01,Kalimantan,4100,2013,11,2.1331463414634144,10,Oct,2024,Optimal,7.73
2024-11-01,EST006,9256.5,1708.8,474.0,False,0.18460541241289904,0.05120725976340949,274.8,21.0,45880.0,23.0,1.0,Estate Kalbar 01,Kalimantan,4100,2013,11,2.2576829268292684,11,Nov,2024,Optimal,11.190243902439024
2024-12-01,EST006,7869.9,1619.0,405.4,False,0.2057205301210943,0.05151272570172429,332.0,24.0,37456.0,25.0,2.0,Estate Kalbar 01,Kalimantan,4100,2013,11,1.9194878048780486,12,Dec,2024,High,9.13560975609756
2025-01-01,EST006,9262.9,1991.1,461.5,False,0.214954279977113,0.049822409828455455,289.4,19.0,44921.0,26.0,0.0,Estate Kalbar 01,Kalimantan,4100,2013,12,2.2592439024390245,1,Jan,2025,High,10.956341463414635
2025-02-01,EST006,9624.8,2095.6,397.6,False,0.21772919956778322,0.04130994929764775,253.5,19.0,44789.0,23.0,0.0,Estate Kalbar 01,Kalimantan,4100,2013,12,2.347512195121951,2,Feb,2025,Optimal,10.924146341463414
2025-03-01,EST006,10119.7,2013.9,506.9,False,0.19900787572754133,0.050090417700129446,300.6,20.0,35174.0,22.0,0.0,Estate Kalbar 01,Kalimantan,4100,2013,12,2.4682195121951223,3,Mar,2025,High,8.579024390243902
2025-04-01,EST006,9586.6,1865.8,537.4,False,0.19462583189034693,0.05605741347297269,251.0,16.0,42406.0,24.0,2.0,Estate Kalbar 01,Kalimantan,4100,2013,12,2.3381951219512196,4,Apr,2025,Optimal,10.342926829268293
2025-05-01,EST006,10179.75,2222.4,478.3,False,0.21831577396301483,0.046985436773987574,199.1,12.0,39434.0,24.0,2.0,Estate Kalbar 01,Kalimantan,4100,2013,12,2.4828658536585366,5,May,2025,Optimal,9.618048780487804
2025-06-01,EST006,10772.9,1959.0,560.8,False,0.18184518560461901,0.05205654930427275,207.7,13.0,49203.0,24.0,1.0,Estate Kalbar 01,Kalimantan,4100,2013,12,2.6275365853658537,6,Jun,2025,Optimal,12.000731707317073
2025-07-01,EST006,9522.8,1967.2,516.7,False,0.20657789725710926,0.05425925148065696,178.1,11.0,34331.0,26.0,2.0,Estate Kalbar 01,Kalimantan,4100,2013,12,2.3226341463414633,7,Jul,2025,Low,8.373414634146341
2025-08-01,EST006,9037.5,1621.8,410.8,False,0.17945228215767633,0.04545504840940526,170.4,12.0,44400.0,23.0,0.0,Estate Kalbar 01,Kalimantan,4100,2013,12,2.2042682926829267,8,Aug,2025,Low,10.829268292682928
2025-09-01,EST006,10594.7,2288.3,505.8,False,0.21598535116614911,0.047740851557854395,248.2,17.0,40538.5,26.0,0.0,Estate Kalbar 01,Kalimantan,4100,2013,12,2.5840731707317075,9,Sep,2025,Optimal,9.887439024390243
2025-10-01,EST006,8615.0,1689.7,386.9,False,0.19613464886825305,0.044910040626813696,297.7,20.0,36677.0,25.0,0.0,Estate Kalbar 01,Kalimantan,4100,2013,12,2.101219512195122,10,Oct,2025,High,8.94560975609756
2025-11-01,EST006,9384.1,2055.4,430.6,False,0.2190300614869833,0.04588612653317846,240.0,17.0,33782.0,22.0,2.0,Estate Kalbar 01,Kalimantan,4100,2013,12,2.2888048780487806,11,Nov,2025,Optimal,8.239512195121952
2025-12-01,EST006,8494.1,1761.4,370.0,False,0.20736746682991725,0.04355964728458577,309.1,22.0,42986.0,22.0,2.0,Estate Kalbar 01,Kalimantan,4100,2013,12,2.071731707317073,12,Dec,2025,High,10.484390243902439
2019-01-01,EST007,8207.5,1490.9,373.4,False,0.18165092902832777,0.0454949741090466,271.2,20.0,54523.0,24.0,1.0,Estate Kalteng 01,Kalimantan,4700,2010,9,1.7462765957446809,1,Jan,2019,Optimal,11.60063829787234
2019-02-01,EST007,9409.5,2083.0,537.3,False,0.22137201764174505,0.05710186513629842,262.8,15.0,43956.0,24.0,1.0,Estate Kalteng 01,Kalimantan,4700,2010,9,2.0020212765957446,2,Feb,2019,Optimal,9.352340425531915
2019-03-01,EST007,10701.7,2389.4,486.1,False,0.22327293794443873,0.04542268985301401,239.35,13.0,48402.0,24.0,0.0,Estate Kalteng 01,Kalimantan,4700,2010,9,2.276957446808511,3,Mar,2019,Optimal,10.298297872340425
2019-04-01,EST007,9570.6,2040.8,484.6,False,0.2132363697155873,0.05063423400831714,215.9,16.0,46118.0,23.0,1.0,Estate Kalteng 01,Kalimantan,4700,2010,9,2.0362978723404255,4,Apr,2019,Optimal,9.812340425531914
2019-05-01,EST007,9019.1,1700.8,428.3,False,0.1885775742590724,0.0474881085695912,226.2,13.0,48197.0,25.0,3.0,Estate Kalteng 01,Kalimantan,4700,2010,9,1.9189574468085107,5,May,2019,Optimal,10.25468085106383
2019-06-01,EST007,11027.5,2154.9,616.4,False,0.19541147132169576,0.05589662208116073,191.7,12.0,42754.0,25.0,3.0,Estate Kalteng 01,Kalimantan,4700,2010,9,2.3462765957446807,6,Jun,2019,Optimal,9.096595744680851
2019-07-01,EST007,9898.6,2001.3,559.8,False,0.20218010627765542,0.056553452003313597,206.8,12.0,55446.0,25.0,2.0,Estate Kalteng 01,Kalimantan,4700,2010,9,2.1060851063829786,7,Jul,2019,Optimal,11.797021276595745
2019-08-01,EST007,10456.9,1981.0,568.0,False,0.18944429037286387,0.05431820137899378,203.7,11.0,42341.0,25.0,0.0,Estate Kalteng 01,Kalimantan,4700,2010,9,2.2248723404255317,8,Aug,2019,Optimal,9.008723404255319
2019-09-01,EST007,9881.5,2227.1,509.2,False,0.22538076203005616,0.05153063806102312,219.0,15.0,42648.0,24.0,0.0,Estate Kalteng 01,Kalimantan,4700,2010,9,2.1024468085106385,9,Sep,2019,Optimal,9.07404255319149
2019-10-01,EST007,8959.0,1811.2,437.6,False,0.20216542024779552,0.04884473713584105,227.3,16.0,36977.0,22.0,0.0,Estate Kalteng 01,Kalimantan,4700,2010,9,1.9061702127659574,10,Oct,2019,Optimal,7.867446808510638
2019-11-01,EST007,8887.2,1510.8,391.4,False,0.16999729948690248,0.04404086776487532,260.6,17.0,40758.0,24.0,1.0,Estate Kalteng 01,Kalimantan,4700,2010,9,1.8908936170212767,11,Nov,2019,Optimal,8.671914893617021
2019-12-01,EST007,7894.1,1619.0,471.4,False,0.20508987725009817,0.05971548371568639,313.9,17.0,50205.0,25.0,0.0,Estate Kalteng 01,Kalimantan,4700,2010,9,1.6795957446808512,12,Dec,2019,High,10.681914893617021
2020-01-01,EST007,8959.8,1745.2,414.0,False,0.1947811335074444,0.04620638853545839,300.0,19.0,41272.0,24.0,1.0,Estate Kalteng 01,Kalimantan,4700,2010,10,1.9063404255319147,1,Jan,2020,High,8.78127659574468
2020-02-01,EST007,10520.1,2092.2,560.9,False,0.19887643653577436,0.05331698367886237,250.6,17.0,54529.0,25.0,1.0,Estate Kalteng 01,Kalimantan,4700,2010,10,2.2383191489361702,2,Feb,2020,Optimal,11.601914893617021
2020-03-01,EST007,8775.0,1706.5,485.2,False,0.19447293447293448,0.05529344729344729,265.0,15.0,33924.0,26.0,3.0,Estate Kalteng 01,Kalimantan,4700,2010,10,1.8670212765957446,3,Mar,2020,Optimal,7.217872340425532
2020-04-01,EST007,11166.8,2368.5,527.3,False,0.2121019450514024,0.04722033169753197,256.3,17.0,43420.0,22.0,1.0,Estate Kalteng 01,Kalimantan,4700,2010,10,2.375914893617021,4,Apr,2020,Optimal,9.238297872340425
2020-05-01,EST007,11420.7,2476.0,630.3,False,0.21679932053201642,0.0551892616039297,183.3,12.0,43874.0,26.0,0.0,Estate Kalteng 01,Kalimantan,4700,2010,10,2.429936170212766,5,May,2020,Optimal,9.334893617021276
2020-06-01,EST007,12193.75,2073.0,546.2,True,0.17000512557662736,0.04479343926191697,226.1,16.0,36237.0,23.0,0.0,Estate Kalteng 01,Kalimantan,4700,2010,10,2.5944148936170213,6,Jun,2020,Optimal,7.71
2020-07-01,EST007,12966.8,2527.4,760.4,False,0.19491316284665455,0.05864207051855508,222.7,12.0,38068.0,24.0,1.0,Estate Kalteng 01,Kalimantan,4700,2010,10,2.7588936170212763,7,Jul,2020,Optimal,8.099574468085107
2020-08-01,EST007,11587.1,2310.2,552.2,False,0.19937689326923905,0.04765644552994278,219.3,13.0,43861.0,23.0,1.0,Estate Kalteng 01,Kalimantan,4700,2010,10,2.465340425531915,8,Aug,2020,Optimal,9.332127659574468
2020-09-01,EST007,10166.2,2036.2,442.9,False,0.20029116090574647,0.043565934174027654,205.9,16.0,47551.0,24.0,2.0,Estate Kalteng 01,Kalimantan,4700,2010,10,2.163021276595745,9,Sep,2020,Optimal,10.117234042553191
2020-10-01,EST007,10520.4,1977.5,499.4,False,0.18796813809360863,0.04746967795901297,204.9,13.0,44777.0,26.0,1.0,Estate Kalteng 01,Kalimantan,4700,2010,10,2.238382978723404,10,Oct,2020,Optimal,9.527021276595745
2020-11-01,EST007,9958.0,2078.1,508.3,False,0.20868648322956415,0.051044386422976505,234.3,16.0,42257.0,25.0,2.0,Estate Kalteng 01,Kalimantan,4700,2010,10,2.118723404255319,11,Nov,2020,Optimal,8.990851063829787
2020-12-01,EST007,9172.1,1783.6,433.5,False,0.19445928413340455,0.047262895084004754,296.2,18.0,43615.0,25.0,0.0,Estate Kalteng 01,Kalimantan,4700,2010,10,1.9515106382978724,12,Dec,2020,High,9.279787234042553
2021-01-01,EST007,8386.2,1871.0,402.8,False,0.22310462426367125,0.0480312894994157,294.0,19.0,36640.0,24.0,2.0,Estate Kalteng 01,Kalimantan,4700,2010,11,1.7842978723404257,1,Jan,2021,High,7.7957446808510635
2021-02-01,EST007,10002.6,2188.9,404.6,False,0.2188331033931178,0.04044948313438506,252.4,15.0,47385.0,25.0,0.0,Estate Kalteng 01,Kalimantan,4700,2010,11,2.128212765957447,2,Feb,2021,Optimal,10.081914893617022
2021-03-01,EST007,11446.4,2171.6,599.2,False,0.1897190383002516,0.05234833659491194,278.5,18.0,48060.0,26.0,2.0,Estate Kalteng 01,Kalimantan,4700,2010,11,2.435404255319149,3,Mar,2021,Optimal,10.225531914893617
2021-04-01,EST007,11432.0,2427.1,684.3,False,0.21230755773268017,0.05985829251224632,196.0,16.0,46175.0,25.0,1.0,Estate Kalteng 01,Kalimantan,4700,2010,11,2.432340425531915,4,Apr,2021,Optimal,9.824468085106384
2021-05-01,EST007,11229.3,2085.7,587.5,False,0.185737312210022,0.0523184882405849,223.3,13.0,49013.0,26.0,1.0,Estate Kalteng 01,Kalimantan,4700,2010,11,2.3892127659574465,5,May,2021,Optimal,10.428297872340426
2021-06-01,EST007,11146.7,2345.7,591.3,False,0.21043896399831338,0.05304709017018489,182.2,10.0,46480.0,23.0,2.0,Estate Kalteng 01,Kalimantan,4700,2010,11,2.3716382978723405,6,Jun,2021,Optimal,9.88936170212766
2021-07-01,EST007,11514.6,2213.7,608.7,False,0.19225157625970504,0.0528633213485488,183.7,14.0,51147.0,26.0,3.0,Estate Kalteng 01,Kalimantan,4700,2010,11,2.4499148936170214,7,Jul,2021,Optimal,10.882340425531915
2021-08-01,EST007,12410.2,2291.6,645.1,False,0.18465455834716601,0.05198143462635574,206.2,13.0,53129.0,22.0,2.0,Estate Kalteng 01,Kalimantan,4700,2010,11,2.640468085106383,8,Aug,2021,Optimal,11.30404255319149
2021-09-01,EST007,11411.2,2330.2,623.7,False,0.2042028883903533,0.05465682837913629,223.3,13.0,47735.0,22.0,0.0,Estate Kalteng 01,Kalimantan,4700,2010,11,2.4279148936170216,9,Sep,2021,Optimal,10.156382978723403
2021-10-01,EST007,10494.4,1784.0,545.5,False,0.16999542613203233,0.051980103674340604,240.4,18.0,49989.0,22.0,1.0,Estate Kalteng 01,Kalimantan,4700,2010,11,2.2328510638297874,10,Oct,2021,Optimal,10.635957446808511
2021-11-01,EST007,9289.5,1613.9,450.0,False,0.17373378545669843,0.04844178911674471,300.2,19.0,41495.0,24.0,2.0,Estate Kalteng 01,Kalimantan,4700,2010,11,1.9764893617021277,11,Nov,2021,High,8.828723404255319
2021-12-01,EST007,8702.1,1717.3,400.5,False,0.19734317003941576,0.04602337366842486,280.6,21.0,38327.0,24.0,2.0,Estate Kalteng 01,Kalimantan,4700,2010,11,1.8515106382978723,12,Dec,2021,High,8.15468085106383
2022-01-01,EST007,9862.2,1984.6,480.8,False,0.20123299061061425,0.04875179980126138,308.4,22.0,53402.0,24.0,0.0,Estate Kalteng 01,Kalimantan,4700,2010,12,2.098340425531915,1,Jan,2022,High,11.362127659574469
2022-02-01,EST007,9402.4,1828.4,484.9,False,0.19446098868374034,0.05157193907938399,246.8,16.0,63135.0,26.0,1.0,Estate Kalteng 01,Kalimantan,4700,2010,12,2.000510638297872,2,Feb,2022,Optimal,13.432978723404256
2022-03-01,EST007,10213.8,1800.8,494.5,False,0.17631048189704127,0.04841488965908869,275.7,22.0,35706.0,24.0,1.0,Estate Kalteng 01,Kalimantan,4700,2010,12,2.1731489361702128,3,Mar,2022,Optimal,7.597021276595744
2022-04-01,EST007,11306.5,2122.6,583.1,False,0.187732720116747,0.05157210454163534,273.5,17.0,46266.0,23.0,1.0,Estate Kalteng 01,Kalimantan,4700,2010,12,2.4056382978723403,4,Apr,2022,Optimal,9.843829787234043
2022-05-01,EST007,8909.1,1834.1,465.0,False,0.20586815727739052,0.05219382429201603,163.2,12.0,37385.0,22.0,0.0,Estate Kalteng 01,Kalimantan,4700,2010,12,1.8955531914893617,5,May,2022,Low,7.9542553191489365
2022-06-01,EST007,12677.3,2646.1,686.7,False,0.20872741041073414,0.05416768554818456,192.6,13.0,43734.0,26.0,2.0,Estate Kalteng 01,Kalimantan,4700,2010,12,2.6972978723404255,6,Jun,2022,Optimal,9.305106382978723
2022-07-01,EST007,12744.3,2545.8,719.0,False,0.19975989265789415,0.056417378749715565,214.4,16.0,52016.0,22.0,1.0,Estate Kalteng 01,Kalimantan,4700,2010,12,2.7115531914893616,7,Jul,2022,Optimal,11.067234042553192
2022-08-01,EST007,11556.1,2511.7,582.3,False,0.21734841339206132,0.05038897205804726,199.9,16.0,46334.0,24.0,0.0,Estate Kalteng 01,Kalimantan,4700,2010,12,2.458744680851064,8,Aug,2022,Optimal,9.858297872340426
2022-09-01,EST007,11188.45,2331.4,492.0,False,0.20837560162488994,0.04397391953308993,234.3,16.0,42886.0,26.0,2.0,Estate Kalteng 01,Kalimantan,4700,2010,12,2.380521276595745,9,Sep,2022,Optimal,9.12468085106383
2022-10-01,EST007,10820.8,2042.8,522.4,False,0.18878456306372912,0.048277391690078365,234.9,15.0,45323.0,25.0,1.0,Estate Kalteng 01,Kalimantan,4700,2010,12,2.3022978723404255,10,Oct,2022,Optimal,9.643191489361703
2022-11-01,EST007,9347.6,1830.2,469.4,False,0.19579357268175787,0.05021609824981813,277.2,19.0,34771.0,23.0,1.0,Estate Kalteng 01,Kalimantan,4700,2010,12,1.9888510638297874,11,Nov,2022,Optimal,7.398085106382979
2022-12-01,EST007,9013.1,1613.0,367.9,False,0.17896173347682817,0.040818364380734704,291.1,18.0,44859.0,24.0,1.0,Estate Kalteng 01,Kalimantan,4700,2010,12,1.91768085106383,12,Dec,2022,High,9.544468085106383
2023-01-01,EST007,9125.8,1810.4,519.7,False,0.19838260755221462,0.056948431918297585,316.7,24.0,48718.0,24.0,3.0,Estate Kalteng 01,Kalimantan,4700,2010,13,1.941659574468085,1,Jan,2023,High,10.365531914893618
2023-02-01,EST007,9858.7,2136.2,500.0,False,0.2166817125990242,0.050716625924310504,281.4,19.0,52755.0,23.0,1.0,Estate Kalteng 01,Kalimantan,4700,2010,13,2.0975957446808513,2,Feb,2023,High,11.224468085106382
2023-03-01,EST007,11567.5,2432.4,600.4,False,0.21027879835746704,0.05190404149556948,270.9,18.0,52320.0,23.0,1.0,Estate Kalteng 01,Kalimantan,4700,2010,13,2.4611702127659574,3,Mar,2023,Optimal,11.13191489361702
2023-04-01,EST007,9820.6,2170.6,558.1,False,0.22102519194346576,0.05682952161782376,227.2,15.0,52677.0,25.0,2.0,Estate Kalteng 01,Kalimantan,4700,2010,13,2.0894893617021277,4,Apr,2023,Optimal,11.207872340425531
2023-05-01,EST007,11658.2,2278.7,546.2,False,0.19545899023863028,0.046851143401211166,212.8,12.0,53034.0,24.0,1.0,Estate Kalteng 01,Kalimantan,4700,2010,13,2.480468085106383,5,May,2023,Optimal,11.283829787234042
2023-06-01,EST007,13766.4,3031.2,727.8,False,0.22018828451882844,0.05286785216178522,201.7,12.0,53262.0,24.0,0.0,Estate Kalteng 01,Kalimantan,4700,2010,13,2.9290212765957446,6,Jun,2023,Optimal,11.332340425531914
2023-07-01,EST007,12034.0,2371.9,595.1,False,0.19709988366295497,0.04945155393053017,209.9,16.0,50361.0,22.0,0.0,Estate Kalteng 01,Kalimantan,4700,2010,13,2.5604255319148934,7,Jul,2023,Optimal,10.715106382978723
2023-08-01,EST007,11524.0,2559.2,565.6,False,0.222075668170774,0.049080180492884415,194.5,12.0,47962.0,26.0,1.0,Estate Kalteng 01,Kalimantan,4700,2010,13,2.451914893617021,8,Aug,2023,Optimal,10.204680851063829
2023-09-01,EST007,11169.8,2230.3,515.4,False,0.19967233074898388,0.046142276495550506,232.2,14.0,47629.5,26.0,0.0,Estate Kalteng 01,Kalimantan,4700,2010,13,2.3765531914893616,9,Sep,2023,Optimal,10.133936170212767
2023-10-01,EST007,9062.4,1908.6,528.6,False,0.2106064618644068,0.05832891949152543,301.9,21.0,47297.0,22.0,2.0,Estate Kalteng 01,Kalimantan,4700,2010,13,1.9281702127659575,10,Oct,2023,High,10.063191489361703
2023-11-01,EST007,8456.6,1878.4,407.0,False,0.22212236596268004,0.048128089303029586,296.8,22.0,38494.0,26.0,1.0,Estate Kalteng 01,Kalimantan,4700,2010,13,1.799276595744681,11,Nov,2023,High,8.190212765957448
2023-12-01,EST007,8869.6,1748.2,474.5,False,0.19710020745016685,0.05349733922612068,286.8,20.0,43291.0,23.0,2.0,Estate Kalteng 01,Kalimantan,4700,2010,13,1.887148936170213,12,Dec,2023,High,9.210851063829788
2024-01-01,EST007,9714.0,1974.6,394.6,False,0.20327362569487337,0.04062178299361746,317.5,23.0,42443.0,26.0,0.0,Estate Kalteng 01,Kalimantan,4700,2010,14,2.066808510638298,1,Jan,2024,High,9.030425531914894
2024-02-01,EST007,10001.1,2193.6,559.1,False,0.21933587305396404,0.05590385057643659,264.8,17.0,49727.0,26.0,2.0,Estate Kalteng 01,Kalimantan,4700,2010,14,2.1278936170212766,2,Feb,2024,Optimal,10.580212765957446
2024-03-01,EST007,10743.4,2127.2,593.7,False,0.1980006329467394,0.05526183517322263,211.5,12.0,49795.0,22.0,1.0,Estate Kalteng 01,Kalimantan,4700,2010,14,2.2858297872340425,3,Mar,2024,Optimal,10.59468085106383
2024-04-01,EST007,11164.1,2011.6,563.6,False,0.18018469916965987,0.05048324540267465,212.3,16.0,48240.0,25.0,1.0,Estate Kalteng 01,Kalimantan,4700,2010,14,2.375340425531915,4,Apr,2024,Optimal,10.263829787234043
2024-05-01,EST007,10012.0,2302.8,489.2,False,0.23000399520575313,0.04886136636036756,178.2,11.0,38311.0,26.0,3.0,Estate Kalteng 01,Kalimantan,4700,2010,14,2.130212765957447,5,May,2024,Low,8.151276595744681
2024-06-01,EST007,11298.9,2180.2,587.5,False,0.19295683650620857,0.05199621202063918,203.7,13.0,55428.0,26.0,4.0,Estate Kalteng 01,Kalimantan,4700,2010,14,2.4040212765957447,6,Jun,2024,Optimal,11.793191489361702
2024-07-01,EST007,11692.8,2366.4,701.6,False,0.2023809523809524,0.060002736726874666,200.5,15.0,55577.0,25.0,3.0,Estate Kalteng 01,Kalimantan,4700,2010,14,2.4878297872340425,7,Jul,2024,Optimal,11.824893617021276
2024-08-01,EST007,11872.0,2580.3,488.9,False,0.21734332884097038,0.041180929919137466,246.9,17.0,53022.0,22.0,2.0,Estate Kalteng 01,Kalimantan,4700,2010,14,2.5259574468085106,8,Aug,2024,Optimal,11.28127659574468
2024-09-01,EST007,11921.3,2275.4,642.7,False,0.19086844555543442,0.05391190558076721,233.2,16.0,55910.0,25.0,1.0,Estate Kalteng 01,Kalimantan,4700,2010,14,2.536446808510638,9,Sep,2024,Optimal,11.895744680851063
2024-10-01,EST007,11649.9,2153.9,529.4,False,0.18488570717345215,0.04544245014978669,244.5,20.0,48350.0,22.0,0.0,Estate Kalteng 01,Kalimantan,4700,2010,14,2.478702127659574,10,Oct,2024,Optimal,10.287234042553191
2024-11-01,EST007,9330.4,1901.6,465.6,False,0.20380691074337648,0.04990139758209723,295.7,19.0,60095.0,23.0,2.0,Estate Kalteng 01,Kalimantan,4700,2010,14,1.985191489361702,11,Nov,2024,High,12.786170212765958
2024-12-01,EST007,10170.0,1760.5,495.9,False,0.17310717797443462,0.048761061946902655,239.7,17.0,40944.0,22.0,0.0,Estate Kalteng 01,Kalimantan,4700,2010,14,2.1638297872340426,12,Dec,2024,Optimal,8.711489361702128
2025-01-01,EST007,9566.4,1872.0,457.8,False,0.19568489713998996,0.047854992473657806,293.4,20.0,46408.0,23.0,1.0,Estate Kalteng 01,Kalimantan,4700,2010,15,2.0354042553191487,1,Jan,2025,High,9.87404255319149
2025-02-01,EST007,9362.6,1906.9,467.6,False,0.20367205690726936,0.049943391792878045,294.3,20.0,40884.0,23.0,0.0,Estate Kalteng 01,Kalimantan,4700,2010,15,1.9920425531914894,2,Feb,2025,High,8.698723404255318
2025-03-01,EST007,11110.6,2177.1,492.5,False,0.195948013608626,0.044327039043796014,225.5,17.0,39446.0,22.0,0.0,Estate Kalteng 01,Kalimantan,4700,2010,15,2.3639574468085107,3,Mar,2025,Optimal,8.392765957446809
2025-04-01,EST007,9794.3,1732.1,540.1,False,0.17684775839008404,0.055144318634307715,266.1,19.0,42169.0,24.0,3.0,Estate Kalteng 01,Kalimantan,4700,2010,15,2.0838936170212765,4,Apr,2025,Optimal,8.972127659574468
2025-05-01,EST007,10712.7,2398.7,439.5,False,0.22391180561389748,0.04102607185863508,233.5,16.0,51461.0,22.0,0.0,Estate Kalteng 01,Kalimantan,4700,2010,15,2.279297872340426,5,May,2025,Optimal,10.949148936170213
2025-06-01,EST007,12584.7,2536.5,663.2,False,0.20155426827814726,0.05269891217112843,202.1,15.0,56139.0,26.0,1.0,Estate Kalteng 01,Kalimantan,4700,2010,15,2.6775957446808514,6,Jun,2025,Optimal,11.944468085106383
2025-07-01,EST007,11966.9,2650.3,578.8,False,0.22146921926313418,0.04836674493812098,215.8,14.0,47008.0,26.0,1.0,Estate Kalteng 01,Kalimantan,4700,2010,15,2.5461489361702125,7,Jul,2025,Optimal,10.001702127659575
2025-08-01,EST007,11695.2,2293.4,516.3,False,0.19609754429167522,0.04414631643751282,261.8,16.0,39900.0,24.0,2.0,Estate Kalteng 01,Kalimantan,4700,2010,15,2.488340425531915,8,Aug,2025,Optimal,8.48936170212766
2025-09-01,EST007,11130.1,2079.1,567.8,False,0.18679975921150752,0.05101481568000287,229.5,14.0,48517.0,23.0,1.0,Estate Kalteng 01,Kalimantan,4700,2010,15,2.3681063829787234,9,Sep,2025,Optimal,10.322765957446808
2025-10-01,EST007,10091.7,2059.1,426.0,False,0.20403896271193156,0.04221290763696899,256.2,14.0,48583.0,24.0,1.0,Estate Kalteng 01,Kalimantan,4700,2010,15,2.1471702127659578,10,Oct,2025,Optimal,10.336808510638297
2025-11-01,EST007,9901.6,1948.3,497.0,False,0.19676617920336106,0.050193908055263796,263.5,21.0,47135.0,26.0,2.0,Estate Kalteng 01,Kalimantan,4700,2010,15,2.106723404255319,11,Nov,2025,Optimal,10.028723404255318
2025-12-01,EST007,9021.2,1644.9,386.9,False,0.18233716135325675,0.04288786414224271,273.8,17.0,49101.0,24.0,2.0,Estate Kalteng 01,Kalimantan,4700,2010,15,1.919404255319149,12,Dec,2025,Optimal,10.447021276595745
2019-01-01,EST008,6389.4,1418.7,334.2,False,0.2220396281340971,0.052305380786928354,308.3,20.0,36384.0,22.0,1.0,Estate Kaltim 01,Kalimantan,3900,2014,5,1.6383076923076922,1,Jan,2019,High,9.329230769230769
2019-02-01,EST008,5623.7,1072.2,255.2,False,0.19065739637605136,0.045379376567028826,253.6,16.0,41317.0,24.0,4.0,Estate Kaltim 01,Kalimantan,3900,2014,5,1.441974358974359,2,Feb,2019,Optimal,10.594102564102563
2019-03-01,EST008,7077.2,1220.1,337.9,False,0.17239868874696207,0.047744870852879664,264.3,18.0,46250.0,23.0,1.0,Estate Kaltim 01,Kalimantan,3900,2014,5,1.8146666666666667,3,Mar,2019,Optimal,11.85897435897436
2019-04-01,EST008,6705.8,1474.8,345.1,False,0.21992901667213455,0.0514629127024367,225.6,16.0,33681.0,22.0,1.0,Estate Kaltim 01,Kalimantan,3900,2014,5,1.7194358974358974,4,Apr,2019,Optimal,8.636153846153846
2019-05-01,EST008,7676.0,1477.1,354.1,False,0.19243095362167795,0.04613079729025534,237.0,17.0,38696.0,25.0,0.0,Estate Kaltim 01,Kalimantan,3900,2014,5,1.9682051282051283,5,May,2019,Optimal,9.922051282051282
2019-06-01,EST008,7040.4,1343.9,350.0,False,0.19088404067950687,0.04971308448383615,220.8,14.0,38343.0,26.0,3.0,Estate Kaltim 01,Kalimantan,3900,2014,5,1.8052307692307692,6,Jun,2019,Optimal,9.831538461538461
2019-07-01,EST008,7740.8,1343.2,328.4,False,0.17352211657709798,0.042424555601488216,225.9,15.0,41846.0,26.0,0.0,Estate Kaltim 01,Kalimantan,3900,2014,5,1.984820512820513,7,Jul,2019,Optimal,10.72974358974359
2019-08-01,EST008,7262.7,1642.2,386.0,False,0.2261142550291214,0.053148278188552465,192.2,13.0,29548.0,24.0,0.0,Estate Kaltim 01,Kalimantan,3900,2014,5,1.8622307692307691,8,Aug,2019,Optimal,7.576410256410257
2019-09-01,EST008,7084.8,1279.9,416.8,False,0.18065435862691961,0.05883017163504969,218.3,14.0,35518.0,22.0,1.0,Estate Kaltim 01,Kalimantan,3900,2014,5,1.8166153846153847,9,Sep,2019,Optimal,9.107179487179486
2019-10-01,EST008,6911.6,1388.4,414.7,False,0.20087968053706812,0.060000578737195435,225.5,17.0,32540.0,25.0,1.0,Estate Kaltim 01,Kalimantan,3900,2014,5,1.7722051282051283,10,Oct,2019,Optimal,8.343589743589744
2019-11-01,EST008,6150.7,1314.3,310.3,False,0.2136829954314143,0.05044954232851546,263.9,18.0,42000.0,22.0,1.0,Estate Kaltim 01,Kalimantan,3900,2014,5,1.577102564102564,11,Nov,2019,Optimal,10.76923076923077
2019-12-01,EST008,6678.95,1121.9,293.3,True,0.16797550513179468,0.0439140882923214,304.4,21.0,41088.0,26.0,1.0,Estate Kaltim 01,Kalimantan,3900,2014,5,1.712551282051282,12,Dec,2019,High,10.535384615384615
2020-01-01,EST008,7207.2,1435.0,296.2,False,0.19910644910644912,0.041097791097791096,306.4,21.0,31715.0,22.0,1.0,Estate Kaltim 01,Kalimantan,3900,2014,6,1.8479999999999999,1,Jan,2020,High,8.132051282051282
2020-02-01,EST008,7820.4,1364.5,449.8,False,0.17447956626259528,0.057516239578538186,251.9,19.0,50175.0,25.0,2.0,Estate Kaltim 01,Kalimantan,3900,2014,6,2.005230769230769,2,Feb,2020,Optimal,12.865384615384615
2020-03-01,EST008,7734.5,1453.0,416.7,False,0.18785959014803802,0.053875492921326526,284.2,19.0,41302.0,24.0,2.0,Estate Kaltim 01,Kalimantan,3900,2014,6,1.9832051282051282,3,Mar,2020,High,10.59025641025641
2020-04-01,EST008,8455.4,1714.9,402.3,False,0.2028171346122005,0.047579061901270196,271.4,16.0,34560.0,23.0,1.0,Estate Kaltim 01,Kalimantan,3900,2014,6,2.168051282051282,4,Apr,2020,Optimal,8.861538461538462
2020-05-01,EST008,8595.2,1617.6,482.9,False,0.18819806403574085,0.05618252047654504,235.3,16.0,41224.0,22.0,2.0,Estate Kaltim 01,Kalimantan,3900,2014,6,2.203897435897436,5,May,2020,Optimal,10.57025641025641
2020-06-01,EST008,7893.6,1602.8,384.6,False,0.20305057261579,0.048723016114320464,259.4,16.0,39490.0,23.0,3.0,Estate Kaltim 01,Kalimantan,3900,2014,6,2.024,6,Jun,2020,Optimal,10.125641025641025
2020-07-01,EST008,8923.3,1875.9,425.7,False,0.21022491679087335,0.04770656595654074,180.7,11.0,31054.0,26.0,2.0,Estate Kaltim 01,Kalimantan,3900,2014,6,2.2880256410256408,7,Jul,2020,Optimal,7.9625641025641025
2020-08-01,EST008,7667.2,1644.1,401.6,False,0.21443290901502504,0.05237896494156929,173.9,12.0,34406.0,24.0,2.0,Estate Kaltim 01,Kalimantan,3900,2014,6,1.9659487179487178,8,Aug,2020,Low,8.822051282051282
2020-09-01,EST008,8334.9,1513.7,372.4,False,0.1816098573468188,0.04467960023515579,180.5,14.0,42631.0,24.0,3.0,Estate Kaltim 01,Kalimantan,3900,2014,6,2.137153846153846,9,Sep,2020,Optimal,10.931025641025641
2020-10-01,EST008,7230.6,1663.0,398.5,False,0.22999474455785135,0.055112992006195884,287.4,19.0,36344.0,22.0,1.0,Estate Kaltim 01,Kalimantan,3900,2014,6,1.854,10,Oct,2020,High,9.318974358974359
2020-11-01,EST008,7355.8,1555.8,329.0,False,0.21150656624704314,0.044726610293917723,291.4,20.0,42156.0,24.0,1.0,Estate Kaltim 01,Kalimantan,3900,2014,6,1.8861025641025642,11,Nov,2020,High,10.80923076923077
2020-12-01,EST008,6392.5,1278.3,286.1,False,0.19996871333594055,0.044755572937035595,293.6,22.0,37461.0,22.0,2.0,Estate Kaltim 01,Kalimantan,3900,2014,6,1.639102564102564,12,Dec,2020,High,9.605384615384615
2021-01-01,EST008,7518.8,1626.6,341.7,False,0.2163377134649146,0.04544608182156727,294.5,20.0,32447.0,22.0,0.0,Estate Kaltim 01,Kalimantan,3900,2014,7,1.927897435897436,1,Jan,2021,High,8.31974358974359
2021-02-01,EST008,7900.4,1817.1,425.0,False,0.2300010126069566,0.0537947445698952,246.9,20.0,32822.0,23.0,0.0,Estate Kaltim 01,Kalimantan,3900,2014,7,2.02574358974359,2,Feb,2021,Optimal,8.415897435897437
2021-03-01,EST008,7708.2,1375.3,361.6,False,0.17842038348771438,0.04691108170519707,323.6,22.0,34678.0,24.0,1.0,Estate Kaltim 01,Kalimantan,3900,2014,7,1.9764615384615385,3,Mar,2021,High,8.891794871794872
2021-04-01,EST008,9010.9,1771.7,389.8,False,0.19661743000144272,0.04325871999467312,240.7,13.0,34929.0,22.0,0.0,Estate Kaltim 01,Kalimantan,3900,2014,7,2.3104871794871795,4,Apr,2021,Optimal,8.956153846153846
2021-05-01,EST008,7374.4,1253.6,346.4,False,0.16999349099587763,0.04697331308309829,227.7,16.0,28922.0,23.0,1.0,Estate Kaltim 01,Kalimantan,3900,2014,7,1.8908717948717948,5,May,2021,Optimal,7.415897435897436
2021-06-01,EST008,9328.4,1892.6,464.9,False,0.2028858110715664,0.04983705672998585,230.6,16.0,44209.0,25.0,0.0,Estate Kaltim 01,Kalimantan,3900,2014,7,2.3918974358974356,6,Jun,2021,Optimal,11.335641025641026
2021-07-01,EST008,9890.8,2032.4,436.1,False,0.20548388401342665,0.04409147895013549,212.0,16.0,43325.0,23.0,1.0,Estate Kaltim 01,Kalimantan,3900,2014,7,2.536102564102564,7,Jul,2021,Optimal,11.10897435897436
2021-08-01,EST008,10405.5,2075.0,460.4,False,0.19941377156311565,0.04424583153140166,210.6,15.0,47903.0,23.0,1.0,Estate Kaltim 01,Kalimantan,3900,2014,7,2.668076923076923,8,Aug,2021,Optimal,12.282820512820512
2021-09-01,EST008,8543.1,1624.7,512.6,False,0.19017686788168228,0.0600016387494001,205.2,13.0,46548.0,22.0,2.0,Estate Kaltim 01,Kalimantan,3900,2014,7,2.1905384615384618,9,Sep,2021,Optimal,11.935384615384615
2021-10-01,EST008,8537.5,1451.4,390.1,False,0.17000292825768668,0.045692532942898975,261.8,16.0,35160.0,26.0,0.0,Estate Kaltim 01,Kalimantan,3900,2014,7,2.1891025641025643,10,Oct,2021,Optimal,9.015384615384615
2021-11-01,EST008,7685.8,1580.2,371.9,False,0.2055999375471649,0.04838793619402014,322.1,21.0,49104.0,26.0,0.0,Estate Kaltim 01,Kalimantan,3900,2014,7,1.9707179487179487,11,Nov,2021,High,12.590769230769231
2021-12-01,EST008,7501.9,1664.2,361.3,False,0.2218371345925699,0.048161132513096686,328.6,21.0,32822.0,26.0,2.0,Estate Kaltim 01,Kalimantan,3900,2014,7,1.9235641025641024,12,Dec,2021,High,8.415897435897437
2022-01-01,EST008,6804.2,1300.5,325.9,False,0.1911319479145234,0.047896887216719086,327.3,21.0,47293.0,23.0,1.0,Estate Kaltim 01,Kalimantan,3900,2014,8,1.7446666666666666,1,Jan,2022,High,12.126410256410256
2022-02-01,EST008,7984.7,1649.6,424.0,False,0.20659511315390683,0.05310155672724085,262.2,18.0,47186.0,22.0,2.0,Estate Kaltim 01,Kalimantan,3900,2014,8,2.0473589743589744,2,Feb,2022,Optimal,12.09897435897436
2022-03-01,EST008,7576.5,1337.1,414.7,False,0.17647990496931298,0.05473503596647528,237.8,18.0,42861.0,24.0,1.0,Estate Kaltim 01,Kalimantan,3900,2014,8,1.9426923076923077,3,Mar,2022,Optimal,10.99
2022-04-01,EST008,7722.4,1597.4,374.3,False,0.2068527918781726,0.048469387755102046,234.4,16.0,49464.0,23.0,1.0,Estate Kaltim 01,Kalimantan,3900,2014,8,1.980102564102564,4,Apr,2022,Optimal,12.683076923076923
2022-05-01,EST008,8861.7,1720.0,388.3,False,0.1940936840561066,0.043817777627317554,226.4,13.0,41553.0,23.0,1.0,Estate Kaltim 01,Kalimantan,3900,2014,8,2.2722307692307693,5,May,2022,Optimal,10.654615384615385
2022-06-01,EST008,8884.6,1675.3,500.8,False,0.18856223127659094,0.056367197172635795,239.9,17.0,35758.0,22.0,2.0,Estate Kaltim 01,Kalimantan,3900,2014,8,2.2781025641025643,6,Jun,2022,Optimal,9.16871794871795
2022-07-01,EST008,8030.6,1514.5,397.7,False,0.18859113889373147,0.049523074241028066,157.7,12.0,34871.0,25.0,1.0,Estate Kaltim 01,Kalimantan,3900,2014,8,2.0591282051282054,7,Jul,2022,Low,8.941282051282052
2022-08-01,EST008,9238.1,1793.1,541.8,False,0.1940983535575497,0.05864842337710134,243.2,15.0,38517.0,23.0,0.0,Estate Kaltim 01,Kalimantan,3900,2014,8,2.36874358974359,8,Aug,2022,Optimal,9.876153846153846
2022-09-01,EST008,10055.8,2068.8,402.2,False,0.20573201535432292,0.03999681775691641,221.0,15.0,32142.0,25.0,0.0,Estate Kaltim 01,Kalimantan,3900,2014,8,2.578410256410256,9,Sep,2022,Optimal,8.241538461538461
2022-10-01,EST008,7980.7,1439.1,406.8,False,0.18032252809903893,0.05097297229566329,239.3,16.0,41100.0,25.0,1.0,Estate Kaltim 01,Kalimantan,3900,2014,8,2.046333333333333,10,Oct,2022,Optimal,10.538461538461538
2022-11-01,EST008,8490.3,1647.5,506.0,False,0.19404496896458312,0.059597422941474396,246.45,15.0,43878.0,26.0,0.0,Estate Kaltim 01,Kalimantan,3900,2014,8,2.1769999999999996,11,Nov,2022,Optimal,11.250769230769231
2022-12-01,EST008,6715.4,1338.9,323.9,False,0.1993775501087054,0.04823242100247193,253.6,18.0,38286.0,22.0,4.0,Estate Kaltim 01,Kalimantan,3900,2014,8,1.7218974358974357,12,Dec,2022,Optimal,9.816923076923077
2023-01-01,EST008,7759.6,1424.0,379.2,False,0.18351461415536882,0.04886849837620495,308.1,20.0,46868.0,25.0,0.0,Estate Kaltim 01,Kalimantan,3900,2014,9,1.9896410256410257,1,Jan,2023,High,12.017435897435897
2023-02-01,EST008,7645.8,1735.2,393.6,False,0.22694812838421094,0.05147924350623872,276.8,19.0,46729.0,22.0,3.0,Estate Kaltim 01,Kalimantan,3900,2014,9,1.9604615384615385,2,Feb,2023,Optimal,11.981794871794872
2023-03-01,EST008,8400.6,1572.6,396.6,False,0.1872009142204128,0.04721091350617813,230.3,14.0,46087.0,26.0,1.0,Estate Kaltim 01,Kalimantan,3900,2014,9,2.154,3,Mar,2023,Optimal,11.817179487179487
2023-04-01,EST008,9878.8,1876.6,478.5,False,0.18996234360448638,0.04843705713244524,205.1,13.0,45688.0,22.0,0.0,Estate Kaltim 01,Kalimantan,3900,2014,9,2.533025641025641,4,Apr,2023,Optimal,11.714871794871796
2023-05-01,EST008,9482.9,1757.4,458.1,False,0.18532305518354092,0.04830800704425862,216.6,16.0,37463.0,23.0,0.0,Estate Kaltim 01,Kalimantan,3900,2014,9,2.4315128205128205,5,May,2023,Optimal,9.605897435897436
2023-06-01,EST008,8752.5,1986.6,410.2,False,0.2269751499571551,0.04686660954013139,254.2,16.0,46626.0,25.0,4.0,Estate Kaltim 01,Kalimantan,3900,2014,9,2.2442307692307693,6,Jun,2023,Optimal,11.955384615384615
2023-07-01,EST008,8775.1,1827.8,492.7,False,0.20829392257638088,0.05614750829050381,193.5,15.0,43568.0,22.0,0.0,Estate Kaltim 01,Kalimantan,3900,2014,9,2.250025641025641,7,Jul,2023,Optimal,11.171282051282052
2023-08-01,EST008,7990.7,1485.9,418.0,False,0.18595367114270342,0.05231081131815736,167.4,11.0,31628.0,24.0,0.0,Estate Kaltim 01,Kalimantan,3900,2014,9,2.0488974358974357,8,Aug,2023,Low,8.109743589743589
2023-09-01,EST008,9636.7,2087.2,493.9,False,0.21658866624466877,0.05125198460053752,218.9,15.0,39285.0,22.0,1.0,Estate Kaltim 01,Kalimantan,3900,2014,9,2.470948717948718,9,Sep,2023,Optimal,10.073076923076924
2023-10-01,EST008,7991.8,1622.4,431.9,False,0.2030080832853675,0.05404289396631547,243.2,18.0,42077.0,25.0,1.0,Estate Kaltim 01,Kalimantan,3900,2014,9,2.049179487179487,10,Oct,2023,Optimal,10.78897435897436
2023-11-01,EST008,8399.8,1712.4,408.9,False,0.20386199671420752,0.04867973046977309,207.6,12.0,31714.0,26.0,0.0,Estate Kaltim 01,Kalimantan,3900,2014,9,2.1537948717948714,11,Nov,2023,Optimal,8.131794871794872
2023-12-01,EST008,7716.7,1503.5,356.0,False,0.19483717132971348,0.04613371000557233,293.6,17.0,39421.0,26.0,0.0,Estate Kaltim 01,Kalimantan,3900,2014,9,1.9786410256410256,12,Dec,2023,High,10.107948717948718
2024-01-01,EST008,8238.3,1555.1,387.1,False,0.18876467232317348,0.04698784943495625,281.7,16.0,40739.0,25.0,2.0,Estate Kaltim 01,Kalimantan,3900,2014,10,2.1123846153846153,1,Jan,2024,High,10.445897435897436
2024-02-01,EST008,7970.4,1634.5,398.6,False,0.20507126367559972,0.05001003713740842,292.4,21.0,36922.0,23.0,2.0,Estate Kaltim 01,Kalimantan,3900,2014,10,2.0436923076923077,2,Feb,2024,High,9.467179487179488
2024-03-01,EST008,8088.6,1551.6,361.6,False,0.19182553223054669,0.044704893306629086,308.7,20.0,41129.0,23.0,0.0,Estate Kaltim 01,Kalimantan,3900,2014,10,2.0740000000000003,3,Mar,2024,High,10.545897435897436
2024-04-01,EST008,9980.4,2268.1,474.1,False,0.22725542062442386,0.04750310608793235,265.7,22.0,40350.0,26.0,2.0,Estate Kaltim 01,Kalimantan,3900,2014,10,2.559076923076923,4,Apr,2024,Optimal,10.346153846153847
2024-05-01,EST008,9772.2,1768.4,463.4,False,0.18096232168805387,0.04742023290558932,218.3,14.0,39930.0,26.0,1.0,Estate Kaltim 01,Kalimantan,3900,2014,10,2.505692307692308,5,May,2024,Optimal,10.238461538461538
2024-06-01,EST008,9099.9,2029.7,546.0,False,0.22304640710337478,0.060000659347904925,184.8,13.0,28960.0,25.0,3.0,Estate Kaltim 01,Kalimantan,3900,2014,10,2.333307692307692,6,Jun,2024,Optimal,7.425641025641026
2024-07-01,EST008,10430.4,2068.7,417.2,False,0.1983337168277343,0.039998466022396074,264.3,20.0,33038.0,23.0,0.0,Estate Kaltim 01,Kalimantan,3900,2014,10,2.6744615384615384,7,Jul,2024,Optimal,8.471282051282051
2024-08-01,EST008,10691.7,2186.3,525.0,False,0.2044857225698439,0.049103510199500544,244.8,17.0,35904.0,26.0,0.0,Estate Kaltim 01,Kalimantan,3900,2014,10,2.7414615384615386,8,Aug,2024,Optimal,9.206153846153846
2024-09-01,EST008,10582.3,2248.7,620.4,False,0.21249633822514954,0.05862619657352371,225.3,18.0,45435.0,23.0,0.0,Estate Kaltim 01,Kalimantan,3900,2014,10,2.7134102564102562,9,Sep,2024,Optimal,11.65
2024-10-01,EST008,9804.4,1868.2,496.2,False,0.1905471013014565,0.05060993023540451,249.4,18.0,37072.0,26.0,0.0,Estate Kaltim 01,Kalimantan,3900,2014,10,2.513948717948718,10,Oct,2024,Optimal,9.505641025641026
2024-11-01,EST008,8331.3,1774.3,447.9,False,0.21296796418326072,0.053761117712721906,280.0,20.0,38451.0,22.0,2.0,Estate Kaltim 01,Kalimantan,3900,2014,10,2.136230769230769,11,Nov,2024,Optimal,9.85923076923077
2024-12-01,EST008,8677.5,1475.2,438.2,False,0.17000288101411698,0.05049841544223566,291.4,20.0,32243.0,24.0,1.0,Estate Kaltim 01,Kalimantan,3900,2014,10,2.225,12,Dec,2024,High,8.267435897435897
2025-01-01,EST008,8916.4,1687.0,416.1,False,0.18920192005742228,0.04666681620384909,273.2,19.0,35161.0,22.0,0.0,Estate Kaltim 01,Kalimantan,3900,2014,11,2.28625641025641,1,Jan,2025,Optimal,9.015641025641026
2025-02-01,EST008,8942.5,1664.5,357.7,False,0.1861336315348057,0.04,261.3,17.0,46736.0,26.0,0.0,Estate Kaltim 01,Kalimantan,3900,2014,11,2.292948717948718,2,Feb,2025,Optimal,11.983589743589743
2025-03-01,EST008,9568.8,1733.8,488.3,False,0.18119304405986122,0.05103043223810719,261.7,16.0,39336.0,24.0,1.0,Estate Kaltim 01,Kalimantan,3900,2014,11,2.4535384615384612,3,Mar,2025,Optimal,10.086153846153847
2025-04-01,EST008,8929.1,1757.0,411.8,False,0.19677235107681623,0.046118869762910034,223.9,15.0,28059.0,24.0,1.0,Estate Kaltim 01,Kalimantan,3900,2014,11,2.2895128205128206,4,Apr,2025,Optimal,7.194615384615385
2025-05-01,EST008,10269.0,2113.2,472.4,False,0.2057843996494303,0.04600253189210244,207.2,14.0,37033.0,26.0,1.0,Estate Kaltim 01,Kalimantan,3900,2014,11,2.633076923076923,5,May,2025,Optimal,9.495641025641026
2025-06-01,EST008,10631.55,2436.6,549.8,True,0.22918577253551928,0.05171400219159013,215.2,14.0,32528.0,26.0,0.0,Estate Kaltim 01,Kalimantan,3900,2014,11,2.726038461538461,6,Jun,2025,Optimal,8.34051282051282
2025-07-01,EST008,10994.1,2238.5,645.6,False,0.20360920857550868,0.05872240565394166,193.6,14.0,41025.0,23.0,0.0,Estate Kaltim 01,Kalimantan,3900,2014,11,2.819,7,Jul,2025,Optimal,10.51923076923077
2025-08-01,EST008,10501.3,1995.4,630.1,False,0.19001456962471316,0.060002094978716926,242.6,18.0,40572.0,26.0,1.0,Estate Kaltim 01,Kalimantan,3900,2014,11,2.6926410256410254,8,Aug,2025,Optimal,10.403076923076924
2025-09-01,EST008,7989.1,1642.0,408.1,False,0.20553003467224093,0.05108209936037852,158.7,11.0,32369.0,25.0,2.0,Estate Kaltim 01,Kalimantan,3900,2014,11,2.0484871794871795,9,Sep,2025,Low,8.29974358974359
2025-10-01,EST008,9819.6,1982.2,468.2,False,0.20186158295653592,0.047680149904273085,277.3,21.0,37767.0,26.0,1.0,Estate Kaltim 01,Kalimantan,3900,2014,11,2.517846153846154,10,Oct,2025,Optimal,9.683846153846154
2025-11-01,EST008,8748.2,1872.5,385.9,False,0.21404403191513682,0.044111931597357164,306.2,19.0,33909.0,25.0,0.0,Estate Kaltim 01,Kalimantan,3900,2014,11,2.243128205128205,11,Nov,2025,High,8.694615384615384
2025-12-01,EST008,8931.6,1890.4,467.5,False,0.21165300729992387,0.0523422455103229,243.2,16.0,44660.0,26.0,1.0,Estate Kaltim 01,Kalimantan,3900,2014,11,2.290153846153846,12,Dec,2025,Optimal,11.451282051282051
2019-01-01,EST009,6082.2,1219.2,358.3,False,0.2004537831705633,0.05890960507711026,209.9,13.0,43513.0,23.0,0.0,Estate Sulawesi 01,Sulawesi,3600,2011,8,1.6895,1,Jan,2019,Optimal,12.086944444444445
2019-02-01,EST009,7076.5,1320.1,345.1,False,0.18654702183282695,0.048767045856002264,199.7,11.0,30108.0,25.0,0.0,Estate Sulawesi 01,Sulawesi,3600,2011,8,1.9656944444444444,2,Feb,2019,Optimal,8.363333333333333
2019-03-01,EST009,5564.9,1058.5,222.6,False,0.19021006666786466,0.04000071879099355,164.3,11.0,38745.0,22.0,1.0,Estate Sulawesi 01,Sulawesi,3600,2011,8,1.5458055555555554,3,Mar,2019,Low,10.7625
2019-04-01,EST009,5770.9,1106.6,307.9,False,0.19175518549966208,0.05335389627267844,161.1,11.0,34212.0,25.0,2.0,Estate Sulawesi 01,Sulawesi,3600,2011,8,1.6030277777777777,4,Apr,2019,Low,9.503333333333334
2019-05-01,EST009,6553.9,1279.8,360.0,False,0.19527304353133249,0.054929126169151195,143.2,12.0,30165.0,23.0,0.0,Estate Sulawesi 01,Sulawesi,3600,2011,8,1.8205277777777777,5,May,2019,Low,8.379166666666666
2019-06-01,EST009,7164.6,1461.7,301.4,False,0.20401697233620858,0.042067945174887635,205.3,15.0,38356.0,25.0,0.0,Estate Sulawesi 01,Sulawesi,3600,2011,8,1.9901666666666669,6,Jun,2019,Optimal,10.654444444444444
2019-07-01,EST009,5937.9,1251.3,302.1,False,0.2107310665386753,0.05087657252564039,175.4,10.0,42978.0,26.0,4.0,Estate Sulawesi 01,Sulawesi,3600,2011,8,1.6494166666666665,7,Jul,2019,Low,11.938333333333333
2019-08-01,EST009,7083.7,1411.3,370.2,False,0.1992320397532363,0.05226082414557364,182.2,15.0,40406.0,26.0,0.0,Estate Sulawesi 01,Sulawesi,3600,2011,8,1.9676944444444444,8,Aug,2019,Optimal,11.223888888888888
2019-09-01,EST009,7401.7,1482.1,367.4,False,0.2002377832119648,0.04963724549765594,189.0,14.0,37220.0,23.0,0.0,Estate Sulawesi 01,Sulawesi,3600,2011,8,2.0560277777777776,9,Sep,2019,Optimal,10.338888888888889
2019-10-01,EST009,5654.1,1143.0,260.3,False,0.2021541889955961,0.04603738879750977,161.8,12.0,34701.0,24.0,1.0,Estate Sulawesi 01,Sulawesi,3600,2011,8,1.5705833333333334,10,Oct,2019,Low,9.639166666666666
2019-11-01,EST009,7487.9,1439.6,412.4,False,0.19225684103687282,0.05507552184190494,195.9,13.0,39453.0,26.0,0.0,Estate Sulawesi 01,Sulawesi,3600,2011,8,2.079972222222222,11,Nov,2019,Optimal,10.959166666666667
2019-12-01,EST009,5862.8,1091.2,281.3,False,0.18612267176093333,0.04798048713925087,236.4,14.0,32691.0,22.0,1.0,Estate Sulawesi 01,Sulawesi,3600,2011,8,1.6285555555555555,12,Dec,2019,Optimal,9.080833333333333
2020-01-01,EST009,5857.7,1017.3,249.4,False,0.1736688461341482,0.04257643785103368,187.9,12.0,35145.0,23.0,2.0,Estate Sulawesi 01,Sulawesi,3600,2011,9,1.627138888888889,1,Jan,2020,Optimal,9.7625
2020-02-01,EST009,6253.0,1185.4,250.1,False,0.18957300495762036,0.039996801535263075,226.8,17.0,33613.0,25.0,1.0,Estate Sulawesi 01,Sulawesi,3600,2011,9,1.7369444444444444,2,Feb,2020,Optimal,9.336944444444445
2020-03-01,EST009,6848.8,1418.4,385.6,False,0.20710197406844996,0.056301833897909125,193.5,16.0,39423.0,25.0,1.0,Estate Sulawesi 01,Sulawesi,3600,2011,9,1.9024444444444446,3,Mar,2020,Optimal,10.950833333333334
2020-04-01,EST009,6112.5,1158.1,324.5,False,0.1894642126789366,0.0530879345603272,171.1,14.0,32515.0,22.0,0.0,Estate Sulawesi 01,Sulawesi,3600,2011,9,1.6979166666666667,4,Apr,2020,Low,9.031944444444445
2020-05-01,EST009,7384.0,1450.5,372.4,False,0.19643824485373781,0.050433369447453955,188.8,12.0,30633.0,26.0,1.0,Estate Sulawesi 01,Sulawesi,3600,2011,9,2.051111111111111,5,May,2020,Optimal,8.509166666666667
2020-06-01,EST009,6439.2,1332.9,307.8,False,0.20699776369735373,0.047800969064480066,172.6,10.0,42494.0,23.0,1.0,Estate Sulawesi 01,Sulawesi,3600,2011,9,1.7886666666666666,6,Jun,2020,Low,11.803888888888888
2020-07-01,EST009,6063.1,1260.0,287.1,False,0.2078144843396942,0.04735201464597318,143.0,10.0,31347.0,22.0,2.0,Estate Sulawesi 01,Sulawesi,3600,2011,9,1.6841944444444445,7,Jul,2020,Low,8.7075
2020-08-01,EST009,6761.9,1242.9,301.7,False,0.1838092843727355,0.04461763705467398,184.8,10.0,32387.0,26.0,1.0,Estate Sulawesi 01,Sulawesi,3600,2011,9,1.8783055555555555,8,Aug,2020,Optimal,8.99638888888889
2020-09-01,EST009,5563.7,1196.0,266.2,False,0.2149648615130219,0.04784585797221273,144.0,10.0,33834.0,23.0,0.0,Estate Sulawesi 01,Sulawesi,3600,2011,9,1.5454722222222221,9,Sep,2020,Low,9.398333333333333
2020-10-01,EST009,6296.4,1365.8,251.9,False,0.21691760371005656,0.04000698812019567,205.4,13.0,28867.0,25.0,2.0,Estate Sulawesi 01,Sulawesi,3600,2011,9,1.7489999999999999,10,Oct,2020,Optimal,8.018611111111111
2020-11-01,EST009,6272.7,1148.2,290.5,False,0.1830471726688667,0.04631179555853142,223.8,14.0,29942.0,23.0,1.0,Estate Sulawesi 01,Sulawesi,3600,2011,9,1.7424166666666667,11,Nov,2020,Optimal,8.317222222222222
2020-12-01,EST009,5974.7,1121.1,289.4,False,0.18764122047968934,0.04843757845582205,216.5,12.0,33198.0,24.0,1.0,Estate Sulawesi 01,Sulawesi,3600,2011,9,1.6596388888888889,12,Dec,2020,Optimal,9.221666666666666
2021-01-01,EST009,7609.4,1657.8,403.7,False,0.2178621179067995,0.053052803111940494,226.7,16.0,38450.0,23.0,2.0,Estate Sulawesi 01,Sulawesi,3600,2011,10,2.113722222222222,1,Jan,2021,Optimal,10.680555555555555
2021-02-01,EST009,6802.8,1345.6,338.8,False,0.19780090550949608,0.049803022284941496,177.7,11.0,31702.0,24.0,2.0,Estate Sulawesi 01,Sulawesi,3600,2011,10,1.8896666666666668,2,Feb,2021,Low,8.806111111111111
2021-03-01,EST009,8279.7,1407.5,446.9,False,0.16999408191118034,0.05397538558160319,222.6,13.0,41874.0,23.0,0.0,Estate Sulawesi 01,Sulawesi,3600,2011,10,2.299916666666667,3,Mar,2021,Optimal,11.631666666666666
2021-04-01,EST009,6315.5,1130.5,358.4,False,0.17900403768506057,0.05674926767476842,175.9,7.0,35719.0,24.0,2.0,Estate Sulawesi 01,Sulawesi,3600,2011,10,1.7543055555555556,4,Apr,2021,Low,9.921944444444444
2021-05-01,EST009,6568.9,1289.2,363.2,False,0.19625812540912482,0.05529084017110932,157.9,10.0,38131.0,25.0,4.0,Estate Sulawesi 01,Sulawesi,3600,2011,10,1.8246944444444444,5,May,2021,Low,10.591944444444444
2021-06-01,EST009,7977.1,1456.3,417.6,False,0.18256007822391596,0.052349851449774984,187.7,15.0,35562.0,26.0,3.0,Estate Sulawesi 01,Sulawesi,3600,2011,10,2.2158611111111113,6,Jun,2021,Optimal,9.878333333333334
2021-07-01,EST009,7735.7,1499.2,387.2,False,0.19380275863852012,0.05005364737515674,134.4,11.0,35234.0,24.0,0.0,Estate Sulawesi 01,Sulawesi,3600,2011,10,2.1488055555555556,7,Jul,2021,Low,9.787222222222223
2021-08-01,EST009,7427.9,1489.2,335.0,False,0.20048735174140742,0.04510023021311542,120.6,7.0,40132.0,24.0,2.0,Estate Sulawesi 01,Sulawesi,3600,2011,10,2.0633055555555555,8,Aug,2021,Low,11.147777777777778
2021-09-01,EST009,6887.7,1528.6,369.9,False,0.2219318495288703,0.05370442963543708,132.1,8.0,30892.0,25.0,1.0,Estate Sulawesi 01,Sulawesi,3600,2011,10,1.91325,9,Sep,2021,Low,8.581111111111111
2021-10-01,EST009,7590.0,1484.9,443.2,False,0.19563899868247694,0.05839262187088274,205.2,14.0,33214.0,24.0,1.0,Estate Sulawesi 01,Sulawesi,3600,2011,10,2.1083333333333334,10,Oct,2021,Optimal,9.226111111111111
2021-11-01,EST009,6555.3,1416.5,339.0,False,0.21608469482708648,0.05171388037160771,177.0,10.0,42336.0,22.0,1.0,Estate Sulawesi 01,Sulawesi,3600,2011,10,1.8209166666666667,11,Nov,2021,Low,11.76
2021-12-01,EST009,7175.8,1588.9,427.6,False,0.22142478887371445,0.05958917472616294,268.1,18.0,41723.0,25.0,3.0,Estate Sulawesi 01,Sulawesi,3600,2011,10,1.993277777777778,12,Dec,2021,Optimal,11.589722222222223
2022-01-01,EST009,6995.6,1549.6,296.4,False,0.22151066384584595,0.042369489393332946,166.5,12.0,41458.0,22.0,0.0,Estate Sulawesi 01,Sulawesi,3600,2011,11,1.9432222222222224,1,Jan,2022,Low,11.516111111111112
2022-02-01,EST009,7165.5,1463.7,316.9,False,0.20427046263345197,0.04422580420068383,251.4,19.0,33918.0,25.0,1.0,Estate Sulawesi 01,Sulawesi,3600,2011,11,1.9904166666666667,2,Feb,2022,Optimal,9.421666666666667
2022-03-01,EST009,7750.2,1321.8,420.6,False,0.17055043740806689,0.054269567236974535,204.8,14.0,37006.0,24.0,4.0,Estate Sulawesi 01,Sulawesi,3600,2011,11,2.152833333333333,3,Mar,2022,Optimal,10.279444444444444
2022-04-01,EST009,6771.5,1401.1,347.5,False,0.20691131950084912,0.05131802407147604,178.1,12.0,36233.0,22.0,1.0,Estate Sulawesi 01,Sulawesi,3600,2011,11,1.8809722222222223,4,Apr,2022,Low,10.064722222222223
2022-05-01,EST009,6558.8,1414.9,371.0,False,0.21572543758004514,0.056565225346099895,157.4,9.0,39120.0,24.0,2.0,Estate Sulawesi 01,Sulawesi,3600,2011,11,1.821888888888889,5,May,2022,Low,10.866666666666667
2022-06-01,EST009,7541.2,1499.1,376.5,False,0.19878799130111918,0.04992574126133772,171.5,10.0,31777.0,25.0,2.0,Estate Sulawesi 01,Sulawesi,3600,2011,11,2.094777777777778,6,Jun,2022,Low,8.826944444444445
2022-07-01,EST009,7671.6,1735.1,350.3,False,0.22617185463267112,0.04566192189373794,151.1,10.0,37733.0,24.0,0.0,Estate Sulawesi 01,Sulawesi,3600,2011,11,2.1310000000000002,7,Jul,2022,Low,10.481388888888889
2022-08-01,EST009,8581.7,1827.0,419.9,False,0.21289488096764042,0.04892969924373958,183.4,13.0,32571.0,22.0,2.0,Estate Sulawesi 01,Sulawesi,3600,2011,11,2.383805555555556,8,Aug,2022,Optimal,9.0475
2022-09-01,EST009,5943.4,1239.3,251.6,False,0.20851701046539017,0.042332671534811725,173.9,13.0,31444.0,22.0,3.0,Estate Sulawesi 01,Sulawesi,3600,2011,11,1.6509444444444443,9,Sep,2022,Low,8.734444444444444
2022-10-01,EST009,8830.3,1910.0,391.7,False,0.21630069193572135,0.044358628812158137,193.8,12.0,44612.0,24.0,0.0,Estate Sulawesi 01,Sulawesi,3600,2011,11,2.452861111111111,10,Oct,2022,Optimal,12.392222222222221
2022-11-01,EST009,7482.8,1534.0,410.5,False,0.2050034746351633,0.054859143636072055,199.9,16.0,32103.0,23.0,2.0,Estate Sulawesi 01,Sulawesi,3600,2011,11,2.0785555555555555,11,Nov,2022,Optimal,8.9175
2022-12-01,EST009,6487.1,1102.8,352.7,False,0.16999892093539484,0.054369440890382446,222.8,14.0,32258.0,25.0,2.0,Estate Sulawesi 01,Sulawesi,3600,2011,11,1.8019722222222223,12,Dec,2022,Optimal,8.960555555555555
2023-01-01,EST009,5970.9,1149.5,309.4,False,0.19251704098209652,0.051817983888526015,226.2,15.0,28702.0,25.0,2.0,Estate Sulawesi 01,Sulawesi,3600,2011,12,1.6585833333333333,1,Jan,2023,Optimal,7.972777777777778
2023-02-01,EST009,7222.9,1574.3,299.0,False,0.21795954533497627,0.04139611513381052,166.2,10.0,46197.0,24.0,2.0,Estate Sulawesi 01,Sulawesi,3600,2011,12,2.006361111111111,2,Feb,2023,Low,12.8325
2023-03-01,EST009,6832.7,1283.8,329.4,False,0.18789058498104702,0.0482093462320898,165.8,7.0,37499.0,23.0,0.0,Estate Sulawesi 01,Sulawesi,3600,2011,12,1.8979722222222222,3,Mar,2023,Low,10.41638888888889
2023-04-01,EST009,7787.6,1531.4,341.7,False,0.19664594997174997,0.04387744619651754,199.1,15.0,39224.5,22.0,1.0,Estate Sulawesi 01,Sulawesi,3600,2011,12,2.163222222222222,4,Apr,2023,Optimal,10.895694444444445
2023-05-01,EST009,6580.6,1213.0,367.7,False,0.18432969638026928,0.05587636385739902,175.3,13.0,40950.0,26.0,2.0,Estate Sulawesi 01,Sulawesi,3600,2011,12,1.8279444444444446,5,May,2023,Low,11.375
2023-06-01,EST009,7760.3,1759.7,365.4,False,0.22675669755035244,0.0470858085383297,156.9,10.0,40328.0,26.0,1.0,Estate Sulawesi 01,Sulawesi,3600,2011,12,2.155638888888889,6,Jun,2023,Low,11.202222222222222
2023-07-01,EST009,7709.7,1736.4,343.6,False,0.22522277131405893,0.044567233485090216,152.5,10.0,35599.0,24.0,1.0,Estate Sulawesi 01,Sulawesi,3600,2011,12,2.141583333333333,7,Jul,2023,Low,9.88861111111111
2023-08-01,EST009,7866.8,1469.1,394.5,False,0.18674683479941018,0.05014745512787919,164.5,12.0,39060.0,23.0,1.0,Estate Sulawesi 01,Sulawesi,3600,2011,12,2.1852222222222224,8,Aug,2023,Low,10.85
2023-09-01,EST009,6622.3,1339.1,309.9,False,0.20221071229029186,0.046796430243268954,157.5,8.0,35979.0,23.0,1.0,Estate Sulawesi 01,Sulawesi,3600,2011,12,1.8395277777777779,9,Sep,2023,Low,9.994166666666667
2023-10-01,EST009,6105.2,1158.7,350.6,False,0.18978903230033414,0.05742645613575313,170.5,11.0,36092.0,25.0,2.0,Estate Sulawesi 01,Sulawesi,3600,2011,12,1.6958888888888888,10,Oct,2023,Low,10.025555555555556
2023-11-01,EST009,7792.3,1630.3,361.0,False,0.2092193575709354,0.0463277851212094,213.9,15.0,30695.0,22.0,0.0,Estate Sulawesi 01,Sulawesi,3600,2011,12,2.164527777777778,11,Nov,2023,Optimal,8.526388888888889
2023-12-01,EST009,7459.3,1548.9,320.8,False,0.2076468301315137,0.043006716447924066,199.7,11.0,42055.0,23.0,3.0,Estate Sulawesi 01,Sulawesi,3600,2011,12,2.072027777777778,12,Dec,2023,Optimal,11.681944444444444
2024-01-01,EST009,6948.7,1474.3,277.9,False,0.21216918272482624,0.039993092233079564,228.7,16.0,36460.0,26.0,0.0,Estate Sulawesi 01,Sulawesi,3600,2011,13,1.9301944444444443,1,Jan,2024,Optimal,10.127777777777778
2024-02-01,EST009,6755.8,1384.8,336.8,False,0.20497942508659225,0.04985345924982978,166.4,9.0,33988.0,22.0,2.0,Estate Sulawesi 01,Sulawesi,3600,2011,13,1.8766111111111112,2,Feb,2024,Low,9.44111111111111
2024-03-01,EST009,7909.2,1819.1,373.2,False,0.22999797703939714,0.04718555606129571,225.2,16.0,31516.0,22.0,1.0,Estate Sulawesi 01,Sulawesi,3600,2011,13,2.197,3,Mar,2024,Optimal,8.754444444444445
2024-04-01,EST009,8789.9,1622.4,376.7,False,0.18457547867438767,0.04285600518777233,192.3,13.0,29552.0,24.0,0.0,Estate Sulawesi 01,Sulawesi,3600,2011,13,2.441638888888889,4,Apr,2024,Optimal,8.20888888888889
2024-05-01,EST009,6399.9,1115.8,358.0,False,0.1743464741636588,0.055938374037094334,177.4,9.0,27856.0,23.0,2.0,Estate Sulawesi 01,Sulawesi,3600,2011,13,1.77775,5,May,2024,Low,7.737777777777778
2024-06-01,EST009,8080.1,1568.4,431.0,False,0.19410650858281459,0.053340923998465364,186.1,14.0,41337.0,24.0,0.0,Estate Sulawesi 01,Sulawesi,3600,2011,13,2.2444722222222224,6,Jun,2024,Optimal,11.4825
2024-07-01,EST009,8153.4,1438.9,406.5,False,0.17647852429661248,0.049856501582162045,193.6,12.0,28664.0,23.0,0.0,Estate Sulawesi 01,Sulawesi,3600,2011,13,2.2648333333333333,7,Jul,2024,Optimal,7.9622222222222225
2024-08-01,EST009,8893.7,1579.6,505.4,False,0.17760886919954572,0.05682674252560801,181.2,11.0,35529.0,25.0,2.0,Estate Sulawesi 01,Sulawesi,3600,2011,13,2.4704722222222224,8,Aug,2024,Optimal,9.869166666666667
2024-09-01,EST009,6976.6,1290.5,371.9,False,0.18497548949344952,0.05330676833987902,125.0,9.0,34755.0,24.0,0.0,Estate Sulawesi 01,Sulawesi,3600,2011,13,1.9379444444444445,9,Sep,2024,Low,9.654166666666667
2024-10-01,EST009,6649.8,1238.0,305.1,False,0.18617101266203495,0.045881079130199405,158.0,12.0,31479.0,24.0,1.0,Estate Sulawesi 01,Sulawesi,3600,2011,13,1.8471666666666666,10,Oct,2024,Low,8.744166666666667
2024-11-01,EST009,7855.5,1458.6,352.0,False,0.18567882375405764,0.044809369231748455,193.4,11.0,45042.0,26.0,0.0,Estate Sulawesi 01,Sulawesi,3600,2011,13,2.1820833333333334,11,Nov,2024,Optimal,12.511666666666667
2024-12-01,EST009,6154.3,1278.7,332.9,False,0.20777342670978016,0.054092260695773685,224.9,15.0,32992.0,24.0,1.0,Estate Sulawesi 01,Sulawesi,3600,2011,13,1.7095277777777778,12,Dec,2024,Optimal,9.164444444444445
2025-01-01,EST009,8171.3,1572.2,424.8,False,0.1924051252554673,0.051986831960642736,231.4,16.0,32966.0,23.0,0.0,Estate Sulawesi 01,Sulawesi,3600,2011,14,2.2698055555555556,1,Jan,2025,Optimal,9.157222222222222
2025-02-01,EST009,6801.4,1342.0,345.8,False,0.19731231805216573,0.05084247360837475,190.9,14.0,34139.0,26.0,3.0,Estate Sulawesi 01,Sulawesi,3600,2011,14,1.8892777777777776,2,Feb,2025,Optimal,9.483055555555556
2025-03-01,EST009,8301.5,1771.7,379.9,False,0.21341926157923266,0.045762813949286274,204.2,14.0,30983.0,24.0,0.0,Estate Sulawesi 01,Sulawesi,3600,2011,14,2.305972222222222,3,Mar,2025,Optimal,8.606388888888889
2025-04-01,EST009,7271.3,1370.7,385.7,False,0.18850824474303082,0.05304415991638359,161.6,10.0,30054.0,24.0,0.0,Estate Sulawesi 01,Sulawesi,3600,2011,14,2.0198055555555556,4,Apr,2025,Low,8.348333333333333
2025-05-01,EST009,7680.6,1505.6,355.0,False,0.19602635210790822,0.04622034736869515,155.7,9.0,42544.0,25.0,3.0,Estate Sulawesi 01,Sulawesi,3600,2011,14,2.1335,5,May,2025,Low,11.817777777777778
2025-06-01,EST009,8059.3,1656.1,398.9,False,0.20548931048602234,0.049495613762981894,126.3,9.0,45010.0,24.0,1.0,Estate Sulawesi 01,Sulawesi,3600,2011,14,2.2386944444444445,6,Jun,2025,Low,12.502777777777778
2025-07-01,EST009,7311.7,1249.4,418.5,False,0.17087681387365458,0.057237031059808256,128.9,7.0,30861.0,22.0,3.0,Estate Sulawesi 01,Sulawesi,3600,2011,14,2.0310277777777777,7,Jul,2025,Low,8.5725
2025-08-01,EST009,7069.7,1201.8,330.1,False,0.1699930690128294,0.046692221735009976,122.0,5.0,39041.0,26.0,2.0,Estate Sulawesi 01,Sulawesi,3600,2011,14,1.9638055555555556,8,Aug,2025,Low,10.844722222222222
2025-09-01,EST009,7594.3,1558.3,320.0,False,0.20519336871074356,0.04213686580725017,146.6,10.0,36930.0,22.0,0.0,Estate Sulawesi 01,Sulawesi,3600,2011,14,2.1095277777777777,9,Sep,2025,Low,10.258333333333333
2025-10-01,EST009,7295.2,1512.9,326.4,False,0.20738293672551816,0.044741747998684064,216.3,16.0,42191.0,26.0,1.0,Estate Sulawesi 01,Sulawesi,3600,2011,14,2.0264444444444445,10,Oct,2025,Optimal,11.719722222222222
2025-11-01,EST009,7669.9,1764.1,421.6,False,0.23000299873531596,0.05496812213979322,185.3,9.0,35672.0,25.0,1.0,Estate Sulawesi 01,Sulawesi,3600,2011,14,2.1305277777777776,11,Nov,2025,Optimal,9.908888888888889
2025-12-01,EST009,6348.8,1284.8,325.5,False,0.20236895161290322,0.05126953125,290.0,18.0,30062.0,24.0,1.0,Estate Sulawesi 01,Sulawesi,3600,2011,14,1.7635555555555555,12,Dec,2025,High,8.350555555555555
2019-01-01,EST010,8614.3,1828.8,425.2,False,0.21229815539277713,0.049359785472992586,230.8,16.0,37672.0,24.0,0.0,Estate Sulawesi 02,Sulawesi,4300,2012,7,2.0033255813953486,1,Jan,2019,Optimal,8.76093023255814
2019-02-01,EST010,7926.9,1562.1,376.2,False,0.19706316466714605,0.04745865344586156,213.6,17.0,45997.0,24.0,2.0,Estate Sulawesi 02,Sulawesi,4300,2012,7,1.8434651162790696,2,Feb,2019,Optimal,10.696976744186047
2019-03-01,EST010,7777.5,1590.2,407.7,False,0.20446158791385408,0.05242044358727097,178.0,12.0,47720.0,26.0,2.0,Estate Sulawesi 02,Sulawesi,4300,2012,7,1.8087209302325582,3,Mar,2019,Low,11.097674418604651
2019-04-01,EST010,8996.7,2024.3,411.6,False,0.2250047239543388,0.04575010837307013,198.0,12.0,35255.0,24.0,0.0,Estate Sulawesi 02,Sulawesi,4300,2012,7,2.0922558139534884,4,Apr,2019,Optimal,8.198837209302326
2019-05-01,EST010,7367.5,1252.5,379.6,False,0.170003393281303,0.05152358330505599,156.6,10.0,41573.0,22.0,0.0,Estate Sulawesi 02,Sulawesi,4300,2012,7,1.7133720930232559,5,May,2019,Low,9.668139534883721
2019-06-01,EST010,7292.4,1503.7,338.0,False,0.20620097635894907,0.0463496242663595,186.3,13.0,50541.0,24.0,5.0,Estate Sulawesi 02,Sulawesi,4300,2012,7,1.695906976744186,6,Jun,2019,Optimal,11.753720930232559
2019-07-01,EST010,10549.0,2426.3,480.1,False,0.23000284387145703,0.04551142288368566,216.0,13.0,47806.0,25.0,0.0,Estate Sulawesi 02,Sulawesi,4300,2012,7,2.4532558139534886,7,Jul,2019,Optimal,11.11767441860465
2019-08-01,EST010,8781.6,1793.5,411.1,False,0.20423385260089277,0.046813792475175364,153.4,9.0,49399.0,22.0,0.0,Estate Sulawesi 02,Sulawesi,4300,2012,7,2.042232558139535,8,Aug,2019,Low,11.488139534883722
2019-09-01,EST010,9621.9,2162.6,463.0,False,0.2247581039087914,0.04811939429842339,199.7,13.0,49857.0,24.0,1.0,Estate Sulawesi 02,Sulawesi,4300,2012,7,2.2376511627906974,9,Sep,2019,Optimal,11.594651162790697
2019-10-01,EST010,7246.2,1380.8,360.5,False,0.19055504954320884,0.04975021390521929,172.4,10.0,44570.0,24.0,2.0,Estate Sulawesi 02,Sulawesi,4300,2012,7,1.6851627906976743,10,Oct,2019,Low,10.365116279069767
2019-11-01,EST010,7601.2,1516.6,389.0,False,0.19952112824290902,0.051176130084723465,208.1,14.0,43482.0,23.0,1.0,Estate Sulawesi 02,Sulawesi,4300,2012,7,1.767720930232558,11,Nov,2019,Optimal,10.112093023255815
2019-12-01,EST010,7239.1,1451.5,289.6,False,0.2005083504855576,0.04000497299388046,268.5,20.0,44369.0,26.0,2.0,Estate Sulawesi 02,Sulawesi,4300,2012,7,1.6835116279069768,12,Dec,2019,Optimal,10.318372093023255
2020-01-01,EST010,7944.7,1350.6,365.2,False,0.1700001258700769,0.045967752086296526,202.8,14.0,36627.0,22.0,1.0,Estate Sulawesi 02,Sulawesi,4300,2012,8,1.8476046511627906,1,Jan,2020,Optimal,8.517906976744186
2020-02-01,EST010,7136.7,1302.3,342.9,False,0.18247929715414687,0.04804741687334482,254.3,17.0,42982.0,23.0,1.0,Estate Sulawesi 02,Sulawesi,4300,2012,8,1.6596976744186047,2,Feb,2020,Optimal,9.995813953488373
2020-03-01,EST010,8960.7,1644.7,515.5,False,0.18354592833149194,0.057528987690693804,217.2,14.0,46276.0,25.0,2.0,Estate Sulawesi 02,Sulawesi,4300,2012,8,2.0838837209302326,3,Mar,2020,Optimal,10.761860465116278
2020-04-01,EST010,7823.5,1661.2,348.9,False,0.21233463283696555,0.0445964082571739,166.4,9.0,38657.0,26.0,1.0,Estate Sulawesi 02,Sulawesi,4300,2012,8,1.819418604651163,4,Apr,2020,Low,8.99
2020-05-01,EST010,9536.9,2032.1,484.6,False,0.21307762480470593,0.05081315731527017,186.8,14.0,43261.0,22.0,1.0,Estate Sulawesi 02,Sulawesi,4300,2012,8,2.2178837209302324,5,May,2020,Optimal,10.060697674418604
2020-06-01,EST010,8925.3,1828.4,513.0,False,0.20485585918680607,0.05747705959463548,185.8,12.0,47370.0,24.0,1.0,Estate Sulawesi 02,Sulawesi,4300,2012,8,2.0756511627906975,6,Jun,2020,Optimal,11.016279069767442
2020-07-01,EST010,9261.3,1966.7,402.3,False,0.21235679656203774,0.04343882608273137,167.5,11.0,50963.0,22.0,1.0,Estate Sulawesi 02,Sulawesi,4300,2012,8,2.1537906976744186,7,Jul,2020,Low,11.851860465116278
2020-08-01,EST010,8089.2,1597.9,420.4,False,0.19753498491816252,0.05197052860604262,116.5,13.0,34407.0,24.0,1.0,Estate Sulawesi 02,Sulawesi,4300,2012,8,1.8812093023255814,8,Aug,2020,Very Low,8.001627906976744
2020-09-01,EST010,6965.6,1518.7,320.3,False,0.21802859768002755,0.04598311703227288,152.8,11.0,38790.0,26.0,2.0,Estate Sulawesi 02,Sulawesi,4300,2012,8,1.619906976744186,9,Sep,2020,Low,9.02093023255814
2020-10-01,EST010,8862.5,1773.7,420.8,False,0.20013540197461213,0.04748095909732017,183.8,11.0,44663.0,24.0,0.0,Estate Sulawesi 02,Sulawesi,4300,2012,8,2.061046511627907,10,Oct,2020,Optimal,10.386744186046512
2020-11-01,EST010,7987.7,1604.5,367.3,False,0.20087133968476534,0.045983199168721914,207.1,13.0,36082.0,25.0,1.0,Estate Sulawesi 02,Sulawesi,4300,2012,8,1.8576046511627906,11,Nov,2020,Optimal,8.391162790697674
2020-12-01,EST010,6854.5,1343.6,317.6,False,0.19601721496826902,0.04633452476475308,239.7,18.0,50178.0,24.0,4.0,Estate Sulawesi 02,Sulawesi,4300,2012,8,1.5940697674418605,12,Dec,2020,Optimal,11.669302325581395
2021-01-01,EST010,8638.7,1816.4,518.3,False,0.21026311829326172,0.05999745332052275,222.9,15.0,47553.0,25.0,0.0,Estate Sulawesi 02,Sulawesi,4300,2012,9,2.0090000000000003,1,Jan,2021,Optimal,11.058837209302325
2021-02-01,EST010,7554.8,1463.2,409.6,False,0.1936781913485466,0.054217186424524805,175.6,10.0,36964.0,26.0,0.0,Estate Sulawesi 02,Sulawesi,4300,2012,9,1.7569302325581395,2,Feb,2021,Low,8.596279069767442
2021-03-01,EST010,8231.3,1766.8,456.9,False,0.214644102389659,0.05550763548892642,209.0,15.0,45295.0,26.0,1.0,Estate Sulawesi 02,Sulawesi,4300,2012,9,1.9142558139534882,3,Mar,2021,Optimal,10.533720930232558
2021-04-01,EST010,9008.2,1648.7,472.6,False,0.1830221353877578,0.05246331120534624,195.8,12.0,40950.0,22.0,2.0,Estate Sulawesi 02,Sulawesi,4300,2012,9,2.0949302325581396,4,Apr,2021,Optimal,9.523255813953488
2021-05-01,EST010,7603.2,1395.3,319.1,False,0.18351483585858586,0.04196917087542088,185.0,15.0,41716.0,25.0,4.0,Estate Sulawesi 02,Sulawesi,4300,2012,9,1.768186046511628,5,May,2021,Optimal,9.70139534883721
2021-06-01,EST010,8736.9,1837.5,454.1,False,0.21031487140747862,0.05197495679245499,188.5,14.0,49771.0,25.0,2.0,Estate Sulawesi 02,Sulawesi,4300,2012,9,2.0318372093023256,6,Jun,2021,Optimal,11.574651162790698
2021-07-01,EST010,9003.4,1788.7,498.5,False,0.19866939156318725,0.055367972099429105,172.8,11.0,50692.0,23.0,0.0,Estate Sulawesi 02,Sulawesi,4300,2012,9,2.093813953488372,7,Jul,2021,Low,11.788837209302326
2021-08-01,EST010,8384.7,1619.9,383.5,False,0.193197132872971,0.045738070533233144,167.3,13.0,41458.0,23.0,0.0,Estate Sulawesi 02,Sulawesi,4300,2012,9,1.9499302325581398,8,Aug,2021,Low,9.641395348837209
2021-09-01,EST010,7380.2,1574.6,404.6,False,0.21335465163545703,0.05482236253760061,169.2,11.0,46455.0,23.0,1.0,Estate Sulawesi 02,Sulawesi,4300,2012,9,1.7163255813953489,9,Sep,2021,Low,10.803488372093023
2021-10-01,EST010,7779.5,1485.0,416.4,False,0.19088630374702745,0.05352529082845941,148.5,11.0,41065.0,24.0,0.0,Estate Sulawesi 02,Sulawesi,4300,2012,9,1.8091860465116278,10,Oct,2021,Low,9.55
2021-11-01,EST010,8527.2,1679.8,505.3,False,0.19699315132751663,0.059257435031428836,219.7,15.0,44250.5,23.0,1.0,Estate Sulawesi 02,Sulawesi,4300,2012,9,1.9830697674418607,11,Nov,2021,Optimal,10.290813953488373
2021-12-01,EST010,7962.0,1759.5,381.5,False,0.22098718914845517,0.047915096709369505,229.4,14.0,47436.0,25.0,3.0,Estate Sulawesi 02,Sulawesi,4300,2012,9,1.8516279069767443,12,Dec,2021,Optimal,11.031627906976745
2022-01-01,EST010,9399.6,2096.9,418.4,False,0.22308396101961786,0.04451253244818928,225.3,14.0,45278.0,24.0,0.0,Estate Sulawesi 02,Sulawesi,4300,2012,10,2.185953488372093,1,Jan,2022,Optimal,10.529767441860464
2022-02-01,EST010,8385.0,1874.8,404.1,False,0.2235897435897436,0.04819320214669052,177.1,13.0,47468.0,26.0,3.0,Estate Sulawesi 02,Sulawesi,4300,2012,10,1.95,2,Feb,2022,Low,11.03906976744186
2022-03-01,EST010,8481.7,1660.4,485.0,False,0.19576264192319937,0.0571819328672318,172.5,11.0,38898.0,24.5,1.0,Estate Sulawesi 02,Sulawesi,4300,2012,10,1.9724883720930235,3,Mar,2022,Low,9.046046511627907
2022-04-01,EST010,11526.8,2518.2,471.0,False,0.21846479508623382,0.04086129715098727,206.8,13.0,46117.0,23.0,0.0,Estate Sulawesi 02,Sulawesi,4300,2012,10,2.6806511627906975,4,Apr,2022,Optimal,10.724883720930233
2022-05-01,EST010,8812.1,1637.0,352.5,False,0.1857672972390236,0.04000181568525096,170.0,10.0,39348.0,26.0,1.0,Estate Sulawesi 02,Sulawesi,4300,2012,10,2.049325581395349,5,May,2022,Low,9.150697674418605
2022-06-01,EST010,10798.1,2012.7,544.7,False,0.1863939026310184,0.05044405960307832,178.5,13.0,39595.0,25.0,0.0,Estate Sulawesi 02,Sulawesi,4300,2012,10,2.511186046511628,6,Jun,2022,Low,9.20813953488372
2022-07-01,EST010,8817.9,1499.0,421.4,False,0.1699951235554951,0.047789156148289276,152.7,13.0,34333.0,22.0,1.0,Estate Sulawesi 02,Sulawesi,4300,2012,10,2.0506744186046513,7,Jul,2022,Low,7.984418604651163
2022-08-01,EST010,8988.6,2023.3,449.8,False,0.22509623300625234,0.050041163251229336,156.5,9.0,50271.0,26.0,2.0,Estate Sulawesi 02,Sulawesi,4300,2012,10,2.090372093023256,8,Aug,2022,Low,11.69093023255814
2022-09-01,EST010,10889.2,2036.7,595.9,False,0.18703853359291775,0.05472394666274841,194.5,13.0,46581.0,22.0,1.0,Estate Sulawesi 02,Sulawesi,4300,2012,10,2.532372093023256,9,Sep,2022,Optimal,10.832790697674419
2022-10-01,EST010,8558.4,1695.4,404.3,False,0.19809777528510003,0.04724013834361563,177.1,14.0,42671.0,23.0,1.0,Estate Sulawesi 02,Sulawesi,4300,2012,10,1.9903255813953487,10,Oct,2022,Low,9.923488372093024
2022-11-01,EST010,8967.7,1671.1,364.4,False,0.18634655485799032,0.040634722392586725,211.4,14.0,44003.0,25.0,4.0,Estate Sulawesi 02,Sulawesi,4300,2012,10,2.085511627906977,11,Nov,2022,Optimal,10.233255813953487
2022-12-01,EST010,8842.7,1860.7,530.6,False,0.21042215612878418,0.06000429733000102,212.6,15.0,44309.0,22.0,4.0,Estate Sulawesi 02,Sulawesi,4300,2012,10,2.0564418604651165,12,Dec,2022,Optimal,10.304418604651163
2023-01-01,EST010,9752.3,1895.5,439.0,False,0.19436440634516988,0.0450150220973514,207.6,12.0,54057.0,26.0,1.0,Estate Sulawesi 02,Sulawesi,4300,2012,11,2.2679767441860466,1,Jan,2023,Optimal,12.571395348837209
2023-02-01,EST010,9136.7,1648.5,408.5,False,0.18042619326452655,0.04470979675375135,201.3,14.0,43608.0,23.0,1.0,Estate Sulawesi 02,Sulawesi,4300,2012,11,2.1248139534883723,2,Feb,2023,Optimal,10.141395348837209
2023-03-01,EST010,10383.8,2145.6,576.5,False,0.20662955758007667,0.055519174098114375,205.1,13.0,39703.0,23.0,1.0,Estate Sulawesi 02,Sulawesi,4300,2012,11,2.4148372093023256,3,Mar,2023,Optimal,9.233255813953487
2023-04-01,EST010,9159.5,1634.9,440.4,False,0.1784922757792456,0.0480812271412195,168.5,13.0,38052.0,26.0,0.0,Estate Sulawesi 02,Sulawesi,4300,2012,11,2.1301162790697674,4,Apr,2023,Low,8.849302325581395
2023-05-01,EST010,10564.7,1980.2,524.9,False,0.18743551638948572,0.04968432610485863,202.4,15.0,46823.0,26.0,2.0,Estate Sulawesi 02,Sulawesi,4300,2012,11,2.456906976744186,5,May,2023,Optimal,10.88906976744186
2023-06-01,EST010,8281.8,1407.9,434.1,False,0.16999927551981456,0.05241614141853221,139.1,13.0,45399.0,22.0,2.0,Estate Sulawesi 02,Sulawesi,4300,2012,11,1.926,6,Jun,2023,Low,10.557906976744187
2023-07-01,EST010,10255.6,1832.1,568.3,False,0.17864386286516634,0.05541362767658645,147.3,11.0,38644.0,24.0,0.0,Estate Sulawesi 02,Sulawesi,4300,2012,11,2.3850232558139535,7,Jul,2023,Low,8.986976744186046
2023-08-01,EST010,8299.2,1682.1,401.1,False,0.2026821862348178,0.04832995951417004,144.8,10.0,31782.0,23.0,1.0,Estate Sulawesi 02,Sulawesi,4300,2012,11,1.930046511627907,8,Aug,2023,Low,7.391162790697674
2023-09-01,EST010,11475.9,1957.0,661.0,False,0.1705312873064422,0.05759896827264093,207.2,14.0,47879.0,22.0,1.0,Estate Sulawesi 02,Sulawesi,4300,2012,11,2.668813953488372,9,Sep,2023,Optimal,11.134651162790698
2023-10-01,EST010,10009.1,1779.4,400.4,False,0.17777822181814548,0.040003596726978445,194.9,12.0,34870.0,26.0,1.0,Estate Sulawesi 02,Sulawesi,4300,2012,11,2.3276976744186046,10,Oct,2023,Optimal,8.109302325581396
2023-11-01,EST010,9672.0,1934.1,520.3,False,0.19996898263027293,0.053794458229942096,234.8,16.0,46279.0,22.0,0.0,Estate Sulawesi 02,Sulawesi,4300,2012,11,2.2493023255813953,11,Nov,2023,Optimal,10.762558139534883
2023-12-01,EST010,9616.6,1844.9,440.5,False,0.1918453507476655,0.04580621009504399,187.1,12.0,50026.0,26.0,1.0,Estate Sulawesi 02,Sulawesi,4300,2012,11,2.236418604651163,12,Dec,2023,Optimal,11.633953488372093
2024-01-01,EST010,8985.6,2065.6,510.9,False,0.22987891737891736,0.05685763888888888,225.2,15.0,39945.0,25.0,0.0,Estate Sulawesi 02,Sulawesi,4300,2012,12,2.0896744186046514,1,Jan,2024,Optimal,9.28953488372093
2024-02-01,EST010,10075.7,2316.0,516.2,False,0.22985996010202764,0.05123217245451929,231.2,17.0,39611.0,26.0,1.0,Estate Sulawesi 02,Sulawesi,4300,2012,12,2.343186046511628,2,Feb,2024,Optimal,9.21186046511628
2024-03-01,EST010,11165.8,2087.8,520.7,False,0.18698167618979386,0.0466334700603629,201.6,12.0,43460.0,26.0,0.0,Estate Sulawesi 02,Sulawesi,4300,2012,12,2.5966976744186043,3,Mar,2024,Optimal,10.106976744186046
2024-04-01,EST010,9699.4,2020.9,517.1,False,0.2083530940058148,0.053312576035631075,207.1,16.0,50335.0,26.0,5.0,Estate Sulawesi 02,Sulawesi,4300,2012,12,2.255674418604651,4,Apr,2024,Optimal,11.705813953488372
2024-05-01,EST010,9407.2,1987.2,512.4,False,0.21124245258950589,0.054468917424951094,158.1,13.0,41604.0,24.0,3.0,Estate Sulawesi 02,Sulawesi,4300,2012,12,2.187720930232558,5,May,2024,Low,9.675348837209302
2024-06-01,EST010,11266.3,2152.3,599.5,False,0.19103876161650235,0.05321179091627243,196.7,13.0,49113.0,26.0,0.0,Estate Sulawesi 02,Sulawesi,4300,2012,12,2.6200697674418603,6,Jun,2024,Optimal,11.421627906976743
2024-07-01,EST010,10528.0,1625.0,410.4,False,0.15435030395136778,0.03898176291793313,209.5,11.0,32701.0,23.0,3.0,Estate Sulawesi 02,Sulawesi,4300,2012,12,2.4483720930232558,7,Jul,2024,Optimal,7.604883720930233
2024-08-01,EST010,9789.7,1956.1,465.8,False,0.19981204735589445,0.0475806204480219,146.7,9.0,40869.5,23.0,0.0,Estate Sulawesi 02,Sulawesi,4300,2012,12,2.2766744186046513,8,Aug,2024,Low,9.50453488372093
2024-09-01,EST010,9732.6,1921.3,486.4,False,0.19740870887532622,0.04997636808252676,159.9,13.0,49038.0,22.0,0.0,Estate Sulawesi 02,Sulawesi,4300,2012,12,2.2633953488372094,9,Sep,2024,Low,11.404186046511628
2024-10-01,EST010,9896.1,1914.5,492.8,False,0.19346004991865481,0.04979739493335759,226.3,15.0,50507.0,24.0,1.0,Estate Sulawesi 02,Sulawesi,4300,2012,12,2.301418604651163,10,Oct,2024,Optimal,11.745813953488373
2024-11-01,EST010,9814.3,2028.0,527.5,False,0.20663725380312403,0.05374810225894868,248.5,15.0,39317.0,22.0,0.0,Estate Sulawesi 02,Sulawesi,4300,2012,12,2.282395348837209,11,Nov,2024,Optimal,9.143488372093023
2024-12-01,EST010,9532.1,1799.1,381.3,False,0.1887412007847169,0.04000167853883194,211.1,13.0,49417.0,23.0,1.0,Estate Sulawesi 02,Sulawesi,4300,2012,12,2.216767441860465,12,Dec,2024,Optimal,11.492325581395349
2025-01-01,EST010,8536.4,1559.8,441.1,False,0.18272339627946207,0.05167283632444591,208.0,15.0,41484.0,23.0,2.0,Estate Sulawesi 02,Sulawesi,4300,2012,13,1.9852093023255812,1,Jan,2025,Optimal,9.647441860465117
2025-02-01,EST010,9164.3,1847.9,444.9,False,0.2016411509880733,0.048547079427779534,202.0,14.0,40539.0,25.0,3.0,Estate Sulawesi 02,Sulawesi,4300,2012,13,2.131232558139535,2,Feb,2025,Optimal,9.427674418604651
2025-03-01,EST010,9281.6,1910.1,425.2,False,0.20579425961041198,0.04581106705740389,165.9,11.0,35235.0,26.0,0.0,Estate Sulawesi 02,Sulawesi,4300,2012,13,2.158511627906977,3,Mar,2025,Low,8.194186046511629
2025-04-01,EST010,9607.2,1751.9,444.7,False,0.18235281871929385,0.04628820051627945,157.5,10.0,52562.0,23.0,0.0,Estate Sulawesi 02,Sulawesi,4300,2012,13,2.234232558139535,4,Apr,2025,Low,12.223720930232558
2025-05-01,EST010,9465.6,2024.9,463.1,False,0.21392199121027722,0.04892452670723462,145.9,9.0,34885.0,22.0,2.0,Estate Sulawesi 02,Sulawesi,4300,2012,13,2.2013023255813953,5,May,2025,Low,8.112790697674418
2025-06-01,EST010,8945.7,1551.6,357.8,False,0.17344646031054023,0.039996870004583206,142.3,8.0,41504.0,22.0,1.0,Estate Sulawesi 02,Sulawesi,4300,2012,13,2.0803953488372096,6,Jun,2025,Low,9.652093023255814
2025-07-01,EST010,9752.8,1866.0,453.4,False,0.19132966942826676,0.04648921335411369,151.1,12.0,41147.0,26.0,2.0,Estate Sulawesi 02,Sulawesi,4300,2012,13,2.2680930232558136,7,Jul,2025,Low,9.56906976744186
2025-08-01,EST010,9326.8,1829.3,425.5,False,0.19613372217695244,0.0456212205686838,161.7,10.0,53906.0,26.0,1.0,Estate Sulawesi 02,Sulawesi,4300,2012,13,2.1690232558139533,8,Aug,2025,Low,12.536279069767442
2025-09-01,EST010,9624.3,1833.0,506.9,False,0.19045540974408529,0.05266876552060929,209.8,16.0,45029.0,25.0,1.0,Estate Sulawesi 02,Sulawesi,4300,2012,13,2.2382093023255814,9,Sep,2025,Optimal,10.47186046511628
2025-10-01,EST010,8785.7,1682.7,403.9,False,0.19152714069453772,0.04597243247549995,165.0,13.0,49816.0,24.0,0.0,Estate Sulawesi 02,Sulawesi,4300,2012,13,2.0431860465116283,10,Oct,2025,Low,11.585116279069767
2025-11-01,EST010,8879.5,2025.1,434.4,False,0.22806464327946394,0.048921673517653017,191.95,17.0,46785.0,22.0,1.0,Estate Sulawesi 02,Sulawesi,4300,2012,13,2.065,11,Nov,2025,Optimal,10.880232558139534
2025-12-01,EST010,8554.7,1601.8,493.7,False,0.18724210083345993,0.057710965901784976,218.9,14.0,43754.0,26.0,2.0,Estate Sulawesi 02,Sulawesi,4300,2012,13,1.98946511627907,12,Dec,2025,Optimal,10.175348837209302
