date,estate_id,estate_name,region,month,quarter,month_sin,month_cos,area_ha,plant_age_years,fertilizer_kg_per_ha,rainfall_mm,rainy_days,rainfall_lag_1,rainfall_lag_3,rainfall_3m_avg,rainfall_6m_avg,working_days,disruption_days,tbs_lag_1,tbs_lag_3,tbs_lag_6,tbs_lag_12,tbs_rolling_mean_3,tbs_rolling_mean_6,tbs_rolling_mean_12,tbs_growth_1m,tbs_growth_12m,tbs_production_ton
2020-01-01,EST001,Estate Lampung 01,Sumatra,1,1,0.49999999999999994,0.8660254037844387,4250,10,8.872941176470588,259.0,16.0,248.0,208.35,245.79999999999998,221.9416666666667,23.0,1.0,8680.5,7933.2,9134.3,8132.4,8177.3,8281.833333333334,8307.6,-0.04174874719198196,0.02283458757562351,8318.1
2020-02-01,EST001,Estate Lampung 01,Sumatra,2,1,0.8660254037844386,0.5000000000000001,4250,10,9.668941176470588,194.2,15.0,259.0,230.4,233.73333333333335,221.04166666666666,23.0,0.0,8318.1,7918.2,7770.7,8492.3,8305.6,8145.8,8323.075,0.016349887594522716,-0.004498192480246632,8454.1
2020-03-01,EST001,Estate Lampung 01,Sumatra,3,1,1.0,6.123233995736766e-17,4250,10,10.175058823529412,187.9,15.0,194.2,248.0,213.70000000000002,221.3083333333333,25.0,0.0,8454.1,8680.5,8254.1,8186.5,8484.233333333332,8259.7,8319.891666666666,0.15168971268378661,0.18933610211934293,9736.5
2020-04-01,EST001,Estate Lampung 01,Sumatra,4,2,0.8660254037844387,-0.4999999999999998,4250,10,10.671764705882353,194.9,12.0,187.9,259.0,192.33333333333334,219.0666666666667,22.0,0.0,9736.5,8318.1,7933.2,7936.4,8836.233333333332,8506.766666666668,8449.058333333332,0.03668669439737071,0.27182349679955653,10093.7
2020-05-01,EST001,Estate Lampung 01,Sumatra,5,2,0.49999999999999994,-0.8660254037844387,4250,10,9.149411764705881,172.7,10.0,194.9,194.2,185.16666666666666,209.45000000000002,22.0,2.0,10093.7,8454.1,7918.2,8551.4,9428.1,8866.85,8628.833333333334,-0.13515361066804055,0.02082699908786867,8729.5
2020-06-01,EST001,Estate Lampung 01,Sumatra,6,2,1.2246467991473532e-16,-1.0,4250,10,8.608,194.9,14.0,172.7,187.9,187.5,200.6,24.0,1.0,8729.5,9736.5,8680.5,8701.2,9519.900000000001,9002.066666666668,8643.675000000001,0.1747751875823358,0.17859605571645298,10255.2
2020-07-01,EST001,Estate Lampung 01,Sumatra,7,3,-0.4999999999999997,-0.8660254037844388,4250,10,8.197882352941177,153.3,9.0,194.9,194.9,173.63333333333333,182.98333333333335,25.0,3.0,10255.2,10093.7,8318.1,9134.3,9692.800000000001,9264.516666666668,8773.175000000001,-0.13575551915125994,-0.029701236000569176,8863.0
2020-08-01,EST001,Estate Lampung 01,Sumatra,8,3,-0.8660254037844384,-0.5000000000000004,4250,10,9.447058823529412,145.1,11.0,153.3,172.7,164.43333333333334,174.79999999999998,22.0,3.0,8863.0,8729.5,8454.1,7770.7,9282.566666666666,9355.333333333334,8750.566666666668,0.09140245966377081,0.24481706924730084,9673.1
2020-09-01,EST001,Estate Lampung 01,Sumatra,9,3,-1.0,-1.8369701987210297e-16,4250,10,11.20564705882353,234.6,16.0,145.1,194.9,177.66666666666666,182.58333333333334,25.0,2.0,9673.1,10255.2,9736.5,8254.1,9597.1,9558.5,8909.1,0.08374771272911485,0.27005972789280475,10483.2
2020-10-01,EST001,Estate Lampung 01,Sumatra,10,4,-0.8660254037844386,0.5000000000000001,4250,10,12.604470588235294,214.4,12.0,234.6,153.3,198.03333333333333,185.83333333333334,26.0,3.0,10483.2,8863.0,10093.7,7933.2,9673.1,9682.949999999999,9094.858333333334,-0.2047084859584859,0.050925225634044446,8337.2
2020-11-01,EST001,Estate Lampung 01,Sumatra,11,4,-0.5000000000000004,0.8660254037844384,4250,10,11.278117647058824,243.7,19.0,214.4,145.1,230.9,197.66666666666666,23.0,1.0,8337.2,9673.1,8729.5,7918.2,9497.833333333334,9390.2,9128.525,0.10083721153384806,0.15908918693642482,9177.9
2020-12-01,EST001,Estate Lampung 01,Sumatra,12,4,-2.4492935982947064e-16,1.0,4250,10,10.330588235294117,224.0,18.0,243.7,234.6,227.36666666666665,202.51666666666665,23.0,0.0,9177.9,10483.2,10255.2,8680.5,9332.766666666668,9464.933333333334,9233.5,-0.016267337844169116,0.04010137664881053,9028.6
2021-01-01,EST001,Estate Lampung 01,Sumatra,1,1,0.49999999999999994,0.8660254037844387,4250,11,10.923294117647059,239.4,15.0,224.0,214.4,235.70000000000002,216.86666666666667,23.0,1.0,9028.6,8337.2,8863.0,8318.1,8847.9,9260.5,9262.508333333333,-0.05978778548169161,0.02052151332636054,8488.8
2021-02-01,EST001,Estate Lampung 01,Sumatra,2,1,0.8660254037844386,0.5000000000000001,4250,11,10.798588235294117,244.8,16.0,239.4,243.7,236.0666666666667,233.48333333333332,25.0,1.0,8488.8,9177.9,9673.1,8454.1,8898.433333333332,9198.133333333333,9276.733333333334,0.16280275186127602,0.1675754959132254,9870.8
2021-03-01,EST001,Estate Lampung 01,Sumatra,3,1,1.0,6.123233995736766e-17,4250,11,8.605411764705883,202.2,14.0,244.8,224.0,228.79999999999998,228.08333333333334,25.0,1.0,9870.8,9028.6,10483.2,9736.5,9129.4,9231.083333333334,9394.791666666666,-0.06297361915954114,-0.05004878549786873,9249.2
2021-04-01,EST001,Estate Lampung 01,Sumatra,4,2,0.8660254037844387,-0.4999999999999998,4250,11,11.072235294117647,192.6,15.0,202.2,239.4,213.20000000000002,224.44999999999996,24.0,1.0,9249.2,8488.8,8337.2,10093.7,9202.933333333332,9025.416666666666,9354.183333333334,0.10343597284089423,0.01111584453669101,10205.9
2021-05-01,EST001,Estate Lampung 01,Sumatra,5,2,0.49999999999999994,-0.8660254037844387,4250,11,10.866588235294117,183.0,13.0,192.6,244.8,192.6,214.33333333333334,23.0,0.0,10205.9,9870.8,9177.9,8729.5,9775.300000000001,9336.866666666667,9363.533333333333,0.04472902928698108,0.22142161635832514,10662.4
2021-06-01,EST001,Estate Lampung 01,Sumatra,6,2,1.2246467991473532e-16,-1.0,4250,11,10.216941176470588,179.7,15.0,183.0,202.2,185.1,206.95000000000002,24.0,0.0,10662.4,9249.2,9028.6,10255.2,10039.166666666666,9584.283333333333,9524.608333333332,-0.14207870648259302,-0.10801349559247997,9147.5
2021-07-01,EST001,Estate Lampung 01,Sumatra,7,3,-0.4999999999999997,-0.8660254037844388,4250,11,8.457882352941176,161.0,10.0,179.7,192.6,174.5666666666667,193.88333333333333,23.0,0.0,9147.5,10205.9,8488.8,8863.0,10005.266666666666,9604.1,9432.300000000001,-0.03961738179830554,-0.008789348978901046,8785.1
2021-08-01,EST001,Estate Lampung 01,Sumatra,8,3,-0.8660254037844384,-0.5000000000000004,4250,11,9.416941176470589,226.7,14.0,161.0,183.0,189.13333333333333,190.86666666666667,24.0,1.0,8785.1,10662.4,9870.8,9673.1,9531.666666666666,9653.483333333334,9425.808333333332,0.16838738318288904,0.06112828359057576,10264.4
2021-09-01,EST001,Estate Lampung 01,Sumatra,9,3,-1.0,-1.8369701987210297e-16,4250,11,9.728,197.7,11.0,226.7,179.7,195.13333333333333,190.11666666666665,24.0,1.0,10264.4,9147.5,9249.2,10483.2,9399.0,9719.083333333334,9475.083333333334,0.007345777639218953,-0.013679029304029422,10339.8
2021-10-01,EST001,Estate Lampung 01,Sumatra,10,4,-0.8660254037844386,0.5000000000000001,4250,11,10.928705882352942,193.6,12.0,197.7,161.0,206.0,190.28333333333333,26.0,3.0,10339.8,8785.1,10205.9,8337.2,9796.433333333332,9900.85,9463.133333333333,-0.15516741136192191,0.04776183850693272,8735.4
2021-11-01,EST001,Estate Lampung 01,Sumatra,11,4,-0.5000000000000004,0.8660254037844384,4250,11,10.64,262.6,17.0,193.6,226.7,217.9666666666667,203.55000000000004,24.0,0.0,8735.4,10264.4,10662.4,9177.9,9779.866666666667,9655.766666666666,9496.316666666668,0.010943975089864333,-0.03779731746913784,8831.0
2021-12-01,EST001,Estate Lampung 01,Sumatra,12,4,-2.4492935982947064e-16,1.0,4250,11,10.01435294117647,229.1,18.0,262.6,197.7,228.43333333333337,211.78333333333333,25.0,1.0,8831.0,10339.8,9147.5,9028.6,9302.066666666666,9350.533333333333,9467.408333333335,0.03192163967840567,0.0093369957690006,9112.9
2022-01-01,EST001,Estate Lampung 01,Sumatra,1,1,0.49999999999999994,0.8660254037844387,4250,12,10.808,258.2,16.0,229.1,193.6,249.96666666666667,227.98333333333335,24.0,0.0,9112.9,8735.4,8785.1,8488.8,8893.1,9344.766666666666,9474.433333333332,-0.01520920892361377,0.057193007256620465,8974.3
2022-02-01,EST001,Estate Lampung 01,Sumatra,2,1,0.8660254037844386,0.5000000000000001,4250,12,8.050588235294118,193.0,13.0,258.2,262.6,226.76666666666665,222.36666666666665,23.0,0.0,8974.3,8831.0,10264.4,9870.8,8972.733333333334,9376.300000000001,9514.891666666666,0.011744648607691088,-0.08014547959638518,9079.7
2022-03-01,EST001,Estate Lampung 01,Sumatra,3,1,1.0,6.123233995736766e-17,4250,12,8.965176470588235,197.8,13.0,193.0,229.1,216.33333333333334,222.38333333333335,24.0,1.0,9079.7,9112.9,10339.8,9249.2,9055.633333333333,9178.85,9448.966666666665,0.05995792812537859,0.04053323530683728,9624.1
2022-04-01,EST001,Estate Lampung 01,Sumatra,4,2,0.8660254037844387,-0.4999999999999998,4250,12,7.902588235294117,195.63333333333333,16.0,197.8,258.2,195.4777777777778,222.7222222222222,22.0,1.0,9624.1,8974.3,8735.4,10205.9,9226.033333333333,9059.566666666668,9480.208333333334,-0.044960048212300485,-0.09940328633437523,9191.4
2022-05-01,EST001,Estate Lampung 01,Sumatra,5,2,0.49999999999999994,-0.8660254037844387,4250,12,10.913882352941176,193.46666666666667,18.0,195.63333333333333,193.0,195.63333333333333,211.19999999999996,23.0,1.0,9191.4,9079.7,8831.0,10662.4,9298.4,9135.566666666668,9395.666666666666,0.23148813020867332,0.06159026110444188,11319.1
2022-06-01,EST001,Estate Lampung 01,Sumatra,6,2,1.2246467991473532e-16,-1.0,4250,12,10.82635294117647,191.3,12.0,193.46666666666667,197.8,193.46666666666667,204.89999999999998,22.0,0.0,11319.1,9624.1,9112.9,9147.5,10044.866666666667,9550.25,9450.391666666668,-0.01023932998206567,0.22472806777808163,11203.2
2022-07-01,EST001,Estate Lampung 01,Sumatra,7,3,-0.4999999999999997,-0.8660254037844388,4250,12,8.699764705882354,173.1,11.0,191.3,195.63333333333333,185.95555555555555,190.71666666666667,23.0,1.0,11203.2,9191.4,8974.3,8785.1,10571.233333333335,9898.633333333333,9621.7,-0.1088260497000858,0.13646970438583517,9984.0
2022-08-01,EST001,Estate Lampung 01,Sumatra,8,3,-0.8660254037844384,-0.5000000000000004,4250,12,10.859529411764706,172.9,13.0,173.1,193.46666666666667,179.1,187.36666666666667,25.0,2.0,9984.0,11319.1,9079.7,10264.4,10835.433333333334,10066.916666666666,9721.608333333334,-0.12576121794871797,-0.14964342776976736,8728.4
2022-09-01,EST001,Estate Lampung 01,Sumatra,9,3,-1.0,-1.8369701987210297e-16,4250,12,9.264,161.0,12.0,172.9,191.3,169.0,181.23333333333335,25.0,1.0,8728.4,11203.2,9624.1,10339.8,9971.866666666667,10008.366666666667,9593.608333333332,-0.06349388204023643,-0.2094431226909611,8174.2
2022-10-01,EST001,Estate Lampung 01,Sumatra,10,4,-0.8660254037844386,0.5000000000000001,4250,12,11.683529411764706,202.0,16.0,161.0,173.1,178.63333333333333,182.29444444444445,25.0,1.0,8174.2,9984.0,9191.4,8735.4,8962.2,9766.716666666667,9413.141666666666,0.19527293190770956,0.11848341232227488,9770.4
2022-11-01,EST001,Estate Lampung 01,Sumatra,11,4,-0.5000000000000004,0.8660254037844384,4250,12,10.61835294117647,230.5,16.0,202.0,172.9,197.83333333333334,188.46666666666667,22.0,1.0,9770.4,8728.4,11319.1,8831.0,8890.999999999998,9863.216666666667,9499.391666666666,-0.07485875706214684,0.0235533914618955,9039.0
2022-12-01,EST001,Estate Lampung 01,Sumatra,12,4,-2.4492935982947064e-16,1.0,4250,12,11.318823529411764,286.0,19.0,230.5,161.0,239.5,204.25,26.0,4.0,9039.0,8174.2,11203.2,9112.9,8994.533333333333,9483.199999999999,9516.725,-0.18318398052881957,-0.18980785479924067,7383.2
2023-01-01,EST001,Estate Lampung 01,Sumatra,1,1,0.49999999999999994,0.8660254037844387,4250,13,7.8512941176470585,261.6,18.0,286.0,202.0,259.3666666666667,219.0,23.0,1.0,7383.2,9770.4,9984.0,8974.3,8730.866666666667,8846.533333333333,9372.583333333334,0.0750352150828908,-0.11556333084474546,7937.2
2023-02-01,EST001,Estate Lampung 01,Sumatra,2,1,0.8660254037844386,0.5000000000000001,4250,13,11.69035294117647,197.9,15.0,261.6,230.5,248.5,223.16666666666666,25.0,0.0,7937.2,9039.0,8728.4,9079.7,8119.8,8505.4,9286.158333333333,0.2452124174771959,0.08852715398085831,9883.5
2023-03-01,EST001,Estate Lampung 01,Sumatra,3,1,1.0,6.123233995736766e-17,4250,13,11.81929411764706,239.1,17.0,197.9,286.0,232.86666666666667,236.1833333333333,23.0,0.0,9883.5,7383.2,8174.2,9624.1,8401.300000000001,8697.916666666666,9353.141666666666,0.049547225173268705,0.07783584958593526,10373.2
2023-04-01,EST001,Estate Lampung 01,Sumatra,4,2,0.8660254037844387,-0.4999999999999998,4250,13,9.836941176470589,199.4,14.0,239.1,261.6,212.13333333333333,235.75,22.0,1.0,10373.2,7937.2,9770.4,9191.4,9397.966666666667,9064.416666666666,9415.566666666666,-0.02811090116839554,0.0968514045738409,10081.6
2023-05-01,EST001,Estate Lampung 01,Sumatra,5,2,0.49999999999999994,-0.8660254037844387,4250,13,10.582117647058823,181.1,14.0,199.4,197.9,206.53333333333333,227.51666666666665,26.0,1.0,10081.6,9883.5,9039.0,11319.1,10112.766666666668,9116.283333333335,9489.75,0.017874146960799697,-0.09340848654044942,10261.8
2023-06-01,EST001,Estate Lampung 01,Sumatra,6,2,1.2246467991473532e-16,-1.0,4250,13,9.50470588235294,202.3,15.0,181.1,239.1,194.26666666666665,213.5666666666667,22.0,1.0,10261.8,10373.2,7383.2,11203.2,10238.866666666667,9320.083333333334,9401.641666666666,-0.0037517784404295096,-0.08746608111968024,10223.3
2023-07-01,EST001,Estate Lampung 01,Sumatra,7,3,-0.4999999999999997,-0.8660254037844388,4250,13,11.957176470588236,201.8,16.0,202.3,199.4,195.0666666666667,203.6,23.0,1.0,10223.3,10081.6,7937.2,9984.0,10188.9,9793.433333333332,9319.983333333332,0.06748310232508103,0.0930689102564104,10913.2
2023-08-01,EST001,Estate Lampung 01,Sumatra,8,3,-0.8660254037844384,-0.5000000000000004,4250,13,7.9651764705882355,203.7,15.0,201.8,181.1,202.6,204.5666666666667,26.0,3.0,10913.2,10261.8,9883.5,8728.4,10466.1,10289.433333333334,9397.416666666666,-0.22852142359711192,-0.03541313413684066,8419.3
2023-09-01,EST001,Estate Lampung 01,Sumatra,9,3,-1.0,-1.8369701987210297e-16,4250,13,11.257411764705882,177.0,12.0,203.7,202.3,194.16666666666666,194.21666666666667,26.0,1.0,8419.3,10223.3,10373.2,8174.2,9851.933333333332,10045.4,9371.658333333333,0.15930065444870722,0.19406180421325647,9760.5
2023-10-01,EST001,Estate Lampung 01,Sumatra,10,4,-0.8660254037844386,0.5000000000000001,4250,13,10.944235294117647,212.3,14.0,177.0,201.8,197.66666666666666,196.36666666666667,22.0,1.0,9760.5,10913.2,10081.6,9770.4,9697.666666666666,9943.283333333333,9503.85,-0.03983402489626553,-0.040806927044952035,9371.7
2023-11-01,EST001,Estate Lampung 01,Sumatra,11,4,-0.5000000000000004,0.8660254037844384,4250,13,7.915529411764706,250.3,18.0,212.3,203.7,213.20000000000002,207.9,25.0,0.0,9371.7,8419.3,10261.8,9039.0,9183.833333333334,9824.966666666667,9470.625,-0.12439578731713574,-0.0921672751410555,8205.9
2023-12-01,EST001,Estate Lampung 01,Sumatra,12,4,-2.4492935982947064e-16,1.0,4250,13,8.556235294117647,284.0,18.0,250.3,177.0,248.86666666666667,221.51666666666668,23.0,0.0,8205.9,9760.5,10223.3,7383.2,9112.699999999999,9482.316666666666,9401.199999999999,-0.031136133757418416,0.07682305775273601,7950.4
2024-01-01,EST001,Estate Lampung 01,Sumatra,1,1,0.49999999999999994,0.8660254037844387,4250,14,8.459294117647058,241.0,17.0,284.0,212.3,258.43333333333334,228.05000000000004,24.0,3.0,7950.4,9371.7,10913.2,7937.2,8509.333333333334,9103.5,9448.466666666667,0.2175236466089756,0.21954845537469136,9679.8
2024-02-01,EST001,Estate Lampung 01,Sumatra,2,1,0.8660254037844386,0.5000000000000001,4250,14,10.009176470588235,237.4,15.0,241.0,250.3,254.13333333333333,233.66666666666666,24.0,0.0,9679.8,8205.9,8419.3,9883.5,8612.033333333333,8897.933333333334,9593.683333333332,-0.08910308064216199,-0.10787676430414339,8817.3
2024-03-01,EST001,Estate Lampung 01,Sumatra,3,1,1.0,6.123233995736766e-17,4250,14,9.458823529411765,203.3,14.0,237.4,284.0,227.23333333333335,238.05000000000004,22.0,2.0,8817.3,7950.4,9760.5,10373.2,8815.833333333332,8964.266666666666,9504.833333333334,0.03299195898971363,-0.12194886823738094,9108.2
2024-04-01,EST001,Estate Lampung 01,Sumatra,4,2,0.8660254037844387,-0.4999999999999998,4250,14,10.57035294117647,179.1,14.0,203.3,241.0,206.6,232.51666666666665,23.0,1.0,9108.2,9679.8,9371.7,10081.6,9201.766666666666,8855.550000000001,9399.416666666666,-0.034353659339935616,-0.12758887478178083,8795.3
2024-05-01,EST001,Estate Lampung 01,Sumatra,5,2,0.49999999999999994,-0.8660254037844387,4250,14,9.368470588235294,218.3,15.0,179.1,237.4,200.23333333333335,227.1833333333333,23.0,2.0,8795.3,8817.3,8205.9,10261.8,8906.933333333332,8759.483333333334,9292.225,0.1541391424965608,-0.010797326005184238,10151.0
2024-06-01,EST001,Estate Lampung 01,Sumatra,6,2,1.2246467991473532e-16,-1.0,4250,14,8.589411764705883,220.9,15.0,218.3,203.3,206.1,216.66666666666666,22.0,1.0,10151.0,9108.2,7950.4,10223.3,9351.5,9083.666666666666,9282.991666666667,0.08280957541128964,0.07515185898878074,10991.6
2024-07-01,EST001,Estate Lampung 01,Sumatra,7,3,-0.4999999999999997,-0.8660254037844388,4250,14,11.54729411764706,174.2,10.0,220.9,179.1,204.46666666666667,205.53333333333333,23.0,0.0,10991.6,8795.3,9679.8,10913.2,9979.300000000001,9590.533333333333,9347.016666666668,-0.0014556570471996322,0.00571784627790195,10975.6
2024-08-01,EST001,Estate Lampung 01,Sumatra,8,3,-0.8660254037844384,-0.5000000000000004,4250,14,8.671764705882353,205.5,15.0,174.2,218.3,200.20000000000002,200.21666666666667,25.0,0.0,10975.6,10151.0,8817.3,8419.3,10706.066666666668,9806.5,9352.216666666665,0.005002004446226227,0.31014454883422626,11030.5
2024-09-01,EST001,Estate Lampung 01,Sumatra,9,3,-1.0,-1.8369701987210297e-16,4250,14,11.478352941176471,207.0,15.0,205.5,220.9,195.5666666666667,200.83333333333334,22.0,5.0,11030.5,10991.6,9108.2,9760.5,10999.233333333332,10175.366666666667,9569.816666666666,-0.21186709577988305,-0.10931817017570822,8693.5
2024-10-01,EST001,Estate Lampung 01,Sumatra,10,4,-0.8660254037844386,0.5000000000000001,4250,14,11.384235294117648,203.9,17.0,207.0,174.2,205.46666666666667,204.9666666666667,25.0,1.0,8693.5,10975.6,8795.3,9371.7,10233.2,10106.25,9480.9,0.10598723183988024,0.025950467898033347,9614.9
2024-11-01,EST001,Estate Lampung 01,Sumatra,11,4,-0.5000000000000004,0.8660254037844384,4250,14,9.85435294117647,251.0,16.0,203.9,205.5,220.63333333333333,210.41666666666666,23.0,1.0,9614.9,11030.5,10151.0,8205.9,9779.633333333333,10242.85,9501.166666666666,-0.05051534597343699,0.11251660390694518,9129.2
2024-12-01,EST001,Estate Lampung 01,Sumatra,12,4,-2.4492935982947064e-16,1.0,4250,14,10.639529411764705,298.1,20.0,251.0,207.0,251.0,223.28333333333333,22.0,0.0,9129.2,8693.5,10991.6,7950.4,9145.866666666667,10072.550000000001,9578.108333333334,0.007733426806291632,0.15714932582008445,9199.8
2025-01-01,EST001,Estate Lampung 01,Sumatra,1,1,0.49999999999999994,0.8660254037844387,4250,15,11.900235294117648,252.1,17.0,298.1,203.9,267.06666666666666,236.26666666666668,23.0,2.0,9199.8,9614.9,10975.6,9679.8,9314.633333333333,9773.916666666666,9682.225,-0.08850192395486844,-0.13370110952705627,8385.6
2025-02-01,EST001,Estate Lampung 01,Sumatra,2,1,0.8660254037844386,0.5000000000000001,4250,15,8.714117647058824,281.1,21.0,252.1,251.0,277.1,248.86666666666667,22.0,0.0,8385.6,9129.2,11030.5,8817.3,8904.866666666667,9342.25,9574.375,0.09939658462125545,0.045569505404148725,9219.1
2025-03-01,EST001,Estate Lampung 01,Sumatra,3,1,1.0,6.123233995736766e-17,4250,15,8.783294117647058,165.5,11.0,281.1,298.1,232.9,241.95000000000002,23.0,0.0,9219.1,9199.8,8693.5,9108.2,8934.833333333334,9040.35,9607.858333333334,-0.06045058628282596,-0.049010781493599276,8661.8
2025-04-01,EST001,Estate Lampung 01,Sumatra,4,2,0.8660254037844387,-0.4999999999999998,4250,15,8.808470588235295,229.5,16.0,165.5,252.1,225.36666666666667,246.21666666666667,25.0,0.0,8661.8,8385.6,9614.9,8795.3,8755.5,9035.066666666668,9570.658333333335,0.2131773996167079,0.1947631121166986,10508.3
2025-05-01,EST001,Estate Lampung 01,Sumatra,5,2,0.49999999999999994,-0.8660254037844387,4250,15,11.493882352941176,200.2,14.0,229.5,281.1,198.4,237.75,25.0,0.0,10508.3,9219.1,9129.2,10151.0,9463.066666666666,9183.966666666667,9713.408333333333,0.02146874375493657,0.05742291399862087,10733.9
2025-06-01,EST001,Estate Lampung 01,Sumatra,6,2,1.2246467991473532e-16,-1.0,4250,15,7.723764705882353,179.5,12.0,200.2,165.5,203.0666666666667,217.98333333333335,23.0,2.0,10733.9,8661.8,9199.8,10991.6,9968.0,9451.416666666666,9761.983333333334,-0.2807926289605829,-0.29765457258269956,7719.9
2025-07-01,EST001,Estate Lampung 01,Sumatra,7,3,-0.4999999999999997,-0.8660254037844388,4250,15,10.319058823529412,178.3,11.0,179.5,229.5,186.0,205.6833333333333,22.0,1.0,7719.9,10508.3,8385.6,10975.6,9654.033333333333,9204.766666666666,9489.341666666665,0.2682806772108448,-0.10793031816028287,9791.0
2025-08-01,EST001,Estate Lampung 01,Sumatra,8,3,-0.8660254037844384,-0.5000000000000004,4250,15,11.877411764705883,130.7,9.0,178.3,200.2,162.83333333333334,180.61666666666667,24.0,0.0,9791.0,10733.9,9219.1,11030.5,9414.933333333334,9439.0,9390.625,0.03402103973036463,-0.08217215901364394,10124.1
2025-09-01,EST001,Estate Lampung 01,Sumatra,9,3,-1.0,-1.8369701987210297e-16,4250,15,11.551529411764706,192.5,14.0,130.7,179.5,167.16666666666666,185.11666666666667,25.0,2.0,10124.1,7719.9,8661.8,8693.5,9211.666666666666,9589.833333333334,9315.091666666667,0.03210161890933505,0.20194398113533096,10449.1
2025-10-01,EST001,Estate Lampung 01,Sumatra,10,4,-0.8660254037844386,0.5000000000000001,4250,15,9.899529411764705,228.9,14.0,192.5,178.3,184.03333333333333,185.01666666666665,25.0,0.0,10449.1,9791.0,10508.3,9614.9,10121.4,9887.716666666667,9461.391666666666,-0.0813467188561694,-0.001643282821454095,9599.1
2025-11-01,EST001,Estate Lampung 01,Sumatra,11,4,-0.5000000000000004,0.8660254037844384,4250,15,8.200235294117647,278.9,19.0,228.9,130.7,233.4333333333333,198.13333333333333,24.0,2.0,9599.1,10124.1,10733.9,9129.2,10057.433333333332,9736.183333333332,9460.074999999999,-0.11476075882113956,-0.06919554835034836,8497.5
2025-12-01,EST001,Estate Lampung 01,Sumatra,12,4,-2.4492935982947064e-16,1.0,4250,15,11.793176470588236,246.6,15.0,278.9,192.5,251.46666666666667,209.31666666666663,23.0,0.0,8497.5,10449.1,7719.9,9199.8,9515.233333333334,9363.449999999999,9407.433333333332,0.008108267137393321,-0.06884932281136547,8566.4
2020-01-01,EST002,Estate Lampung 02,Sumatra,1,1,0.49999999999999994,0.8660254037844387,3800,8,10.587368421052632,260.4,16.0,223.0,211.8,238.5333333333333,218.73333333333335,23.0,3.0,7529.4,7081.0,7579.4,7271.1,7086.966666666667,7338.799999999999,7422.0,-0.06475947618668143,-0.0315358061366231,7041.8
2020-02-01,EST002,Estate Lampung 02,Sumatra,2,1,0.8660254037844386,0.5000000000000001,3800,8,9.974736842105264,248.5,18.0,260.4,232.2,243.96666666666667,226.05000000000004,23.0,1.0,7041.8,6650.5,7768.0,6722.9,7073.900000000001,7249.200000000001,7402.891666666666,-0.026640915674969512,0.019530262238022233,6854.2
2020-03-01,EST002,Estate Lampung 02,Sumatra,3,1,1.0,6.123233995736766e-17,3800,8,11.531315789473684,231.1,16.0,248.5,223.0,246.66666666666666,234.5,25.0,0.0,6854.2,7529.4,7424.5,7137.5,7141.8,7096.900000000001,7413.833333333333,0.18301187593008672,0.13605604203152377,8108.6
2020-04-01,EST002,Estate Lampung 02,Sumatra,4,2,0.8660254037844387,-0.4999999999999998,3800,8,9.423684210526316,203.1,13.0,231.1,260.4,227.5666666666667,233.04999999999998,25.0,1.0,8108.6,7041.8,7081.0,7812.8,7334.866666666666,7210.916666666667,7494.758333333334,-0.028031966060725666,0.008767663321728403,7881.3
2020-05-01,EST002,Estate Lampung 02,Sumatra,5,2,0.49999999999999994,-0.8660254037844387,3800,8,10.783947368421053,162.6,9.0,203.1,248.5,198.9333333333333,221.45000000000002,26.0,1.0,7881.3,6854.2,6650.5,7954.3,7614.700000000001,7344.3,7500.466666666666,-0.06462131881796152,-0.0732056874897854,7372.0
2020-06-01,EST002,Estate Lampung 02,Sumatra,6,2,1.2246467991473532e-16,-1.0,3800,8,11.307894736842105,176.5,13.0,162.6,231.1,180.73333333333332,213.70000000000002,25.0,2.0,7372.0,8108.6,7529.4,8132.6,7787.3,7464.55,7451.941666666666,-0.04879272924579492,-0.13775422374148494,7012.3
2020-07-01,EST002,Estate Lampung 02,Sumatra,7,3,-0.4999999999999997,-0.8660254037844388,3800,8,10.066052631578948,167.4,12.0,176.5,203.1,168.83333333333334,198.20000000000002,26.0,2.0,7012.3,7881.3,7041.8,7579.4,7421.866666666666,7378.366666666666,7358.583333333333,0.08563524093378772,0.0044066812676466505,7612.8
2020-08-01,EST002,Estate Lampung 02,Sumatra,8,3,-0.8660254037844384,-0.5000000000000004,3800,8,10.94,160.3,11.0,167.4,162.6,168.06666666666666,183.5,25.0,0.0,7612.8,7372.0,6854.2,7768.0,7332.366666666668,7473.533333333333,7361.366666666666,-0.054539722572509386,-0.0734294541709577,7197.6
2020-09-01,EST002,Estate Lampung 02,Sumatra,9,3,-1.0,-1.8369701987210297e-16,3800,8,9.173421052631578,194.0,16.0,160.3,176.5,173.9,177.3166666666667,22.0,1.0,7197.6,7012.3,8108.6,7424.5,7274.233333333334,7530.766666666666,7313.833333333333,0.0009586528842946418,-0.029631625025254182,7204.5
2020-10-01,EST002,Estate Lampung 02,Sumatra,10,4,-0.8660254037844386,0.5000000000000001,3800,8,10.28657894736842,230.1,14.0,194.0,167.4,194.79999999999998,181.8166666666667,22.0,2.0,7204.5,7612.8,7881.3,7081.0,7338.3,7380.083333333333,7295.5,0.030383787910333693,0.04835475215365048,7423.4
2020-11-01,EST002,Estate Lampung 02,Sumatra,11,4,-0.5000000000000004,0.8660254037844384,3800,8,8.448947368421052,289.2,17.0,230.1,160.3,237.76666666666665,202.91666666666666,26.0,2.0,7423.4,7197.6,7372.0,6650.5,7275.166666666667,7303.766666666666,7324.033333333333,-0.07949187703747607,0.027486655138711402,6833.3
2020-12-01,EST002,Estate Lampung 02,Sumatra,12,4,-2.4492935982947064e-16,1.0,3800,8,9.892105263157895,264.0,17.0,289.2,194.0,261.09999999999997,217.5,25.0,1.0,6833.3,7204.5,7012.3,7529.4,7153.733333333333,7213.983333333334,7339.266666666666,0.13015673247186577,0.025672696363588043,7722.7
2021-01-01,EST002,Estate Lampung 02,Sumatra,1,1,0.49999999999999994,0.8660254037844387,3800,9,10.190526315789473,259.4,17.0,264.0,230.1,270.8666666666666,232.83333333333334,25.0,4.0,7722.7,7423.4,7612.8,7041.8,7326.466666666666,7332.383333333334,7355.375,-0.21518380877154364,-0.13929677071203395,6060.9
2021-02-01,EST002,Estate Lampung 02,Sumatra,2,1,0.8660254037844386,0.5000000000000001,3800,9,9.95236842105263,240.1,16.0,259.4,289.2,254.5,246.13333333333333,23.0,2.0,6060.9,6833.3,7197.6,6854.2,6872.3,7073.733333333334,7273.633333333332,0.1866224488112327,0.049283650900177944,7192.0
2021-03-01,EST002,Estate Lampung 02,Sumatra,3,1,1.0,6.123233995736766e-17,3800,9,12.315,183.0,12.0,240.1,264.0,227.5,244.29999999999998,24.0,4.0,7192.0,7722.7,7204.5,8108.6,6991.866666666666,7072.8,7301.783333333333,-0.019452169076751846,-0.1302937621784278,7052.1
2021-04-01,EST002,Estate Lampung 02,Sumatra,4,2,0.8660254037844387,-0.4999999999999998,3800,9,10.864210526315789,208.3,14.0,183.0,259.4,210.4666666666667,240.66666666666666,26.0,2.0,7052.1,6060.9,7423.4,7881.3,6768.333333333333,7047.400000000001,7213.741666666666,0.10844996525857531,-0.008171240785149747,7816.9
2021-05-01,EST002,Estate Lampung 02,Sumatra,5,2,0.49999999999999994,-0.8660254037844387,3800,9,10.555526315789473,199.5,11.0,208.3,240.1,196.93333333333337,225.71666666666667,24.0,1.0,7816.9,7192.0,6833.3,7372.0,7353.666666666667,7112.983333333334,7208.375,-0.05884685744988427,-0.00204829083016822,7356.9
2021-06-01,EST002,Estate Lampung 02,Sumatra,6,2,1.2246467991473532e-16,-1.0,3800,9,10.044210526315789,248.6,19.0,199.5,183.0,218.80000000000004,223.15,24.0,2.0,7356.9,7052.1,7722.7,7012.3,7408.633333333334,7200.25,7207.116666666668,0.02177547608367658,0.07198779287822821,7517.1
2021-07-01,EST002,Estate Lampung 02,Sumatra,7,3,-0.4999999999999997,-0.8660254037844388,3800,9,10.896315789473684,171.2,11.0,248.6,208.3,206.43333333333337,208.44999999999996,26.0,1.0,7517.1,7816.9,6060.9,7612.8,7563.633333333332,7165.983333333334,7249.183333333333,-0.052666586848651775,-0.06457545187053393,7121.2
2021-08-01,EST002,Estate Lampung 02,Sumatra,8,3,-0.8660254037844384,-0.5000000000000004,3800,9,8.197105263157894,187.9,14.0,171.2,199.5,202.5666666666667,199.75,25.0,2.0,7121.2,7356.9,7192.0,7197.6,7331.733333333334,7342.7,7208.216666666667,0.13118575520979614,0.11917861509392003,8055.4
2021-09-01,EST002,Estate Lampung 02,Sumatra,9,3,-1.0,-1.8369701987210297e-16,3800,9,9.501315789473685,197.1,14.0,187.9,248.6,185.4,202.1,26.0,0.0,8055.4,7517.1,7052.1,7204.5,7564.566666666666,7486.599999999999,7279.7,-0.0485512823695905,0.06382122284683178,7664.3
2021-10-01,EST002,Estate Lampung 02,Sumatra,10,4,-0.8660254037844386,0.5000000000000001,3800,9,10.563947368421053,190.8,13.0,197.1,171.2,191.93333333333337,199.1833333333333,24.0,2.0,7664.3,7121.2,7816.9,7423.4,7613.633333333334,7588.633333333334,7318.016666666666,-0.034471510770716196,-0.0031387234959721066,7400.1
2021-11-01,EST002,Estate Lampung 02,Sumatra,11,4,-0.5000000000000004,0.8660254037844384,3800,9,9.501315789473685,270.6,19.0,190.8,187.9,219.50000000000003,211.03333333333333,25.0,3.0,7400.1,8055.4,7356.9,6833.3,7706.599999999999,7519.166666666667,7316.075,-0.048620964581559734,0.030292830696735162,7040.3
2021-12-01,EST002,Estate Lampung 02,Sumatra,12,4,-2.4492935982947064e-16,1.0,3800,9,7.6176315789473685,278.4,19.0,270.6,197.1,246.60000000000002,216.0,22.0,2.0,7040.3,7664.3,7517.1,7722.7,7368.233333333334,7466.399999999999,7333.325,-0.12275045097510051,-0.2002667460862133,6176.1
2022-01-01,EST002,Estate Lampung 02,Sumatra,1,1,0.49999999999999994,0.8660254037844387,3800,10,8.690263157894737,272.8,19.0,278.4,190.8,273.93333333333334,232.9333333333333,26.0,1.0,6176.1,7400.1,7121.2,6060.9,6872.166666666667,7242.900000000001,7204.441666666667,0.4262560515535694,0.4533650117969281,8808.7
2022-02-01,EST002,Estate Lampung 02,Sumatra,2,1,0.8660254037844386,0.5000000000000001,3800,10,9.43578947368421,219.3,17.0,272.8,270.6,256.83333333333337,238.16666666666666,26.0,1.0,8808.7,7040.3,8055.4,7192.0,7341.7,7524.150000000001,7433.425,-0.03576010080942704,0.18099276974416023,8493.7
2022-03-01,EST002,Estate Lampung 02,Sumatra,3,1,1.0,6.123233995736766e-17,3800,10,11.748947368421053,266.1,18.0,219.3,278.4,252.73333333333335,249.66666666666666,25.0,0.0,8493.7,6176.1,7664.3,7052.1,7826.166666666667,7597.200000000001,7541.900000000001,0.03194132121454718,0.242892188142539,8765.0
2022-04-01,EST002,Estate Lampung 02,Sumatra,4,2,0.8660254037844387,-0.4999999999999998,3800,10,10.002894736842105,174.0,13.0,266.1,272.8,219.80000000000004,246.86666666666667,22.0,0.0,8765.0,8808.7,7400.1,7816.9,8689.133333333333,7780.650000000001,7684.641666666666,-0.013588134626354886,0.10605227136076967,8645.9
2022-05-01,EST002,Estate Lampung 02,Sumatra,5,2,0.49999999999999994,-0.8660254037844387,3800,10,9.263684210526316,212.7,14.0,174.0,219.3,217.60000000000002,237.21666666666667,22.0,0.0,8645.9,8493.7,7040.3,7356.9,8634.866666666667,7988.283333333333,7753.725000000001,0.06574214367503672,0.25247046989900634,9214.3
2022-06-01,EST002,Estate Lampung 02,Sumatra,6,2,1.2246467991473532e-16,-1.0,3800,10,9.088684210526315,241.8,18.0,212.7,266.1,209.5,231.11666666666667,25.0,1.0,9214.3,8765.0,6176.1,7517.1,8875.066666666668,8350.616666666667,7908.508333333334,0.09012079051040245,0.3362466908781312,10044.7
2022-07-01,EST002,Estate Lampung 02,Sumatra,7,3,-0.4999999999999997,-0.8660254037844388,3800,10,10.126842105263158,151.2,9.0,241.8,174.0,201.9,210.85000000000002,23.0,3.0,10044.7,8645.9,8808.7,7121.2,9301.633333333333,8995.383333333333,8119.141666666667,-0.11940625404442162,0.2421080716733135,8845.3
2022-08-01,EST002,Estate Lampung 02,Sumatra,8,3,-0.8660254037844384,-0.5000000000000004,3800,10,9.907105263157895,166.2,14.0,151.2,212.7,186.4,202.0,26.0,3.0,8845.3,9214.3,8493.7,8055.4,9368.1,9001.483333333334,8262.816666666666,-0.07650390602919055,0.01405268515529956,8168.6
2022-09-01,EST002,Estate Lampung 02,Sumatra,9,3,-1.0,-1.8369701987210297e-16,3800,10,9.707368421052632,200.5,13.0,166.2,241.8,172.63333333333335,191.0666666666667,26.0,2.0,8168.6,10044.7,8765.0,7664.3,9019.533333333333,8947.3,8272.25,-0.006023063927723338,0.05937919966598382,8119.4
2022-10-01,EST002,Estate Lampung 02,Sumatra,10,4,-0.8660254037844386,0.5000000000000001,3800,10,9.680526315789473,207.4,12.0,200.5,151.2,191.36666666666667,196.63333333333333,24.0,1.0,8119.4,8845.3,8645.9,7400.1,8377.766666666666,8839.699999999999,8310.175000000001,0.007980885287090178,0.10595802759422157,8184.2
2022-11-01,EST002,Estate Lampung 02,Sumatra,11,4,-0.5000000000000004,0.8660254037844384,3800,10,7.801578947368421,203.2,14.0,207.4,166.2,203.70000000000002,195.04999999999998,25.0,1.0,8184.2,8168.6,9214.3,7040.3,8157.400000000001,8762.75,8375.516666666668,-0.03452994794848607,0.12233853671008332,7901.6
2022-12-01,EST002,Estate Lampung 02,Sumatra,12,4,-2.4492935982947064e-16,1.0,3800,10,8.375789473684211,261.3,16.0,203.2,200.5,223.9666666666667,198.29999999999998,24.0,1.0,7901.6,8119.4,10044.7,6176.1,8068.400000000001,8543.966666666667,8447.291666666666,0.001075731497418353,0.2807597027250206,7910.1
2023-01-01,EST002,Estate Lampung 02,Sumatra,1,1,0.49999999999999994,0.8660254037844387,3800,11,8.704473684210527,226.4,16.0,261.3,207.4,230.30000000000004,210.83333333333334,24.0,1.0,7910.1,8184.2,8845.3,8808.7,7998.633333333334,8188.200000000001,8591.791666666666,0.034310564973894175,-0.07120233405610366,8181.5
2023-02-01,EST002,Estate Lampung 02,Sumatra,2,1,0.8660254037844386,0.5000000000000001,3800,11,8.128421052631579,253.8,16.0,226.4,203.2,247.1666666666667,225.43333333333337,22.0,2.0,8181.5,7901.6,8168.6,8493.7,7997.733333333334,8077.566666666667,8539.525,0.028527776080180756,-0.00927746447366884,8414.9
2023-03-01,EST002,Estate Lampung 02,Sumatra,3,1,1.0,6.123233995736766e-17,3800,11,8.442894736842105,208.0,13.0,253.8,261.3,229.40000000000006,226.6833333333333,26.0,1.0,8414.9,7910.1,8119.4,8765.0,8168.833333333333,8118.616666666666,8532.958333333334,0.07597238232183412,0.03299486594409595,9054.2
2023-04-01,EST002,Estate Lampung 02,Sumatra,4,2,0.8660254037844387,-0.4999999999999998,3800,11,8.457368421052632,247.7,14.0,208.0,226.4,236.50000000000003,233.4,24.0,2.0,9054.2,8181.5,8184.2,8645.9,8550.199999999999,8274.416666666666,8557.058333333334,-0.017218528417751067,0.029193027909182323,8898.3
2023-05-01,EST002,Estate Lampung 02,Sumatra,5,2,0.49999999999999994,-0.8660254037844387,3800,11,11.202631578947368,178.4,11.0,247.7,253.8,211.3666666666667,229.26666666666665,22.0,1.0,8898.3,8414.9,7901.6,9214.3,8789.133333333333,8393.433333333334,8578.091666666665,-0.06118022543631929,-0.09337659941612486,8353.9
2023-06-01,EST002,Estate Lampung 02,Sumatra,6,2,1.2246467991473532e-16,-1.0,3800,11,9.933421052631578,178.9,8.0,178.4,208.0,201.6666666666667,215.53333333333333,25.0,2.0,8353.9,9054.2,7910.1,10044.7,8768.800000000001,8468.816666666666,8506.391666666666,-0.03352924981146521,-0.1962129282108973,8073.8
2023-07-01,EST002,Estate Lampung 02,Sumatra,7,3,-0.4999999999999997,-0.8660254037844388,3800,11,9.802894736842106,196.3,11.0,178.9,247.7,184.5333333333334,210.51666666666665,24.0,0.0,8073.8,8898.3,8181.5,8845.3,8442.0,8496.1,8342.15,0.3068939037380167,0.19290470645427527,10551.6
2023-08-01,EST002,Estate Lampung 02,Sumatra,8,3,-0.8660254037844384,-0.5000000000000004,3800,11,9.836052631578948,149.6,11.0,196.3,178.4,174.9333333333334,193.15,26.0,0.0,10551.6,8353.9,8414.9,8168.6,8993.1,8891.116666666667,8484.341666666667,-0.15911330982978877,0.0861959209656491,8872.7
2023-09-01,EST002,Estate Lampung 02,Sumatra,9,3,-1.0,-1.8369701987210297e-16,3800,11,9.906973684210527,203.7,15.0,149.6,178.9,183.20000000000005,192.4333333333333,24.0,0.0,8872.7,8073.8,9054.2,8119.4,9166.033333333335,8967.416666666666,8543.016666666666,0.027759306637213044,0.12311254526196524,9119.0
2023-10-01,EST002,Estate Lampung 02,Sumatra,10,4,-0.8660254037844386,0.5000000000000001,3800,11,9.977894736842105,252.7,17.0,203.7,196.3,202.0,193.26666666666665,25.0,1.0,9119.0,10551.6,8898.3,8184.2,9514.433333333332,8978.216666666667,8626.316666666666,-0.008432942208575489,0.10482392903399229,9042.1
2023-11-01,EST002,Estate Lampung 02,Sumatra,11,4,-0.5000000000000004,0.8660254037844384,3800,11,8.231842105263159,201.8,12.0,252.7,149.6,219.4,197.16666666666666,24.0,2.0,9042.1,8872.7,8353.9,7901.6,9011.266666666668,9002.183333333332,8697.808333333332,-0.11834640183143297,0.00890958793155816,7972.0
2023-12-01,EST002,Estate Lampung 02,Sumatra,12,4,-2.4492935982947064e-16,1.0,3800,11,10.321842105263158,264.2,18.0,201.8,203.7,239.5666666666667,211.38333333333333,26.0,4.0,7972.0,9119.0,8073.8,7910.1,8711.033333333333,8938.533333333335,8703.675000000001,-0.11561716006021072,-0.10869647665642657,7050.3
2024-01-01,EST002,Estate Lampung 02,Sumatra,1,1,0.49999999999999994,0.8660254037844387,3800,12,8.789473684210526,259.5,17.0,264.2,252.7,241.83333333333337,221.91666666666666,22.0,0.0,7050.3,9042.1,10551.6,8181.5,8021.466666666667,8767.949999999999,8632.025,0.14050465937619672,-0.017185112754384946,8040.9
2024-02-01,EST002,Estate Lampung 02,Sumatra,2,1,0.8660254037844386,0.5000000000000001,3800,12,9.540263157894737,261.5,16.0,259.5,201.8,261.73333333333335,240.5666666666667,26.0,1.0,8040.9,7972.0,8872.7,8414.9,7687.733333333334,8349.5,8620.308333333332,-0.01584399756246191,-0.05958478413290702,7913.5
2024-03-01,EST002,Estate Lampung 02,Sumatra,3,1,1.0,6.123233995736766e-17,3800,12,10.31578947368421,200.1,16.0,261.5,264.2,240.3666666666667,239.96666666666667,22.0,1.0,7913.5,7050.3,9119.0,9054.2,7668.233333333334,8189.633333333334,8578.525,0.09059202628419794,-0.04680700669302651,8630.4
2024-04-01,EST002,Estate Lampung 02,Sumatra,4,2,0.8660254037844387,-0.4999999999999998,3800,12,12.05342105263158,176.0,13.0,200.1,259.5,212.5333333333334,227.1833333333333,23.0,2.0,8630.4,8040.9,9042.1,8898.3,8194.933333333332,8108.200000000001,8543.208333333334,-0.01623331479421586,-0.045851454772259825,8490.3
2024-05-01,EST002,Estate Lampung 02,Sumatra,5,2,0.49999999999999994,-0.8660254037844387,3800,12,9.808947368421052,211.0,14.0,176.0,261.5,195.70000000000005,228.71666666666667,26.0,1.0,8490.3,7913.5,7972.0,8353.9,8344.733333333332,8016.233333333333,8509.208333333334,0.047230368773777176,0.06432923544691693,8891.3
2024-06-01,EST002,Estate Lampung 02,Sumatra,6,2,1.2246467991473532e-16,-1.0,3800,12,10.478157894736842,194.4,13.0,211.0,200.1,193.80000000000004,217.08333333333334,26.0,4.0,8891.3,8630.4,7050.3,8073.8,8670.666666666666,8169.45,8553.991666666667,0.006815651254597155,0.10875919641308918,8951.9
2024-07-01,EST002,Estate Lampung 02,Sumatra,7,3,-0.4999999999999997,-0.8660254037844388,3800,12,11.321842105263158,182.3,12.0,194.4,176.0,195.9,204.21666666666667,25.0,0.0,8951.9,8490.3,8040.9,10551.6,8777.833333333334,8486.383333333333,8627.166666666666,0.13684245802567063,-0.035511202092573746,10176.9
2024-08-01,EST002,Estate Lampung 02,Sumatra,8,3,-0.8660254037844384,-0.5000000000000004,3800,12,8.17421052631579,189.1,10.0,182.3,211.0,188.60000000000002,192.15,24.0,2.0,10176.9,8891.3,7913.5,8872.7,9340.033333333333,8842.383333333333,8595.941666666668,-0.09214004264559927,0.04130647942565391,9239.2
2024-09-01,EST002,Estate Lampung 02,Sumatra,9,3,-1.0,-1.8369701987210297e-16,3800,12,10.440526315789473,181.0,12.0,189.1,194.4,184.13333333333335,188.96666666666667,22.0,1.0,9239.2,8951.9,8630.4,9119.0,9456.0,9063.333333333334,8626.483333333334,-0.09874231535197864,-0.08686259458273937,8326.9
2024-10-01,EST002,Estate Lampung 02,Sumatra,10,4,-0.8660254037844386,0.5000000000000001,3800,12,10.174473684210525,225.8,14.0,181.0,182.3,198.63333333333335,197.26666666666665,22.0,1.0,8326.9,10176.9,8490.3,9042.1,9247.666666666666,9012.75,8560.475,0.018794509361226952,-0.06178874376527588,8483.4
2024-11-01,EST002,Estate Lampung 02,Sumatra,11,4,-0.5000000000000004,0.8660254037844384,3800,12,9.032894736842104,249.3,15.0,225.8,189.1,218.70000000000005,203.65,25.0,0.0,8483.4,9239.2,8891.3,7972.0,8683.166666666666,9011.599999999999,8513.916666666666,-0.014050970129900642,0.04919719016557966,8364.2
2024-12-01,EST002,Estate Lampung 02,Sumatra,12,4,-2.4492935982947064e-16,1.0,3800,12,9.006315789473684,241.7,16.0,249.3,181.0,238.93333333333337,211.5333333333333,25.0,1.0,8364.2,8326.9,8951.9,7050.3,8391.5,8923.75,8546.6,-0.020468185839650044,0.1620782094378963,8193.0
2025-01-01,EST002,Estate Lampung 02,Sumatra,1,1,0.49999999999999994,0.8660254037844387,3800,13,11.910789473684211,299.6,23.0,241.7,225.8,263.53333333333336,231.08333333333334,24.0,0.0,8193.0,8483.4,10176.9,8040.9,8346.866666666667,8797.266666666666,8641.824999999999,0.0012815818381546329,0.020221616983173485,8203.5
2025-02-01,EST002,Estate Lampung 02,Sumatra,2,1,0.8660254037844386,0.5000000000000001,3800,13,11.153157894736841,253.8,18.0,299.6,249.3,265.03333333333336,241.86666666666667,24.0,1.0,8203.5,8364.2,9239.2,7913.5,8253.566666666668,8468.366666666667,8655.375,-0.008350094471871738,0.027990143425791425,8135.0
2025-03-01,EST002,Estate Lampung 02,Sumatra,3,1,1.0,6.123233995736766e-17,3800,13,10.717894736842105,201.2,13.0,253.8,241.7,251.5333333333334,245.23333333333335,26.0,1.0,8135.0,8193.0,8326.9,8630.4,8177.166666666667,8284.333333333334,8673.833333333334,0.13385371850030725,0.06876853911753811,9223.9
2025-04-01,EST002,Estate Lampung 02,Sumatra,4,2,0.8660254037844387,-0.4999999999999998,3800,13,9.119736842105263,225.4,16.0,201.2,299.6,226.80000000000004,245.1666666666667,23.0,1.0,9223.9,8203.5,8483.4,8490.3,8520.800000000001,8433.833333333334,8723.291666666666,-0.013259033597502023,0.07199981154965096,9101.6
2025-05-01,EST002,Estate Lampung 02,Sumatra,5,2,0.49999999999999994,-0.8660254037844387,3800,13,11.22421052631579,173.6,14.0,225.4,253.8,200.0666666666667,232.54999999999998,24.0,3.0,9101.6,8135.0,8364.2,8891.3,8820.166666666666,8536.866666666667,8774.233333333334,-0.11131009932319591,-0.09029050869951516,8088.5
2025-06-01,EST002,Estate Lampung 02,Sumatra,6,2,1.2246467991473532e-16,-1.0,3800,13,12.013947368421052,206.7,15.0,173.6,201.2,201.9,226.7166666666667,25.0,1.0,8088.5,9223.9,8193.0,8951.9,8804.666666666666,8490.916666666666,8707.333333333334,0.11777214563887006,0.009964365106848838,9041.1
2025-07-01,EST002,Estate Lampung 02,Sumatra,7,3,-0.4999999999999997,-0.8660254037844388,3800,13,9.565921052631579,205.0,14.0,206.7,225.4,195.10000000000005,210.95000000000002,24.0,1.0,9041.1,9101.6,8203.5,10176.9,8743.733333333332,8632.266666666666,8714.766666666668,0.10536328544093099,-0.018001552535644394,9993.7
2025-08-01,EST002,Estate Lampung 02,Sumatra,8,3,-0.8660254037844384,-0.5000000000000004,3800,13,7.117894736842105,159.9,10.0,205.0,173.6,190.5333333333334,195.29999999999998,22.0,1.0,9993.7,8088.5,8135.0,9239.2,9041.1,8930.633333333333,8699.5,-0.23365720403854429,-0.1710754177850896,7658.6
2025-09-01,EST002,Estate Lampung 02,Sumatra,9,3,-1.0,-1.8369701987210297e-16,3800,13,10.424473684210525,222.1,16.0,159.9,206.7,195.6666666666667,198.78333333333333,23.0,2.0,7658.6,9041.1,9223.9,8326.9,8897.800000000001,8851.233333333334,8567.783333333333,0.17313869375603885,0.07898497640178226,8984.6
2025-10-01,EST002,Estate Lampung 02,Sumatra,10,4,-0.8660254037844386,0.5000000000000001,3800,13,7.855263157894737,230.3,16.0,222.1,205.0,204.10000000000005,199.6,26.0,0.0,8984.6,9993.7,9101.6,8483.4,8878.966666666667,8811.35,8622.591666666667,-0.1956792734234134,-0.14815993587476717,7226.5
2025-11-01,EST002,Estate Lampung 02,Sumatra,11,4,-0.5000000000000004,0.8660254037844384,3800,13,9.109473684210526,262.6,19.0,230.3,159.9,238.3333333333334,214.4333333333333,22.0,3.0,7226.5,7658.6,8088.5,8364.2,7956.566666666666,8498.833333333334,8517.85,0.05197536843561901,-0.09111451184811459,7602.1
2025-12-01,EST002,Estate Lampung 02,Sumatra,12,4,-2.4492935982947064e-16,1.0,3800,13,9.467631578947369,307.0,21.0,262.6,222.1,266.6333333333334,231.15,22.0,1.0,7602.1,8984.6,9041.1,8193.0,7937.733333333334,8417.766666666668,8454.341666666667,-0.03305665539785063,-0.10279506896130841,7350.8
2020-01-01,EST003,Estate Sumsel 01,Sumatra,1,1,0.49999999999999994,0.8660254037844387,5100,11,11.521372549019608,268.6,19.0,327.6,256.3,277.2,247.88333333333335,25.0,1.0,9250.0,10337.4,12707.8,10820.1,9656.866666666667,11016.833333333334,11148.008333333333,0.15181621621621622,-0.015323333425753982,10654.3
2020-02-01,EST003,Estate Sumsel 01,Sumatra,2,1,0.8660254037844386,0.5000000000000001,5100,11,10.51686274509804,220.6,14.0,268.6,235.4,272.2666666666667,251.13333333333335,25.0,1.0,10654.3,9383.2,13080.4,11559.0,9762.5,10674.583333333334,11134.191666666666,0.08182611715457622,-0.0028462669781122996,11526.1
2020-03-01,EST003,Estate Sumsel 01,Sumatra,3,1,1.0,6.123233995736766e-17,5100,11,11.237450980392158,204.2,14.0,220.6,327.6,231.13333333333333,252.11666666666667,26.0,1.0,11526.1,9250.0,11342.2,10752.1,10476.800000000001,10415.533333333335,11131.449999999999,-0.004763102870875668,0.06687995833372096,11471.2
2020-04-01,EST003,Estate Sumsel 01,Sumatra,4,2,0.8660254037844387,-0.4999999999999998,5100,11,9.88156862745098,221.1,18.0,204.2,268.6,215.29999999999998,246.25,25.0,1.0,11471.2,10654.3,10337.4,11513.8,11217.200000000003,10437.033333333333,11191.375,-0.10685019875863033,-0.11015477079678293,10245.5
2020-05-01,EST003,Estate Sumsel 01,Sumatra,5,2,0.49999999999999994,-0.8660254037844387,5100,11,9.72843137254902,192.4,15.0,221.1,220.6,205.89999999999998,239.08333333333334,22.0,5.0,10245.5,11526.1,9383.2,11242.2,11080.933333333334,10421.716666666667,11085.683333333334,-0.06642916402322974,-0.1491967764316594,9564.9
2020-06-01,EST003,Estate Sumsel 01,Sumatra,6,2,1.2246467991473532e-16,-1.0,5100,11,8.062549019607843,204.9,14.0,192.4,204.2,206.13333333333335,218.63333333333333,25.0,0.0,9564.9,11471.2,9250.0,11787.9,10427.199999999999,10452.0,10945.908333333333,0.3190310405754373,0.07028393522171039,12616.4
2020-07-01,EST003,Estate Sumsel 01,Sumatra,7,3,-0.4999999999999997,-0.8660254037844388,5100,11,10.170196078431372,187.8,13.0,204.9,221.1,195.03333333333333,205.16666666666666,24.0,1.0,12616.4,10245.5,10654.3,12707.8,10808.933333333332,11013.066666666666,11014.949999999999,0.03008782219967654,0.02267898456066364,12996.0
2020-08-01,EST003,Estate Sumsel 01,Sumatra,8,3,-0.8660254037844384,-0.5000000000000004,5100,11,10.919803921568628,178.6,12.0,187.8,192.4,190.43333333333337,198.16666666666666,24.0,2.0,12996.0,9564.9,11526.1,13080.4,11725.766666666668,11403.35,11038.966666666667,-0.1781625115420129,-0.183465337451454,10680.6
2020-09-01,EST003,Estate Sumsel 01,Sumatra,9,3,-1.0,-1.8369701987210297e-16,5100,11,10.336862745098038,176.8,13.0,178.6,204.9,181.0666666666667,193.60000000000002,24.0,1.0,10680.6,12616.4,11471.2,11342.2,12097.666666666666,11262.433333333334,10838.983333333334,-0.047647135928693074,-0.10319867397859317,10171.7
2020-10-01,EST003,Estate Sumsel 01,Sumatra,10,4,-0.8660254037844386,0.5000000000000001,5100,11,11.317450980392158,182.1,11.0,176.8,187.8,179.16666666666666,187.1,26.0,0.0,10171.7,12996.0,10245.5,10337.4,11282.766666666668,11045.85,10741.441666666668,0.21661079268952088,0.1971095246386907,12375.0
2020-11-01,EST003,Estate Sumsel 01,Sumatra,11,4,-0.5000000000000004,0.8660254037844384,5100,11,12.218039215686275,230.8,15.0,182.1,178.6,196.5666666666667,193.5,24.0,2.0,12375.0,10680.6,9564.9,9383.2,11075.766666666668,11400.766666666668,10911.241666666667,-0.16134141414141412,0.10606189786000497,10378.4
2020-12-01,EST003,Estate Sumsel 01,Sumatra,12,4,-2.4492935982947064e-16,1.0,5100,11,8.665882352941177,244.6,16.0,230.8,176.8,219.16666666666666,200.11666666666667,26.0,1.0,10378.4,10171.7,12616.4,9250.0,10975.033333333335,11536.35,10994.175000000001,-0.04196215216218302,0.074908108108108,9942.9
2021-01-01,EST003,Estate Sumsel 01,Sumatra,1,1,0.49999999999999994,0.8660254037844387,5100,12,10.810196078431373,258.4,18.0,244.6,182.1,244.6,211.88333333333333,26.0,1.0,9942.9,12375.0,12996.0,10654.3,10898.766666666665,11090.766666666668,11051.916666666666,-0.037886330949722824,-0.10212777939423501,9566.2
2021-02-01,EST003,Estate Sumsel 01,Sumatra,2,1,0.8660254037844386,0.5000000000000001,5100,12,8.032352941176471,210.9,15.0,258.4,230.8,237.96666666666667,217.26666666666668,25.0,1.0,9566.2,10378.4,10680.6,11526.1,9962.5,10519.133333333333,10961.241666666667,0.06146641299575584,-0.11902551600281097,10154.2
2021-03-01,EST003,Estate Sumsel 01,Sumatra,3,1,1.0,6.123233995736766e-17,5100,12,10.653529411764707,235.3,15.0,210.9,244.6,234.86666666666665,227.01666666666665,22.0,0.0,10154.2,9942.9,10171.7,11471.2,9887.766666666668,10431.4,10846.916666666666,0.027555100352563366,-0.09041774182300022,10434.0
2021-04-01,EST003,Estate Sumsel 01,Sumatra,4,2,0.8660254037844387,-0.4999999999999998,5100,12,9.463333333333333,218.6,17.0,235.3,258.4,221.6,233.1,25.0,0.0,10434.0,9566.2,12375.0,10245.5,10051.466666666667,10475.116666666667,10760.483333333334,-0.06500862564692345,-0.04780635400907707,9755.7
2021-05-01,EST003,Estate Sumsel 01,Sumatra,5,2,0.49999999999999994,-0.8660254037844387,5100,12,7.408627450980392,175.9,10.0,218.6,210.9,209.9333333333333,223.95000000000002,25.0,2.0,9755.7,10154.2,10378.4,9564.9,10114.633333333333,10038.566666666668,10719.666666666666,-0.06952858328976919,-0.05096760028855507,9077.4
2021-06-01,EST003,Estate Sumsel 01,Sumatra,6,2,1.2246467991473532e-16,-1.0,5100,12,8.777450980392157,190.8,11.0,175.9,235.3,195.1,214.98333333333332,26.0,0.0,9077.4,10434.0,9942.9,12616.4,9755.699999999999,9821.733333333332,10679.041666666666,0.39542159649238773,0.003994800418502864,12666.8
2021-07-01,EST003,Estate Sumsel 01,Sumatra,7,3,-0.4999999999999997,-0.8660254037844388,5100,12,10.039019607843137,177.5,12.0,190.8,218.6,181.39999999999998,201.5,26.0,3.0,12666.8,9755.7,9566.2,12996.0,10499.966666666665,10275.716666666667,10683.241666666667,-0.16997189503268384,-0.1909972299168976,10513.8
2021-08-01,EST003,Estate Sumsel 01,Sumatra,8,3,-0.8660254037844384,-0.5000000000000004,5100,12,10.137647058823529,151.8,12.0,177.5,175.9,173.36666666666667,191.65,24.0,2.0,10513.8,9077.4,10154.2,10680.6,10752.666666666666,10433.65,10476.391666666666,-0.04909737678099246,-0.06394771829297974,9997.6
2021-09-01,EST003,Estate Sumsel 01,Sumatra,9,3,-1.0,-1.8369701987210297e-16,5100,12,9.861176470588235,206.9,16.0,151.8,190.8,178.73333333333332,186.91666666666666,24.0,4.0,9997.6,12666.8,10434.0,10171.7,11059.4,10407.550000000001,10419.475,0.05284268224373845,0.034822104466313286,10525.9
2021-10-01,EST003,Estate Sumsel 01,Sumatra,10,4,-0.8660254037844386,0.5000000000000001,5100,12,8.393529411764705,234.0,15.0,206.9,177.5,197.56666666666663,189.48333333333335,25.0,1.0,10525.9,10513.8,9755.7,12375.0,10345.766666666666,10422.866666666667,10448.991666666667,-0.03633893538794786,-0.18033131313131312,10143.4
2021-11-01,EST003,Estate Sumsel 01,Sumatra,11,4,-0.5000000000000004,0.8660254037844384,5100,12,7.372941176470588,269.1,20.0,234.0,151.8,236.66666666666666,205.01666666666665,23.0,3.0,10143.4,9997.6,9077.4,10378.4,10222.300000000001,10487.483333333332,10263.025,-0.05357178066526014,-0.07500192707931852,9600.0
2021-12-01,EST003,Estate Sumsel 01,Sumatra,12,4,-2.4492935982947064e-16,1.0,5100,12,10.236274509803922,285.9,19.0,269.1,206.9,263.0,220.86666666666667,23.0,0.0,9600.0,10525.9,12666.8,9942.9,10089.766666666668,10574.583333333334,10198.158333333335,0.001343749999999977,-0.03318951211417187,9612.9
2022-01-01,EST003,Estate Sumsel 01,Sumatra,1,1,0.49999999999999994,0.8660254037844387,5100,13,9.52627450980392,218.6,14.0,285.9,234.0,257.8666666666666,227.71666666666667,24.0,2.0,9612.9,10143.4,10513.8,9566.2,9785.433333333332,10065.6,10170.658333333333,0.02997014428528333,0.034998222909828236,9901.0
2022-02-01,EST003,Estate Sumsel 01,Sumatra,2,1,0.8660254037844386,0.5000000000000001,5100,13,11.421176470588236,218.6,16.0,218.6,269.1,241.0333333333333,238.85000000000002,23.0,1.0,9901.0,9600.0,9997.6,10154.2,9704.633333333333,9963.466666666667,10198.558333333332,0.20589839410160593,0.17582872112032444,11939.6
2022-03-01,EST003,Estate Sumsel 01,Sumatra,3,1,1.0,6.123233995736766e-17,5100,13,10.071372549019609,243.9,17.0,218.6,285.9,227.0333333333333,245.01666666666665,24.0,1.0,11939.6,9612.9,10525.9,10434.0,10484.5,10287.133333333333,10347.341666666667,-0.12149485744916078,0.005271228675483908,10489.0
2022-04-01,EST003,Estate Sumsel 01,Sumatra,4,2,0.8660254037844387,-0.4999999999999998,5100,13,11.431176470588236,221.8,12.0,243.9,218.6,228.1,242.98333333333335,26.0,0.0,10489.0,9901.0,10143.4,9755.7,10776.533333333333,10280.983333333332,10351.925000000001,0.1048717704261608,0.18792090777699189,11589.0
2022-05-01,EST003,Estate Sumsel 01,Sumatra,5,2,0.49999999999999994,-0.8660254037844387,5100,13,10.27156862745098,210.9,16.0,221.8,218.6,225.5333333333333,233.28333333333333,25.0,1.0,11589.0,11939.6,9600.0,9077.4,11339.199999999999,10521.916666666666,10504.7,-0.03421347829838639,0.23300724877167478,11192.5
2022-06-01,EST003,Estate Sumsel 01,Sumatra,6,2,1.2246467991473532e-16,-1.0,5100,13,9.84392156862745,283.3,21.0,210.9,243.9,238.66666666666666,232.85,22.0,0.0,11192.5,10489.0,9612.9,12666.8,11090.166666666666,10787.333333333334,10680.958333333334,0.046718784900602994,-0.07510973568699275,11715.4
2022-07-01,EST003,Estate Sumsel 01,Sumatra,7,3,-0.4999999999999997,-0.8660254037844388,5100,13,10.21313725490196,190.3,12.0,283.3,221.8,228.16666666666666,228.13333333333335,25.0,0.0,11715.4,11589.0,9901.0,10513.8,11498.966666666667,11137.75,10601.675000000001,0.12769517045939538,0.2565770701363923,13211.4
2022-08-01,EST003,Estate Sumsel 01,Sumatra,8,3,-0.8660254037844384,-0.5000000000000004,5100,13,8.915882352941177,208.8,15.0,190.3,210.9,227.46666666666667,226.5,24.0,2.0,13211.4,11192.5,11939.6,9997.6,12039.766666666668,11689.483333333332,10826.475,-0.060833825332667124,0.24106785628550864,12407.7
2022-09-01,EST003,Estate Sumsel 01,Sumatra,9,3,-1.0,-1.8369701987210297e-16,5100,13,8.765882352941176,221.9,16.0,208.8,283.3,207.0,222.83333333333337,24.0,0.0,12407.7,11715.4,10489.0,10525.9,12444.833333333334,11767.5,11027.316666666666,0.07403467201818215,0.2660485089161022,13326.3
2022-10-01,EST003,Estate Sumsel 01,Sumatra,10,4,-0.8660254037844386,0.5000000000000001,5100,13,11.51921568627451,236.3,16.0,221.9,190.3,222.33333333333334,225.25,25.0,0.0,13326.3,13211.4,11589.0,10143.4,12981.800000000001,12240.383333333333,11260.683333333334,-0.22109662847151867,0.023315653528402702,10379.9
2022-11-01,EST003,Estate Sumsel 01,Sumatra,11,4,-0.5000000000000004,0.8660254037844384,5100,13,10.205686274509803,234.1,15.0,236.3,208.8,230.76666666666665,229.11666666666667,24.0,3.0,10379.9,12407.7,11192.5,9600.0,12037.966666666665,12038.866666666667,11280.391666666665,-0.008670603763042073,0.07186458333333334,10289.9
2022-12-01,EST003,Estate Sumsel 01,Sumatra,12,4,-2.4492935982947064e-16,1.0,5100,13,11.062156862745098,278.6,18.0,234.1,221.9,249.66666666666666,228.33333333333337,23.0,2.0,10289.9,13326.3,11715.4,9612.9,11332.033333333333,11888.433333333334,11337.883333333333,-0.023800036929416235,0.04495001508389773,10045.0
2023-01-01,EST003,Estate Sumsel 01,Sumatra,1,1,0.49999999999999994,0.8660254037844387,5100,14,11.311176470588235,233.7,16.0,278.6,236.3,248.79999999999995,235.5666666666667,23.0,1.0,10045.0,10379.9,13211.4,9901.0,10238.266666666665,11610.033333333333,11373.891666666668,0.04680935788949725,0.06203413796586221,10515.2
2023-02-01,EST003,Estate Sumsel 01,Sumatra,2,1,0.8660254037844386,0.5000000000000001,5100,14,10.60235294117647,236.1,17.0,233.7,234.1,249.46666666666667,240.11666666666667,24.0,4.0,10515.2,10289.9,12407.7,11939.6,10283.366666666667,11160.666666666666,11425.074999999999,-0.09530013694461359,-0.20323126402894565,9513.1
2023-03-01,EST003,Estate Sumsel 01,Sumatra,3,1,1.0,6.123233995736766e-17,5100,14,11.491764705882353,218.9,15.0,236.1,278.6,229.56666666666663,239.61666666666665,24.0,1.0,9513.1,10045.0,13326.3,10489.0,10024.433333333332,10678.233333333334,11222.866666666667,0.16707487569772206,0.0584898465058632,11102.5
2023-04-01,EST003,Estate Sumsel 01,Sumatra,4,2,0.8660254037844387,-0.4999999999999998,5100,14,9.699607843137255,211.0,14.0,218.9,233.7,222.0,235.4,23.0,1.0,11102.5,10515.2,10379.9,11589.0,10376.933333333334,10307.6,11273.991666666667,0.12426930871425368,0.07707308654758838,12482.2
2023-05-01,EST003,Estate Sumsel 01,Sumatra,5,2,0.49999999999999994,-0.8660254037844387,5100,14,10.490980392156862,255.9,18.0,211.0,236.1,228.6,239.03333333333333,24.0,2.0,12482.2,9513.1,10289.9,11192.5,11032.6,10657.983333333332,11348.425000000001,-0.0367242953966449,0.0742729506365869,12023.8
2023-06-01,EST003,Estate Sumsel 01,Sumatra,6,2,1.2246467991473532e-16,-1.0,5100,14,9.754509803921568,140.3,5.0,255.9,218.9,202.39999999999998,215.98333333333332,24.0,2.0,12023.8,11102.5,10045.0,11715.4,11869.5,10946.966666666667,11417.699999999999,-0.12706465510071685,-0.10408522116188945,10496.0
2023-07-01,EST003,Estate Sumsel 01,Sumatra,7,3,-0.4999999999999997,-0.8660254037844388,5100,14,10.179019607843138,193.2,15.0,140.3,211.0,196.46666666666667,209.23333333333332,25.0,1.0,10496.0,12482.2,10515.2,13211.4,11667.333333333334,11022.133333333333,11316.083333333334,0.28246951219512195,0.018877635981046748,13460.8
2023-08-01,EST003,Estate Sumsel 01,Sumatra,8,3,-0.8660254037844384,-0.5000000000000004,5100,14,10.922941176470589,140.1,7.0,193.2,255.9,157.86666666666665,193.23333333333335,22.0,1.0,13460.8,12023.8,9513.1,12407.7,11993.533333333333,11513.066666666666,11336.866666666667,-0.2611137525258528,-0.19840099293180857,9946.0
2023-09-01,EST003,Estate Sumsel 01,Sumatra,9,3,-1.0,-1.8369701987210297e-16,5100,14,10.974117647058824,186.2,12.0,140.1,140.3,173.16666666666666,187.78333333333333,23.0,3.0,9946.0,10496.0,11102.5,13326.3,11300.933333333334,11585.216666666667,11131.724999999999,0.025085461492057037,-0.23493392764683363,10195.5
2023-10-01,EST003,Estate Sumsel 01,Sumatra,10,4,-0.8660254037844386,0.5000000000000001,5100,14,11.69921568627451,247.2,15.0,186.2,193.2,191.16666666666663,193.8166666666667,25.0,3.0,10195.5,13460.8,12482.2,10379.9,11200.766666666668,11434.050000000001,10870.825,-0.05447501348634198,-0.0712723629322054,9640.1
2023-11-01,EST003,Estate Sumsel 01,Sumatra,11,4,-0.5000000000000004,0.8660254037844384,5100,14,9.674901960784315,243.6,14.0,247.2,140.1,225.66666666666663,191.76666666666665,22.0,1.0,9640.1,9946.0,12023.8,10289.9,9927.199999999999,10960.366666666667,10809.175,0.05369238908310092,-0.01284754953886813,10157.7
2023-12-01,EST003,Estate Sumsel 01,Sumatra,12,4,-2.4492935982947064e-16,1.0,5100,14,8.836078431372549,232.7,17.0,243.6,186.2,241.16666666666663,207.16666666666666,24.0,1.0,10157.7,10195.5,10496.0,10045.0,9997.766666666668,10649.35,10798.158333333335,0.011971213955915161,0.02332503733200597,10279.3
2024-01-01,EST003,Estate Sumsel 01,Sumatra,1,1,0.49999999999999994,0.8660254037844387,5100,15,9.69627450980392,235.1,15.0,232.7,247.2,237.1333333333333,214.14999999999998,24.0,1.0,10279.3,9640.1,13460.8,10515.2,10025.699999999999,10613.233333333334,10817.683333333332,0.018522662048972238,-0.004327069385270832,10469.7
2024-02-01,EST003,Estate Sumsel 01,Sumatra,2,1,0.8660254037844386,0.5000000000000001,5100,15,9.09470588235294,259.0,18.0,235.1,243.6,242.26666666666665,233.96666666666667,25.0,2.0,10469.7,10157.7,9946.0,9513.1,10302.233333333335,10114.716666666667,10813.891666666668,-0.0028272061281603422,0.09744457642619131,10440.1
2024-03-01,EST003,Estate Sumsel 01,Sumatra,3,1,1.0,6.123233995736766e-17,5100,15,12.194117647058823,212.7,14.0,259.0,232.7,235.6,238.38333333333333,24.0,0.0,10440.1,10279.3,10195.5,11102.5,10396.366666666667,10197.066666666668,10891.141666666666,0.06202047873104655,-0.0013420400810627564,11087.6
2024-04-01,EST003,Estate Sumsel 01,Sumatra,4,2,0.8660254037844387,-0.4999999999999998,5100,15,9.09,214.4,15.0,212.7,235.1,228.69999999999996,232.91666666666663,26.0,0.0,11087.6,10469.7,9640.1,12482.2,10665.800000000001,10345.750000000002,10889.9,0.10771492478083622,-0.016046850715418892,12281.9
2024-05-01,EST003,Estate Sumsel 01,Sumatra,5,2,0.49999999999999994,-0.8660254037844387,5100,15,8.049411764705882,199.1,13.0,214.4,259.0,208.73333333333332,225.5,25.0,1.0,12281.9,10440.1,10157.7,12023.8,11269.866666666667,10786.050000000001,10873.208333333334,-0.024304057189848516,-0.0033600026613882505,11983.4
2024-06-01,EST003,Estate Sumsel 01,Sumatra,6,2,1.2246467991473532e-16,-1.0,5100,15,8.019607843137255,170.7,9.0,199.1,212.7,194.73333333333332,215.16666666666666,22.0,1.0,11983.4,11087.6,10279.3,10496.0,11784.300000000001,11090.333333333334,10869.841666666667,-0.0692040656241133,0.06270007621951224,11154.1
2024-07-01,EST003,Estate Sumsel 01,Sumatra,7,3,-0.4999999999999997,-0.8660254037844388,5100,15,10.16,229.6,17.0,170.7,214.4,199.79999999999998,214.25,25.0,0.0,11154.1,12281.9,10469.7,13460.8,11806.466666666667,11236.133333333333,10924.683333333334,0.04969473108543032,-0.13018542731486982,11708.4
2024-08-01,EST003,Estate Sumsel 01,Sumatra,8,3,-0.8660254037844384,-0.5000000000000004,5100,15,10.514117647058823,196.2,12.0,229.6,199.1,198.8333333333333,203.78333333333333,23.0,2.0,11708.4,11983.4,10440.1,9946.0,11615.300000000001,11442.583333333334,10778.65,0.03785316524888116,0.2217574904484214,12151.6
2024-09-01,EST003,Estate Sumsel 01,Sumatra,9,3,-1.0,-1.8369701987210297e-16,5100,15,9.941764705882353,147.4,7.0,196.2,170.7,191.06666666666663,192.89999999999998,25.0,2.0,12151.6,11154.1,11087.6,10195.5,11671.366666666667,11727.833333333334,10962.449999999999,-0.05781543171269632,0.1229513020450197,11449.05
2024-10-01,EST003,Estate Sumsel 01,Sumatra,10,4,-0.8660254037844386,0.5000000000000001,5100,15,8.097450980392157,224.7,14.0,147.4,229.6,189.4333333333333,194.61666666666665,24.0,1.0,11449.05,11708.4,12281.9,9640.1,11769.683333333334,11788.074999999999,11066.9125,-0.06136316986998913,0.11477059366604081,10746.5
2024-11-01,EST003,Estate Sumsel 01,Sumatra,11,4,-0.5000000000000004,0.8660254037844384,5100,15,9.617843137254901,225.5,17.0,224.7,196.2,199.19999999999996,199.01666666666665,24.0,1.0,10746.5,12151.6,11983.4,10157.7,11449.049999999997,11532.175000000001,11159.112500000001,0.005629739915321341,0.06392195083532681,10807.0
2024-12-01,EST003,Estate Sumsel 01,Sumatra,12,4,-2.4492935982947064e-16,1.0,5100,15,9.271764705882353,280.9,20.0,225.5,147.4,243.69999999999996,217.38333333333333,26.0,2.0,10807.0,11449.05,11154.1,10279.3,11000.85,11336.108333333332,11213.220833333333,-0.03245118904413813,0.017219071337542413,10456.3
2025-01-01,EST003,Estate Sumsel 01,Sumatra,1,1,0.49999999999999994,0.8660254037844387,5100,16,11.162745098039215,233.2,15.0,280.9,224.7,246.5333333333333,217.98333333333335,26.0,2.0,10456.3,10746.5,11708.4,10469.7,10669.933333333332,11219.808333333332,11227.970833333333,-0.033539588573395895,-0.03477654565078281,10105.6
2025-02-01,EST003,Estate Sumsel 01,Sumatra,2,1,0.8660254037844386,0.5000000000000001,5100,16,9.252156862745098,239.1,15.0,233.2,225.5,251.06666666666663,225.13333333333333,26.0,3.0,10105.6,10807.0,12151.6,10440.1,10456.300000000001,10952.675000000001,11197.629166666666,-0.0012270424319188455,-0.03322765107613912,10093.2
2025-03-01,EST003,Estate Sumsel 01,Sumatra,3,1,1.0,6.123233995736766e-17,5100,16,9.171372549019608,243.6,16.0,239.1,280.9,238.6333333333333,241.16666666666666,22.0,3.0,10093.2,10456.3,11449.05,11087.6,10218.366666666667,10609.608333333332,11168.720833333333,-0.029287044742995372,-0.11634618853493994,9797.6
2025-04-01,EST003,Estate Sumsel 01,Sumatra,4,2,0.8660254037844387,-0.4999999999999998,5100,16,8.965294117647058,230.6,18.0,243.6,233.2,237.76666666666665,242.15,26.0,2.0,9797.6,10105.6,10746.5,12281.9,9998.800000000001,10334.366666666667,11061.220833333333,0.21075569527231153,-0.034147811006440376,11862.5
2025-05-01,EST003,Estate Sumsel 01,Sumatra,5,2,0.49999999999999994,-0.8660254037844387,5100,16,12.669411764705883,168.0,12.0,230.6,239.1,214.06666666666663,232.5666666666667,22.0,0.0,11862.5,10093.2,10807.0,11983.4,10584.433333333334,10520.366666666667,11026.270833333334,-0.07662802950474179,-0.08594388904651429,10953.5
2025-06-01,EST003,Estate Sumsel 01,Sumatra,6,2,1.2246467991473532e-16,-1.0,5100,16,9.574509803921568,178.6,13.0,168.0,243.6,192.39999999999998,215.51666666666665,26.0,2.0,10953.5,9797.6,10456.3,11154.1,10871.199999999999,10544.783333333333,10940.445833333333,0.010644999315287285,-0.007530863090702056,11070.1
2025-07-01,EST003,Estate Sumsel 01,Sumatra,7,3,-0.4999999999999997,-0.8660254037844388,5100,16,9.744117647058824,164.1,12.0,178.6,230.6,170.23333333333332,204.0,22.0,1.0,11070.1,11862.5,10105.6,11708.4,11295.366666666667,10647.083333333334,10933.445833333333,-0.02828339400728086,-0.08125790031088787,10757.0
2025-08-01,EST003,Estate Sumsel 01,Sumatra,8,3,-0.8660254037844384,-0.5000000000000004,5100,16,8.827450980392157,164.1,11.0,164.1,168.0,168.9333333333333,191.5,25.0,1.0,10757.0,10953.5,10093.2,12151.6,10926.866666666667,10755.65,10854.1625,-0.025936599423631135,-0.1377267191151783,10478.0
2025-09-01,EST003,Estate Sumsel 01,Sumatra,9,3,-1.0,-1.8369701987210297e-16,5100,16,9.626470588235295,242.1,16.0,164.1,178.6,190.1,191.25,25.0,2.0,10478.0,11070.1,9797.6,11449.05,10768.366666666667,10819.783333333335,10714.695833333333,0.02966214926512678,-0.057668540184556805,10788.8
2025-10-01,EST003,Estate Sumsel 01,Sumatra,10,4,-0.8660254037844386,0.5000000000000001,5100,16,7.62764705882353,230.1,15.0,242.1,164.1,212.1,191.16666666666666,24.0,2.0,10788.8,10757.0,11862.5,10746.5,10674.6,10984.983333333335,10659.675000000001,-0.06976679519501694,-0.06610524356767311,10036.1
2025-11-01,EST003,Estate Sumsel 01,Sumatra,11,4,-0.5000000000000004,0.8660254037844384,5100,16,9.709019607843137,210.5,14.0,230.1,164.1,227.56666666666663,198.25,22.0,2.0,10036.1,10478.0,10953.5,10807.0,10434.300000000001,10680.583333333334,10600.475,-0.014348202987216174,-0.08465809197742202,9892.1
2025-12-01,EST003,Estate Sumsel 01,Sumatra,12,4,-2.4492935982947064e-16,1.0,5100,16,11.746666666666666,282.5,19.0,210.5,242.1,241.0333333333333,215.5666666666667,23.0,0.0,9892.1,10788.8,11070.1,10456.3,10239.0,10503.683333333334,10524.233333333334,0.05929984533112287,0.002142249170356658,10478.7
2020-01-01,EST004,Estate Jambi 01,Sumatra,1,1,0.49999999999999994,0.8660254037844387,4600,9,9.467391304347826,246.7,18.0,234.0,218.5,213.9,205.80000000000004,22.0,0.0,9030.4,9787.7,10683.3,8128.4,9019.433333333334,9403.833333333334,8909.800000000001,-0.054704110559886554,0.05019438019782485,8536.4
2020-02-01,EST004,Estate Jambi 01,Sumatra,2,1,0.8660254037844386,0.5000000000000001,4600,9,12.394565217391305,210.8,12.0,246.7,161.0,230.5,207.63333333333333,25.0,1.0,8536.4,8240.2,10159.4,7353.0,8602.333333333334,9046.016666666666,8943.800000000001,-0.0186495478187525,0.13929008567931467,8377.2
2020-03-01,EST004,Estate Jambi 01,Sumatra,3,1,1.0,6.123233995736766e-17,4600,9,10.778478260869566,271.8,19.0,210.8,234.0,243.1,223.79999999999998,24.0,1.0,8377.2,9030.4,8522.0,8798.1,8648.0,8748.983333333334,9029.15,0.07145585637205731,0.020197542651254174,8975.8
2020-04-01,EST004,Estate Jambi 01,Sumatra,4,2,0.8660254037844387,-0.4999999999999998,4600,9,11.75282608695652,173.2,10.0,271.8,246.7,218.6,216.25,25.0,1.0,8975.8,8536.4,9787.7,9234.8,8629.8,8824.616666666667,9043.958333333334,-0.05861315982976434,-0.08501537661887626,8449.7
2020-05-01,EST004,Estate Jambi 01,Sumatra,5,2,0.49999999999999994,-0.8660254037844387,4600,9,11.986086956521739,187.0,12.0,173.2,210.8,210.66666666666666,220.58333333333334,22.0,1.0,8449.7,8377.2,8240.2,9605.3,8600.9,8601.616666666667,8978.533333333333,0.21777104512586232,0.07126274036209179,10289.8
2020-06-01,EST004,Estate Jambi 01,Sumatra,6,2,1.2246467991473532e-16,-1.0,4600,9,9.799130434782608,199.5,16.0,187.0,271.8,186.5666666666667,214.83333333333334,24.0,2.0,10289.8,8975.8,9030.4,7375.0,9238.433333333332,8943.216666666667,9035.575,-0.05026336760675609,0.3250983050847458,9772.6
2020-07-01,EST004,Estate Jambi 01,Sumatra,7,3,-0.4999999999999997,-0.8660254037844388,4600,9,12.087173913043479,212.0,14.0,199.5,173.2,199.5,209.05000000000004,25.0,1.0,9772.6,8449.7,8536.4,10683.3,9504.033333333333,9066.916666666666,9235.375,0.15356199987720753,0.055226381361564325,11273.3
2020-08-01,EST004,Estate Jambi 01,Sumatra,8,3,-0.8660254037844384,-0.5000000000000004,4600,9,11.149347826086956,144.5,10.0,212.0,187.0,185.33333333333334,198.0,26.0,3.0,11273.3,10289.8,8377.2,10159.4,10445.233333333332,9523.066666666666,9284.541666666666,-0.270515288336157,-0.19053290548654434,8223.7
2020-09-01,EST004,Estate Jambi 01,Sumatra,9,3,-1.0,-1.8369701987210297e-16,4600,9,10.211521739130434,227.1,16.0,144.5,199.5,194.53333333333333,190.54999999999998,26.0,3.0,8223.7,9772.6,8975.8,8522.0,9756.533333333333,9497.483333333334,9123.233333333332,0.10066028673224947,0.06213330204177425,9051.5
2020-10-01,EST004,Estate Jambi 01,Sumatra,10,4,-0.8660254037844386,0.5000000000000001,4600,9,9.688260869565218,220.3,15.0,227.1,212.0,197.29999999999998,198.39999999999998,22.0,1.0,9051.5,11273.3,8449.7,9787.7,9516.166666666666,9510.1,9167.358333333332,0.06632049936474615,-0.013884773746641321,9651.8
2020-11-01,EST004,Estate Jambi 01,Sumatra,11,4,-0.5000000000000004,0.8660254037844384,4600,9,9.940434782608696,217.5,15.0,220.3,144.5,221.63333333333333,203.48333333333332,24.0,1.0,9651.8,8223.7,10289.8,8240.2,8975.666666666666,9710.449999999999,9156.033333333333,-0.07816158643983506,0.0797553457440352,8897.4
2020-12-01,EST004,Estate Jambi 01,Sumatra,12,4,-2.4492935982947064e-16,1.0,4600,9,8.41,271.2,19.0,217.5,227.1,236.33333333333334,215.4333333333333,23.0,1.0,8897.4,9051.5,9772.6,9030.4,9200.233333333334,9478.383333333333,9210.800000000001,-0.05038550587812163,-0.06437145641389075,8449.1
2021-01-01,EST004,Estate Jambi 01,Sumatra,1,1,0.49999999999999994,0.8660254037844387,4600,10,10.366304347826087,258.0,21.0,271.2,220.3,248.9,223.1,24.0,0.0,8449.1,9651.8,11273.3,8536.4,8999.433333333332,9257.800000000001,9162.358333333334,0.18909706359257195,0.17693641347640687,10046.8
2021-02-01,EST004,Estate Jambi 01,Sumatra,2,1,0.8660254037844386,0.5000000000000001,4600,10,10.402173913043478,227.0,15.0,258.0,217.5,252.0666666666667,236.85,26.0,2.0,10046.8,8897.4,8223.7,8377.2,9131.1,9053.383333333333,9288.225,-0.03156228848986731,0.16145012653392543,9729.7
2021-03-01,EST004,Estate Jambi 01,Sumatra,3,1,1.0,6.123233995736766e-17,4600,10,11.156521739130435,232.7,16.0,227.0,271.2,239.23333333333335,237.78333333333333,25.0,1.0,9729.7,8449.1,9051.5,8975.8,9408.533333333333,9304.383333333333,9400.933333333332,0.109787557684204,0.20300140377459397,10797.9
2021-04-01,EST004,Estate Jambi 01,Sumatra,4,2,0.8660254037844387,-0.4999999999999998,4600,10,11.511086956521739,199.4,15.0,232.7,258.0,219.70000000000002,234.29999999999998,23.0,0.0,10797.9,10046.8,9651.8,8449.7,10191.466666666667,9595.449999999999,9552.775,0.072875281304698,0.37103092417482264,11584.8
2021-05-01,EST004,Estate Jambi 01,Sumatra,5,2,0.49999999999999994,-0.8660254037844387,4600,10,10.591521739130435,200.8,15.0,199.4,227.0,210.96666666666667,231.51666666666668,22.0,1.0,11584.8,9729.7,8897.4,10289.8,10704.133333333333,9917.616666666667,9814.033333333333,0.02853739382639331,0.15798169060623146,11915.4
2021-06-01,EST004,Estate Jambi 01,Sumatra,6,2,1.2246467991473532e-16,-1.0,4600,10,9.702826086956522,203.6,15.0,200.8,232.7,201.26666666666665,220.25,23.0,0.0,11915.4,10797.9,8449.1,9772.6,11432.699999999999,10420.616666666667,9949.5,0.013537103244540827,0.23577144260483385,12076.7
2021-07-01,EST004,Estate Jambi 01,Sumatra,7,3,-0.4999999999999997,-0.8660254037844388,4600,10,9.123478260869565,215.7,15.0,203.6,199.4,206.70000000000002,213.20000000000002,22.0,1.0,12076.7,11584.8,10046.8,11273.3,11858.966666666667,11025.216666666665,10141.508333333333,-0.05597555623638906,0.011301038737548064,11400.7
2021-08-01,EST004,Estate Jambi 01,Sumatra,8,3,-0.8660254037844384,-0.5000000000000004,4600,10,8.464565217391304,149.5,8.0,215.7,200.8,189.6,200.28333333333333,23.0,1.0,11400.7,11915.4,9729.7,8223.7,11797.6,11250.866666666667,10152.125,-0.004008525792275952,0.3807653489305298,11355.0
2021-09-01,EST004,Estate Jambi 01,Sumatra,9,3,-1.0,-1.8369701987210297e-16,4600,10,7.805652173913043,251.3,19.0,149.5,203.6,205.5,203.38333333333333,22.0,2.0,11355.0,12076.7,10797.9,9051.5,11610.800000000001,11521.75,10413.066666666666,-0.12413914575077056,0.09875711208087057,9945.4
2021-10-01,EST004,Estate Jambi 01,Sumatra,10,4,-0.8660254037844386,0.5000000000000001,4600,10,9.556304347826087,171.2,10.0,251.3,215.7,190.66666666666666,198.6833333333333,22.0,1.0,9945.4,11400.7,11584.8,9651.8,10900.366666666667,11379.666666666666,10487.558333333332,-0.12928590101956672,-0.10279947781760901,8659.6
2021-11-01,EST004,Estate Jambi 01,Sumatra,11,4,-0.5000000000000004,0.8660254037844384,4600,10,9.902608695652173,238.2,16.0,171.2,149.5,220.23333333333335,204.91666666666666,23.0,2.0,8659.6,11355.0,11915.4,8897.4,9986.666666666666,10892.133333333333,10404.875,0.12297334749872979,0.09295974104794658,9724.5
2021-12-01,EST004,Estate Jambi 01,Sumatra,12,4,-2.4492935982947064e-16,1.0,4600,10,11.736304347826087,274.3,17.0,238.2,251.3,227.9,216.70000000000002,23.0,0.0,9724.5,9945.4,12076.7,8449.1,9443.166666666666,10526.983333333335,10473.8,0.0905033677824052,0.2551159295072847,10604.6
2022-01-01,EST004,Estate Jambi 01,Sumatra,1,1,0.49999999999999994,0.8660254037844387,4600,11,9.797173913043478,260.0,17.0,274.3,171.2,257.5,224.08333333333334,24.5,2.0,10604.6,8659.6,11400.7,10046.8,9662.9,10281.633333333333,10653.425000000001,0.007044112932123703,0.06295536887367126,10679.3
2022-02-01,EST004,Estate Jambi 01,Sumatra,2,1,0.8660254037844386,0.5000000000000001,4600,11,9.083043478260869,226.4,16.0,260.0,238.2,253.5666666666667,236.9,26.0,0.0,10679.3,9724.5,11355.0,9729.7,10336.133333333333,10161.4,10706.133333333333,-0.06448924554980184,0.026814804156346073,9990.6
2022-03-01,EST004,Estate Jambi 01,Sumatra,3,1,1.0,6.123233995736766e-17,4600,11,9.759565217391305,225.8,16.0,226.4,274.3,237.4,232.64999999999998,23.0,2.0,9990.6,10604.6,9945.4,10797.9,10424.833333333334,9934.0,10727.875,0.10917262226492896,0.02624584409931563,11081.3
2022-04-01,EST004,Estate Jambi 01,Sumatra,4,2,0.8660254037844387,-0.4999999999999998,4600,11,8.22108695652174,196.7,14.0,225.8,260.0,216.29999999999998,236.9,24.0,1.0,11081.3,10679.3,8659.6,11584.8,10583.733333333332,10123.316666666668,10751.491666666667,0.07783382816095585,0.03098888198328842,11943.8
2022-05-01,EST004,Estate Jambi 01,Sumatra,5,2,0.49999999999999994,-0.8660254037844387,4600,11,9.595,183.3,15.0,196.7,226.4,201.93333333333337,227.75,25.0,1.0,11943.8,9990.6,9724.5,11915.4,11005.233333333332,10670.683333333334,10781.408333333335,-0.06891441584755253,-0.06669520116823602,11120.7
2022-06-01,EST004,Estate Jambi 01,Sumatra,6,2,1.2246467991473532e-16,-1.0,4600,11,9.766739130434782,208.2,15.0,183.3,225.8,196.06666666666663,216.73333333333335,22.0,1.0,11120.7,11081.3,10604.6,12076.7,11381.933333333334,10903.383333333333,10715.183333333332,0.055841808519247804,-0.027739365886376266,11741.7
2022-07-01,EST004,Estate Jambi 01,Sumatra,7,3,-0.4999999999999997,-0.8660254037844388,4600,11,9.963260869565218,184.9,12.0,208.2,196.7,192.13333333333335,204.2166666666667,22.0,3.0,11741.7,11943.8,10679.3,11400.7,11602.066666666666,11092.9,10687.266666666666,-0.06335539146801583,-0.03533993526713286,10997.8
2022-08-01,EST004,Estate Jambi 01,Sumatra,8,3,-0.8660254037844384,-0.5000000000000004,4600,11,10.040434782608695,163.1,12.0,184.9,183.3,185.39999999999998,193.66666666666666,25.0,0.0,10997.8,11120.7,9990.6,11355.0,11286.733333333335,11145.983333333332,10653.691666666668,-0.03696193784211388,-0.06725671510347875,10591.3
2022-09-01,EST004,Estate Jambi 01,Sumatra,9,3,-1.0,-1.8369701987210297e-16,4600,11,11.43195652173913,220.5,16.0,163.1,208.2,189.5,192.78333333333333,26.0,2.0,10591.3,11741.7,11081.3,9945.4,11110.266666666665,11246.099999999999,10590.050000000001,0.0660447725963762,0.13527862127214596,11290.8
2022-10-01,EST004,Estate Jambi 01,Sumatra,10,4,-0.8660254037844386,0.5000000000000001,4600,11,12.396521739130435,227.7,13.0,220.5,184.9,203.76666666666665,197.95000000000002,25.0,2.0,11290.8,10997.8,11943.8,8659.6,10959.966666666667,11281.016666666668,10702.166666666666,-0.014401105324688968,0.28507090396785073,11128.2
2022-11-01,EST004,Estate Jambi 01,Sumatra,11,4,-0.5000000000000004,0.8660254037844384,4600,11,10.761521739130435,262.3,18.0,227.7,163.1,236.83333333333334,211.11666666666667,23.0,1.0,11128.2,10591.3,11120.7,9724.5,11003.433333333332,11145.083333333334,10907.883333333333,-0.03288941607807194,0.10670985654789455,10762.2
2022-12-01,EST004,Estate Jambi 01,Sumatra,12,4,-2.4492935982947064e-16,1.0,4600,11,10.807173913043478,275.3,19.0,262.3,220.5,255.1,222.29999999999998,25.0,1.0,10762.2,11290.8,11741.7,10604.6,11060.400000000001,11085.333333333334,10994.358333333332,-0.11569195889316308,-0.10254983686324803,9517.1
2023-01-01,EST004,Estate Jambi 01,Sumatra,1,1,0.49999999999999994,0.8660254037844387,4600,12,10.137826086956522,232.3,15.0,275.3,227.7,256.6333333333334,230.20000000000005,22.0,2.0,9517.1,11128.2,10997.8,10679.3,10469.166666666666,10714.566666666668,10903.733333333334,-0.06772020888716102,-0.16917775509630772,8872.6
2023-02-01,EST004,Estate Jambi 01,Sumatra,2,1,0.8660254037844386,0.5000000000000001,4600,12,9.181521739130435,228.0,17.0,232.3,262.3,245.20000000000002,241.01666666666665,25.0,2.0,8872.6,10762.2,10591.3,9990.6,9717.300000000001,10360.366666666667,10753.175,0.13124675968712674,0.004654375112605802,10037.1
2023-03-01,EST004,Estate Jambi 01,Sumatra,3,1,1.0,6.123233995736766e-17,4600,12,9.057391304347826,249.7,16.0,228.0,275.3,236.66666666666666,245.88333333333333,24.0,1.0,10037.1,9517.1,11290.8,11081.3,9475.6,10268.0,10757.050000000001,0.09622301262316801,-0.007074982177181388,11002.9
2023-04-01,EST004,Estate Jambi 01,Sumatra,4,2,0.8660254037844387,-0.4999999999999998,4600,12,8.52086956521739,224.3,15.0,249.7,232.3,234.0,245.3166666666667,23.0,0.0,11002.9,8872.6,11128.2,11943.8,9970.866666666667,10220.016666666668,10750.516666666666,0.053513164711121775,-0.02947973006915705,11591.7
2023-05-01,EST004,Estate Jambi 01,Sumatra,5,2,0.49999999999999994,-0.8660254037844387,4600,12,9.987173913043478,197.5,13.0,224.3,228.0,223.83333333333334,234.51666666666665,25.0,1.0,11591.7,10037.1,10762.2,11120.7,10877.233333333335,10297.266666666668,10721.175000000001,-0.025673542275938877,0.015592543634843192,11294.1
2023-06-01,EST004,Estate Jambi 01,Sumatra,6,2,1.2246467991473532e-16,-1.0,4600,12,10.453478260869565,189.9,13.0,197.5,249.7,203.9,220.28333333333333,22.0,0.0,11294.1,11002.9,9517.1,11741.7,11296.233333333332,10385.916666666666,10735.625,0.08802826254416019,0.04655203249955275,12288.3
2023-07-01,EST004,Estate Jambi 01,Sumatra,7,3,-0.4999999999999997,-0.8660254037844388,4600,12,8.387173913043478,207.9,12.0,189.9,224.3,198.4333333333333,216.2166666666667,23.0,2.0,12288.3,11591.7,8872.6,10997.8,11724.699999999999,10847.783333333335,10781.175000000001,-0.073167159004907,0.035588935969012025,11389.2
2023-08-01,EST004,Estate Jambi 01,Sumatra,8,3,-0.8660254037844384,-0.5000000000000004,4600,12,11.325434782608696,165.6,9.0,207.9,197.5,187.79999999999998,205.8166666666667,22.0,3.0,11389.2,11294.1,10037.1,10591.3,11657.200000000003,11267.216666666667,10813.791666666666,-0.07894320935623222,-0.00955501213259935,10490.1
2023-09-01,EST004,Estate Jambi 01,Sumatra,9,3,-1.0,-1.8369701987210297e-16,4600,12,11.985434782608696,211.7,17.0,165.6,189.9,195.0666666666667,199.48333333333335,26.0,2.0,10490.1,12288.3,11002.9,11290.8,11389.199999999999,11342.716666666667,10805.358333333334,0.05817866369243374,-0.016863286923867182,11100.4
2023-10-01,EST004,Estate Jambi 01,Sumatra,10,4,-0.8660254037844386,0.5000000000000001,4600,12,10.37217391304348,214.9,13.0,211.7,207.9,197.4,197.91666666666666,24.0,1.0,11100.4,11389.2,11591.7,11128.2,10993.233333333332,11358.966666666667,10789.491666666667,-0.06623184750099087,-0.06856454772559806,10365.2
2023-11-01,EST004,Estate Jambi 01,Sumatra,11,4,-0.5000000000000004,0.8660254037844384,4600,12,10.368260869565217,236.6,14.0,214.9,165.6,221.06666666666663,204.4333333333333,26.0,0.0,10365.2,10490.1,11294.1,10762.2,10651.9,11154.550000000001,10725.908333333333,0.00130243507119987,-0.03563397818289937,10378.7
2023-12-01,EST004,Estate Jambi 01,Sumatra,12,4,-2.4492935982947064e-16,1.0,4600,12,10.695217391304348,287.1,16.0,236.6,211.7,246.20000000000002,220.63333333333333,24.0,1.0,10378.7,11100.4,12288.3,9517.1,10614.766666666666,11001.983333333335,10693.95,-0.03812616223611831,0.04895398808460549,9983.0
2024-01-01,EST004,Estate Jambi 01,Sumatra,1,1,0.49999999999999994,0.8660254037844387,4600,13,8.884130434782609,273.6,17.0,287.1,214.9,265.7666666666667,231.58333333333334,25.0,1.0,9983.0,10365.2,11389.2,8872.6,10242.300000000001,10617.766666666666,10732.775,0.002404086947811246,0.12785429299190754,10007.0
2024-02-01,EST004,Estate Jambi 01,Sumatra,2,1,0.8660254037844386,0.5000000000000001,4600,13,10.474130434782609,262.3,16.0,273.6,236.6,274.3333333333333,247.70000000000002,23.0,2.0,10007.0,10378.7,10490.1,10037.1,10122.9,10387.4,10827.308333333334,0.0030778455081441614,6.974125992553759e-05,10037.8
2024-03-01,EST004,Estate Jambi 01,Sumatra,3,1,1.0,6.123233995736766e-17,4600,13,8.73391304347826,263.6,20.0,262.3,287.1,266.5,256.35,25.0,3.0,10037.8,9983.0,11100.4,11002.9,10009.266666666666,10312.016666666668,10827.366666666667,0.00017932216222682484,-0.08754964600241744,10039.6
2024-04-01,EST004,Estate Jambi 01,Sumatra,4,2,0.8660254037844387,-0.4999999999999998,4600,13,11.526521739130434,209.5,15.0,263.6,273.6,245.13333333333335,255.45000000000002,24.0,1.0,10039.6,10007.0,10365.2,11591.7,10028.133333333333,10135.216666666667,10747.091666666667,0.21987927805888674,0.05654045567086796,12247.1
2024-05-01,EST004,Estate Jambi 01,Sumatra,5,2,0.49999999999999994,-0.8660254037844387,4600,13,8.785869565217391,215.0,13.0,209.5,262.3,229.36666666666667,251.85000000000002,24.0,1.0,12247.1,10037.8,10378.7,11294.1,10774.833333333334,10448.866666666667,10801.708333333334,0.029362053057458537,0.11621997326037481,12606.7
2024-06-01,EST004,Estate Jambi 01,Sumatra,6,2,1.2246467991473532e-16,-1.0,4600,13,11.843260869565217,179.2,15.0,215.0,263.6,201.23333333333335,233.86666666666667,24.0,1.0,12606.7,10039.6,9983.0,12288.3,11631.133333333333,10820.2,10911.091666666667,-0.11996002125853722,-0.0971574587208971,11094.4
2024-07-01,EST004,Estate Jambi 01,Sumatra,7,3,-0.4999999999999997,-0.8660254037844388,4600,13,11.929565217391305,184.1,14.0,179.2,209.5,192.76666666666665,218.94999999999996,22.0,0.0,11094.4,12247.1,10007.0,11389.2,11982.733333333335,11005.433333333334,10811.6,0.18030718200173057,0.14975590910687298,13094.8
2024-08-01,EST004,Estate Jambi 01,Sumatra,8,3,-0.8660254037844384,-0.5000000000000004,4600,13,8.363695652173913,177.1,11.0,184.1,215.0,180.13333333333333,204.75,23.0,1.0,13094.8,12606.7,10037.8,10490.1,12265.300000000001,11520.066666666666,10953.733333333332,-0.2018282066163668,-0.0036415286794215795,10451.9
2024-09-01,EST004,Estate Jambi 01,Sumatra,9,3,-1.0,-1.8369701987210297e-16,4600,13,9.353913043478261,200.4,10.0,177.1,179.2,187.20000000000002,194.21666666666667,25.0,1.0,10451.9,11094.4,10039.6,11100.4,11547.033333333333,11589.083333333334,10950.550000000001,-0.059319358202814754,-0.11427516125545023,9831.9
2024-10-01,EST004,Estate Jambi 01,Sumatra,10,4,-0.8660254037844386,0.5000000000000001,4600,13,10.753913043478262,234.9,19.0,200.4,184.1,204.13333333333333,198.45000000000002,25.0,1.0,9831.9,13094.8,12247.1,10365.2,11126.199999999999,11554.466666666667,10844.841666666667,0.12157365310875834,0.06386755682475975,11027.2
2024-11-01,EST004,Estate Jambi 01,Sumatra,11,4,-0.5000000000000004,0.8660254037844384,4600,13,10.107391304347827,221.5,13.0,234.9,177.1,218.9333333333333,199.53333333333333,26.0,2.0,11027.2,10451.9,12606.7,10378.7,10437.0,11351.15,10900.008333333333,-0.0921630150899595,-0.035437964292252544,10010.9
2024-12-01,EST004,Estate Jambi 01,Sumatra,12,4,-2.4492935982947064e-16,1.0,4600,13,10.558043478260869,311.9,18.0,221.5,200.4,256.09999999999997,221.65,24.0,1.0,10010.9,9831.9,11094.4,9983.0,10290.0,10918.516666666666,10869.358333333332,-0.0584762608756455,-0.05584493639186616,9425.5
2025-01-01,EST004,Estate Jambi 01,Sumatra,1,1,0.49999999999999994,0.8660254037844387,4600,14,10.404347826086957,227.8,17.0,311.9,234.9,253.73333333333332,228.93333333333337,24.0,1.0,9425.5,11027.2,13094.8,10007.0,10154.533333333333,10640.366666666667,10822.9,0.03339875868654185,-0.0266513440591587,9740.3
2025-02-01,EST004,Estate Jambi 01,Sumatra,2,1,0.8660254037844386,0.5000000000000001,4600,14,9.376086956521739,211.6,18.0,227.8,221.5,250.43333333333337,234.6833333333333,24.0,2.0,9740.3,10010.9,10451.9,10037.8,9725.566666666668,10081.283333333333,10800.675,0.011734751496360607,-0.018251011177747967,9854.6
2025-03-01,EST004,Estate Jambi 01,Sumatra,3,1,1.0,6.123233995736766e-17,4600,14,9.453695652173913,260.0,19.0,211.6,311.9,233.13333333333335,244.61666666666667,25.0,0.0,9854.6,9425.5,9831.9,10039.6,9673.466666666667,9981.733333333332,10785.408333333335,0.10539240557709095,0.08502330770150213,10893.2
2025-04-01,EST004,Estate Jambi 01,Sumatra,4,2,0.8660254037844387,-0.4999999999999998,4600,14,8.679782608695652,228.8,16.0,260.0,227.8,233.4666666666667,243.6,26.0,1.0,10893.2,9740.3,11027.2,12247.1,10162.699999999999,10158.616666666667,10856.541666666666,0.07708478683949616,-0.041985449616643966,11732.9
2025-05-01,EST004,Estate Jambi 01,Sumatra,5,2,0.49999999999999994,-0.8660254037844387,4600,14,10.865217391304348,213.6,15.0,228.8,211.6,234.13333333333333,242.28333333333333,22.0,2.0,11732.9,9854.6,10010.9,12606.7,10826.9,10276.233333333334,10813.691666666666,-0.06456204348456052,-0.12939944632615996,10975.4
2025-06-01,EST004,Estate Jambi 01,Sumatra,6,2,1.2246467991473532e-16,-1.0,4600,14,9.895434782608696,202.7,15.0,213.6,260.0,215.03333333333333,224.08333333333334,23.0,1.0,10975.4,10893.2,9425.5,11094.4,11200.5,10436.983333333332,10677.75,0.1978424476556664,0.18499423132391124,13146.8
2025-07-01,EST004,Estate Jambi 01,Sumatra,7,3,-0.4999999999999997,-0.8660254037844388,4600,14,10.213478260869564,175.7,13.0,202.7,228.8,197.33333333333334,215.39999999999998,22.0,2.0,13146.8,11732.9,9740.3,13094.8,11951.699999999999,11057.199999999999,10848.783333333333,-0.1889813490735388,-0.18576075999633446,10662.3
2025-08-01,EST004,Estate Jambi 01,Sumatra,8,3,-0.8660254037844384,-0.5000000000000004,4600,14,10.12695652173913,158.0,11.0,175.7,213.6,178.79999999999998,206.46666666666667,25.0,0.0,10662.3,10975.4,9854.6,10451.9,11594.833333333334,11210.866666666667,10646.074999999999,-0.060455999174662045,-0.04154268601880984,10017.7
2025-09-01,EST004,Estate Jambi 01,Sumatra,9,3,-1.0,-1.8369701987210297e-16,4600,14,10.55108695652174,199.9,13.0,158.0,202.7,177.86666666666667,196.45000000000002,24.0,1.0,10017.7,13146.8,10893.2,9831.9,11275.599999999999,11238.049999999997,10609.891666666668,0.107130379228765,0.1280525635940155,11090.9
2025-10-01,EST004,Estate Jambi 01,Sumatra,10,4,-0.8660254037844386,0.5000000000000001,4600,14,10.582173913043478,203.1,13.0,199.9,175.7,187.0,192.16666666666666,23.0,0.0,11090.9,10662.3,11732.9,11027.2,10590.300000000001,11271.0,10714.808333333332,-0.04891397451965129,-0.04341990713871169,10548.4
2025-11-01,EST004,Estate Jambi 01,Sumatra,11,4,-0.5000000000000004,0.8660254037844384,4600,14,12.374130434782609,266.4,17.0,203.1,158.0,223.13333333333333,200.96666666666667,25.0,1.0,10548.4,10017.7,10975.4,10010.9,10552.333333333334,11073.583333333334,10674.908333333333,-0.10417693678662165,-0.056078874027310155,9449.5
2025-12-01,EST004,Estate Jambi 01,Sumatra,12,4,-2.4492935982947064e-16,1.0,4600,14,9.925217391304347,255.9,17.0,266.4,199.9,241.79999999999998,209.83333333333334,25.0,1.0,9449.5,11090.9,13146.8,9425.5,10362.933333333334,10819.266666666668,10628.125,0.12996454838880367,0.132841759057875,10677.6
2020-01-01,EST005,Estate Riau 01,Sumatra,1,1,0.49999999999999994,0.8660254037844387,5500,12,10.778545454545455,235.0,16.0,220.4,225.8,220.4,206.8166666666667,23.5,1.0,12149.4,11873.6,13029.2,12224.3,11912.333333333334,12084.216666666667,12319.791666666666,-0.022091625923913893,-0.028083407638883173,11881.0
2020-02-01,EST005,Estate Riau 01,Sumatra,2,1,0.8660254037844386,0.5000000000000001,5500,12,10.555636363636363,236.7,14.0,235.0,205.8,230.70000000000002,218.31666666666663,23.0,1.0,11881.0,11714.0,10654.4,12379.2,11914.800000000001,11892.85,12291.183333333334,0.0023062031815503925,-0.03803153677135851,11908.4
2020-03-01,EST005,Estate Riau 01,Sumatra,3,1,1.0,6.123233995736766e-17,5500,12,10.637272727272727,238.8,16.0,236.7,220.4,236.83333333333334,227.08333333333334,26.0,2.0,11908.4,12149.4,13084.7,12784.2,11979.6,12101.85,12251.949999999999,0.07196600718820334,-0.0014705652289546123,12765.4
2020-04-01,EST005,Estate Riau 01,Sumatra,4,2,0.8660254037844387,-0.4999999999999998,5500,12,12.317272727272726,245.9,14.0,238.8,235.0,240.4666666666667,230.4333333333333,22.0,1.0,12765.4,11881.0,11873.6,12320.4,12184.933333333332,12048.633333333333,12250.383333333331,0.012153947389035968,0.0487118924710237,12920.55
2020-05-01,EST005,Estate Riau 01,Sumatra,5,2,0.49999999999999994,-0.8660254037844387,5500,12,8.13490909090909,219.4,14.0,245.9,236.7,234.70000000000002,232.70000000000002,23.0,2.0,12920.55,11908.4,11714.0,11478.5,12531.449999999999,12223.125,12300.395833333334,0.012008002755300673,0.1391471011020604,13075.7
2020-06-01,EST005,Estate Riau 01,Sumatra,6,2,1.2246467991473532e-16,-1.0,5500,12,9.919272727272727,183.0,13.0,219.4,238.8,216.10000000000002,226.46666666666667,22.0,1.0,13075.7,12765.4,12149.4,14145.6,12920.550000000001,12450.074999999999,12433.495833333332,0.07065778505166076,-0.010321230630019218,13999.6
2020-07-01,EST005,Estate Riau 01,Sumatra,7,3,-0.4999999999999997,-0.8660254037844388,5500,12,10.562,175.5,9.0,183.0,245.9,192.63333333333333,216.54999999999998,23.0,3.0,13999.6,12920.55,11881.0,13029.2,13331.949999999999,12758.441666666666,12421.329166666665,-0.2236992485499586,-0.16588125134313703,10867.9
2020-08-01,EST005,Estate Riau 01,Sumatra,8,3,-0.8660254037844384,-0.5000000000000004,5500,12,11.742181818181818,155.3,11.0,175.5,219.4,171.26666666666668,202.98333333333335,26.0,2.0,10867.9,13075.7,11908.4,10654.4,12647.733333333335,12589.591666666667,12241.220833333333,0.025644328711158515,0.04619687640786907,11146.6
2020-09-01,EST005,Estate Riau 01,Sumatra,9,3,-1.0,-1.8369701987210297e-16,5500,12,10.329454545454546,197.5,13.0,155.3,183.0,176.10000000000002,196.10000000000002,25.0,1.0,11146.6,13999.6,12765.4,13084.7,12004.699999999999,12462.625,12282.237500000001,0.09910645398596873,-0.06369270980610953,12251.3
2020-10-01,EST005,Estate Riau 01,Sumatra,10,4,-0.8660254037844386,0.5000000000000001,5500,12,9.191818181818181,212.8,15.0,197.5,175.5,188.53333333333333,190.58333333333334,24.0,2.0,12251.3,10867.9,12920.55,11873.6,11421.933333333334,12376.941666666666,12212.7875,-0.06797645964101762,-0.038328729281768004,11418.5
2020-11-01,EST005,Estate Riau 01,Sumatra,11,4,-0.5000000000000004,0.8660254037844384,5500,12,9.427454545454545,250.1,17.0,212.8,155.3,220.13333333333333,195.70000000000002,22.0,2.0,11418.5,11146.6,13075.7,11714.0,11605.466666666665,12126.6,12174.862500000001,-0.009335727109515246,-0.03432644698651188,11311.9
2020-12-01,EST005,Estate Riau 01,Sumatra,12,4,-2.4492935982947064e-16,1.0,5500,12,8.774727272727272,238.9,18.0,250.1,197.5,233.9333333333333,205.01666666666665,26.0,0.0,11311.9,12251.3,13999.6,12149.4,11660.566666666666,11832.633333333333,12141.354166666666,-0.009423704240666964,-0.07770754111314138,11205.3
2021-01-01,EST005,Estate Riau 01,Sumatra,1,1,0.49999999999999994,0.8660254037844387,5500,13,11.424,266.0,18.0,238.9,212.8,251.66666666666666,220.1,25.0,1.0,11205.3,11418.5,10867.9,11881.0,11311.9,11366.916666666666,12062.679166666667,0.022890953388128743,-0.03528322531773431,11461.8
2021-02-01,EST005,Estate Riau 01,Sumatra,2,1,0.8660254037844386,0.5000000000000001,5500,13,8.158,280.3,18.0,266.0,250.1,261.73333333333335,240.93333333333337,26.0,0.0,11461.8,11311.9,11146.6,11908.4,11326.333333333334,11465.9,12027.745833333334,-0.048159974873056566,-0.08385677337005815,10909.8
2021-03-01,EST005,Estate Riau 01,Sumatra,3,1,1.0,6.123233995736766e-17,5500,13,9.119454545454545,228.3,15.0,280.3,238.9,258.2,246.0666666666667,22.0,1.0,10909.8,11205.3,12251.3,12765.4,11192.299999999997,11426.433333333332,11944.529166666667,0.19652055949696612,0.02259231986463406,13053.8
2021-04-01,EST005,Estate Riau 01,Sumatra,4,2,0.8660254037844387,-0.4999999999999998,5500,13,12.353454545454545,219.0,15.0,228.3,266.0,242.53333333333333,247.10000000000002,24.0,0.0,13053.8,11461.8,11418.5,12920.55,11808.466666666667,11560.183333333332,11968.5625,0.040555240619589705,0.051286516440863794,13583.2
2021-05-01,EST005,Estate Riau 01,Sumatra,5,2,0.49999999999999994,-0.8660254037844387,5500,13,7.797454545454546,215.3,14.0,219.0,280.3,220.86666666666667,241.29999999999998,26.0,1.0,13583.2,10909.8,11311.9,13075.7,12515.599999999999,11920.966666666665,12023.783333333333,-0.14048236056304853,-0.10712237203361963,11675.0
2021-06-01,EST005,Estate Riau 01,Sumatra,6,2,1.2246467991473532e-16,-1.0,5500,13,12.065272727272728,177.0,12.0,215.3,228.3,203.76666666666665,230.98333333333335,23.0,3.0,11675.0,13053.8,11205.3,13999.6,12770.666666666666,11981.483333333332,11907.058333333334,-0.0003768736616701629,-0.16636189605417295,11670.6
2021-07-01,EST005,Estate Riau 01,Sumatra,7,3,-0.4999999999999997,-0.8660254037844388,5500,13,11.753454545454545,181.6,11.0,177.0,219.0,191.29999999999998,216.9166666666667,25.0,3.0,11670.6,13583.2,11461.8,10867.9,12309.6,12059.033333333333,11712.975,0.2544770620190906,0.3471323806807203,14640.5
2021-08-01,EST005,Estate Riau 01,Sumatra,8,3,-0.8660254037844384,-0.5000000000000004,5500,13,11.027818181818182,180.7,11.0,181.6,215.3,179.76666666666665,200.31666666666663,26.0,3.0,14640.5,11675.0,10909.8,11146.6,12662.033333333335,12588.816666666666,12027.358333333332,-0.11945630272190155,0.1565499793659053,12891.6
2021-09-01,EST005,Estate Riau 01,Sumatra,9,3,-1.0,-1.8369701987210297e-16,5500,13,8.692545454545455,200.4,11.0,180.7,177.0,187.5666666666667,195.66666666666666,25.0,1.0,12891.6,11670.6,13053.8,12251.3,13067.566666666668,12919.116666666667,12172.775,0.052080424462440655,0.10706618889423991,13563.0
2021-10-01,EST005,Estate Riau 01,Sumatra,10,4,-0.8660254037844386,0.5000000000000001,5500,13,8.654181818181819,200.7,16.0,200.4,181.6,193.9333333333333,192.61666666666667,23.0,0.0,13563.0,14640.5,13583.2,11418.5,13698.366666666667,13003.983333333335,12282.083333333334,-0.07384059573840596,0.10010071375399576,12561.5
2021-11-01,EST005,Estate Riau 01,Sumatra,11,4,-0.5000000000000004,0.8660254037844384,5500,13,12.026181818181819,242.6,14.0,200.7,180.7,214.5666666666667,197.16666666666666,24.0,1.0,12561.5,12891.6,11675.0,11311.9,13005.366666666667,12833.699999999999,12377.333333333334,-0.04442144648330215,0.06113915434188777,12003.5
2021-12-01,EST005,Estate Riau 01,Sumatra,12,4,-2.4492935982947064e-16,1.0,5500,13,11.338727272727272,272.0,17.0,242.6,200.4,238.4333333333333,213.0,24.0,1.0,12003.5,13563.0,11670.6,11205.3,12709.333333333334,12888.449999999999,12434.966666666667,0.09869621360436542,0.1769609024301002,13188.2
2022-01-01,EST005,Estate Riau 01,Sumatra,1,1,0.49999999999999994,0.8660254037844387,5500,14,11.516363636363636,289.3,18.0,272.0,200.7,267.96666666666664,230.94999999999996,23.0,1.0,13188.2,12561.5,14640.5,11461.8,12584.400000000001,13141.383333333333,12600.208333333334,-0.19729000166815802,-0.07638416304594398,10586.3
2022-02-01,EST005,Estate Riau 01,Sumatra,2,1,0.8660254037844386,0.5000000000000001,5500,14,9.146363636363636,266.0,19.0,289.3,242.6,275.7666666666667,245.16666666666666,25.0,2.0,10586.3,12003.5,12891.6,10909.8,11926.0,12465.683333333334,12527.25,0.06291149882395164,0.03139379273680554,11252.3
2022-03-01,EST005,Estate Riau 01,Sumatra,3,1,1.0,6.123233995736766e-17,5500,14,10.604909090909091,284.8,19.0,266.0,272.0,280.03333333333336,259.23333333333335,26.0,0.0,11252.3,13188.2,13563.0,13053.8,11675.6,12192.466666666667,12555.791666666666,-0.013108431165184009,-0.14930518316505537,11104.8
2022-04-01,EST005,Estate Riau 01,Sumatra,4,2,0.8660254037844387,-0.4999999999999998,5500,14,10.806909090909091,189.8,15.0,284.8,289.3,246.8666666666667,257.4166666666667,23.0,0.0,11104.8,10586.3,12561.5,13583.2,10981.133333333331,11782.766666666668,12393.375,0.2313414019162885,0.006670004122739659,13673.8
2022-05-01,EST005,Estate Riau 01,Sumatra,5,2,0.49999999999999994,-0.8660254037844387,5500,14,11.288545454545455,219.8,14.0,189.8,266.0,231.4666666666667,253.61666666666667,22.0,2.0,13673.8,11252.3,12003.5,11675.0,12010.300000000001,11968.15,12400.925000000001,0.05196068393570186,0.2320599571734474,14384.3
2022-06-01,EST005,Estate Riau 01,Sumatra,6,2,1.2246467991473532e-16,-1.0,5500,14,11.996727272727274,191.6,13.0,219.8,284.8,200.4,240.21666666666667,25.0,0.0,14384.3,11104.8,13188.2,11670.6,13054.299999999997,12364.949999999999,12626.700000000003,0.007278769213656666,0.24149572429866506,14489.0
2022-07-01,EST005,Estate Riau 01,Sumatra,7,3,-0.4999999999999997,-0.8660254037844388,5500,14,11.704,230.7,14.0,191.6,189.8,214.03333333333333,230.45000000000002,24.0,3.0,14489.0,13673.8,10586.3,14640.5,14182.366666666667,12581.75,12861.566666666668,0.007226171578438967,-0.0031966121375635037,14593.7
2022-08-01,EST005,Estate Riau 01,Sumatra,8,3,-0.8660254037844384,-0.5000000000000004,5500,14,9.994545454545454,160.2,14.0,230.7,219.8,194.16666666666666,212.8166666666667,23.0,0.0,14593.7,14384.3,11252.3,12891.6,14489.0,13249.65,12857.666666666666,-0.1723757511803038,-0.0631031058984145,12078.1
2022-09-01,EST005,Estate Riau 01,Sumatra,9,3,-1.0,-1.8369701987210297e-16,5500,14,9.184545454545454,177.0,10.0,160.2,191.6,189.29999999999998,194.85,24.0,0.0,12078.1,14489.0,11104.8,13563.0,13720.266666666668,13387.283333333333,12789.875,-0.07043326350998924,-0.17220378972203787,11227.4
2022-10-01,EST005,Estate Riau 01,Sumatra,10,4,-0.8660254037844386,0.5000000000000001,5500,14,9.686363636363636,205.0,14.0,177.0,230.7,180.73333333333335,197.38333333333333,25.0,0.0,11227.4,14593.7,13673.8,12561.5,12633.066666666668,13407.716666666665,12595.241666666667,0.014660562552327283,-0.09310193846276316,11392.0
2022-11-01,EST005,Estate Riau 01,Sumatra,11,4,-0.5000000000000004,0.8660254037844384,5500,14,8.171272727272727,188.9,14.0,205.0,160.2,190.30000000000004,192.23333333333335,24.0,0.0,11392.0,12078.1,14384.3,12003.5,11565.833333333334,13027.416666666666,12497.783333333333,0.1541608146067417,0.09536385220977217,13148.2
2022-12-01,EST005,Estate Riau 01,Sumatra,12,4,-2.4492935982947064e-16,1.0,5500,14,9.79509090909091,246.5,17.0,188.9,177.0,213.4666666666667,201.38333333333333,23.0,0.0,13148.2,11227.4,14489.0,13188.2,11922.533333333333,12821.400000000001,12593.175000000001,-0.10013537974779818,-0.10286468206426957,11831.6
2023-01-01,EST005,Estate Riau 01,Sumatra,1,1,0.49999999999999994,0.8660254037844387,5500,15,10.376545454545454,234.0,15.0,246.5,205.0,223.13333333333335,201.9333333333333,25.0,0.0,11831.6,11392.0,14593.7,10586.3,12123.933333333334,12378.5,12480.125,-0.026446127320058133,0.08807609835353247,11518.7
2023-02-01,EST005,Estate Riau 01,Sumatra,2,1,0.8660254037844386,0.5000000000000001,5500,15,8.616909090909092,236.75,16.0,234.0,188.9,239.08333333333334,214.6916666666667,22.0,2.0,11518.7,13148.2,12078.1,11252.3,12166.166666666666,11866.0,12557.824999999999,0.060492937571080097,0.08560027727664576,12215.5
2023-03-01,EST005,Estate Riau 01,Sumatra,3,1,1.0,6.123233995736766e-17,5500,15,9.590181818181819,239.5,16.0,236.75,246.5,236.75,225.10833333333335,23.0,2.0,12215.5,11831.6,11227.4,11104.8,11855.266666666668,11888.9,12638.091666666667,-0.0618885841758422,0.031941142568979286,11459.5
2023-04-01,EST005,Estate Riau 01,Sumatra,4,2,0.8660254037844387,-0.4999999999999998,5500,15,8.639636363636363,255.9,17.0,239.5,234.0,244.05000000000004,233.59166666666667,26.0,1.0,11459.5,11518.7,11392.0,13673.8,11731.233333333332,11927.583333333334,12667.65,0.13308608578035686,-0.05040296040603187,12984.6
2023-05-01,EST005,Estate Riau 01,Sumatra,5,2,0.49999999999999994,-0.8660254037844387,5500,15,11.257454545454545,221.8,16.0,255.9,236.75,239.0666666666667,239.07500000000002,23.0,1.0,12984.6,12215.5,13148.2,14384.3,12219.866666666667,12193.016666666668,12610.216666666667,0.039354312031175454,-0.06178263801505801,13495.6
2023-06-01,EST005,Estate Riau 01,Sumatra,6,2,1.2246467991473532e-16,-1.0,5500,15,12.119818181818182,172.6,15.0,221.8,239.5,216.76666666666668,226.75833333333333,25.0,1.0,13495.6,11459.5,11831.6,14489.0,12646.566666666666,12250.916666666666,12536.158333333333,-0.05418062183230099,-0.11902822831113258,12764.4
2023-07-01,EST005,Estate Riau 01,Sumatra,7,3,-0.4999999999999997,-0.8660254037844388,5500,15,7.240909090909091,182.65,9.0,172.6,255.9,192.35000000000002,218.20000000000002,23.0,0.0,12764.4,12984.6,11518.7,14593.7,13081.533333333333,12406.383333333333,12392.441666666666,-0.11966093196703331,-0.23001020988508747,11237.0
2023-08-01,EST005,Estate Riau 01,Sumatra,8,3,-0.8660254037844384,-0.5000000000000004,5500,15,11.645090909090909,192.7,11.0,182.65,221.8,182.65,210.85833333333332,22.0,1.0,11237.0,13495.6,12215.5,12078.1,12499.0,12359.433333333334,12112.716666666667,0.16517753848892047,0.08403639645308458,13093.1
2023-09-01,EST005,Estate Riau 01,Sumatra,9,3,-1.0,-1.8369701987210297e-16,5500,15,10.212,165.0,11.0,192.7,172.6,180.11666666666667,198.4416666666667,22.0,5.0,13093.1,12764.4,11459.5,11227.4,12364.833333333334,12505.699999999999,12197.300000000001,-0.23284019827237246,-0.10535831982471455,10044.5
2023-10-01,EST005,Estate Riau 01,Sumatra,10,4,-0.8660254037844386,0.5000000000000001,5500,15,8.668909090909091,265.8,22.0,165.0,182.65,207.83333333333337,200.0916666666667,26.0,3.0,10044.5,11237.0,12984.6,11392.0,11458.199999999999,12269.866666666667,12098.725,0.20477873463089247,0.06227176966292136,12101.4
2023-11-01,EST005,Estate Riau 01,Sumatra,11,4,-0.5000000000000004,0.8660254037844384,5500,15,8.468,271.5,17.0,265.8,192.7,234.10000000000002,208.375,24.0,3.0,12101.4,13093.1,13495.6,13148.2,11746.333333333334,12122.666666666666,12157.841666666667,-0.08917150081808722,-0.16168753137311587,11022.3
2023-12-01,EST005,Estate Riau 01,Sumatra,12,4,-2.4492935982947064e-16,1.0,5500,15,9.900181818181817,247.9,19.0,271.5,165.0,261.73333333333335,220.92500000000004,25.0,0.0,11022.3,10044.5,12764.4,11831.6,11056.066666666666,11710.449999999999,11980.683333333332,0.08948223147618939,0.01495993779370508,12008.6
2024-01-01,EST005,Estate Riau 01,Sumatra,1,1,0.49999999999999994,0.8660254037844387,5500,16,12.159272727272727,210.2,17.0,247.9,265.8,243.20000000000005,225.51666666666665,25.0,1.0,12008.6,12101.4,11237.0,11518.7,11710.766666666668,11584.483333333332,11995.433333333332,-0.05496893892710231,-0.014775972983062435,11348.5
2024-02-01,EST005,Estate Riau 01,Sumatra,2,1,0.8660254037844386,0.5000000000000001,5500,16,11.68,275.8,18.0,210.2,271.5,244.63333333333335,239.36666666666665,24.0,2.0,11348.5,11022.3,13093.1,12215.5,11459.799999999997,11603.066666666666,11981.25,0.04836762567740216,-0.026040686013671155,11897.4
2024-03-01,EST005,Estate Riau 01,Sumatra,3,1,1.0,6.123233995736766e-17,5500,16,8.009818181818181,228.1,16.0,275.8,247.9,238.0333333333334,249.88333333333333,22.0,1.0,11897.4,12008.6,10044.5,11459.5,11751.5,11403.783333333333,11954.741666666667,0.006631701043925631,0.045097953662899704,11976.3
2024-04-01,EST005,Estate Riau 01,Sumatra,4,2,0.8660254037844387,-0.4999999999999998,5500,16,8.229090909090909,239.9,18.0,228.1,210.2,247.93333333333337,245.5666666666667,22.0,2.0,11976.3,11348.5,12101.4,12984.6,11740.733333333332,11725.75,11997.808333333334,0.07401284202967551,-0.009388044298630605,12862.7
2024-05-01,EST005,Estate Riau 01,Sumatra,5,2,0.49999999999999994,-0.8660254037844387,5500,16,9.576,158.1,10.0,239.9,275.8,208.70000000000005,226.66666666666666,23.0,1.0,12862.7,11897.4,11022.3,13495.6,12245.466666666667,11852.633333333333,11987.65,-0.10695266157183181,-0.14883369394469315,11487.0
2024-06-01,EST005,Estate Riau 01,Sumatra,6,2,1.2246467991473532e-16,-1.0,5500,16,8.973818181818181,172.0,11.0,158.1,228.1,190.00000000000003,214.01666666666665,26.0,2.0,11487.0,11976.3,12008.6,12764.4,12108.666666666666,11930.083333333334,11820.266666666665,0.04366675372159845,-0.06077841496662584,11988.6
2024-07-01,EST005,Estate Riau 01,Sumatra,7,3,-0.4999999999999997,-0.8660254037844388,5500,16,9.016545454545454,176.1,11.0,172.0,239.9,168.73333333333338,208.33333333333334,26.0,1.0,11988.6,12862.7,11348.5,11237.0,12112.766666666668,11926.75,11755.616666666667,0.07405368433345005,0.14589303194802872,12876.4
2024-08-01,EST005,Estate Riau 01,Sumatra,8,3,-0.8660254037844384,-0.5000000000000004,5500,16,8.778,181.6,11.0,176.1,158.1,176.56666666666672,192.63333333333333,26.0,2.0,12876.4,11487.0,11897.4,13093.1,12117.333333333334,12181.4,11892.233333333332,0.06268832903606603,0.045100090887566724,13683.6
2024-09-01,EST005,Estate Riau 01,Sumatra,9,3,-1.0,-1.8369701987210297e-16,5500,16,10.429818181818181,186.7,11.0,181.6,172.0,181.4666666666667,185.73333333333332,23.0,1.0,13683.6,11988.6,11976.3,10044.5,12849.533333333333,12479.1,11941.441666666666,-0.05728755590634038,0.2842550649609239,12899.7
2024-10-01,EST005,Estate Riau 01,Sumatra,10,4,-0.8660254037844386,0.5000000000000001,5500,16,12.081636363636363,235.6,14.0,186.7,176.1,201.30000000000004,185.01666666666665,26.0,1.0,12899.7,12876.4,12862.7,12101.4,13153.233333333332,12633.0,12179.375,-0.07163732489902863,-0.010395491430743475,11975.6
2024-11-01,EST005,Estate Riau 01,Sumatra,11,4,-0.5000000000000004,0.8660254037844384,5500,16,9.923272727272728,215.3,14.0,235.6,181.6,212.5333333333334,194.54999999999998,24.0,3.0,11975.6,13683.6,11487.0,11022.3,12852.966666666667,12485.15,12168.891666666668,-0.023618858345302196,0.06082668771490529,11692.75
2024-12-01,EST005,Estate Riau 01,Sumatra,12,4,-2.4492935982947064e-16,1.0,5500,16,11.15690909090909,256.0,16.0,215.3,186.7,235.63333333333335,208.54999999999998,23.0,1.0,11692.75,12899.7,11988.6,12008.6,12189.35,12519.441666666666,12224.762500000003,-0.024190203331123983,-0.04985593657878529,11409.9
2025-01-01,EST005,Estate Riau 01,Sumatra,1,1,0.49999999999999994,0.8660254037844387,5500,17,9.701636363636364,256.0,17.0,256.0,235.6,242.4333333333334,221.86666666666667,24.0,2.0,11409.9,11975.6,12876.4,11348.5,11692.75,12422.991666666667,12174.870833333334,-0.03367251246724323,-0.028444287791338008,11025.7
2025-02-01,EST005,Estate Riau 01,Sumatra,2,1,0.8660254037844386,0.5000000000000001,5500,17,9.59290909090909,254.9,15.0,256.0,215.3,255.6333333333334,234.08333333333334,23.0,3.0,11025.7,11692.75,13683.6,11897.4,11376.116666666669,12114.541666666666,12147.970833333335,-0.007355542051751818,-0.08008472439356495,10944.6
2025-03-01,EST005,Estate Riau 01,Sumatra,3,1,1.0,6.123233995736766e-17,5500,17,9.01690909090909,248.8,17.0,254.9,256.0,253.23333333333338,244.43333333333337,26.0,1.0,10944.6,11409.9,12899.7,11976.3,11126.733333333335,11658.041666666666,12068.570833333333,0.07419183889772119,-0.01834456384693095,11756.6
2025-04-01,EST005,Estate Riau 01,Sumatra,4,2,0.8660254037844387,-0.4999999999999998,5500,17,10.995090909090909,180.9,13.0,248.8,256.0,228.20000000000005,235.3166666666667,24.0,0.0,11756.6,11025.7,11975.6,12862.7,11242.300000000001,11467.525000000001,12050.262499999999,0.001548066617899746,-0.0845778880017416,11774.8
2025-05-01,EST005,Estate Riau 01,Sumatra,5,2,0.49999999999999994,-0.8660254037844387,5500,17,11.895818181818182,159.6,8.0,180.9,254.9,196.4333333333334,226.03333333333333,24.0,3.0,11774.8,10944.6,11692.75,11487.0,11492.0,11434.058333333334,11959.604166666666,-0.07106702449298496,-0.04779315748237134,10938.0
2025-06-01,EST005,Estate Riau 01,Sumatra,6,2,1.2246467991473532e-16,-1.0,5500,17,10.650727272727273,218.9,15.0,159.6,248.8,186.4666666666667,219.85,24.0,2.0,10938.0,11756.6,11409.9,11988.6,11489.800000000001,11308.266666666668,11913.854166666666,0.2208904735783508,0.11389987154463399,13354.1
2025-07-01,EST005,Estate Riau 01,Sumatra,7,3,-0.4999999999999997,-0.8660254037844388,5500,17,9.187818181818182,184.3,14.0,218.9,180.9,187.60000000000005,207.9,23.0,1.0,13354.1,11774.8,11025.7,12876.4,12022.300000000001,11632.300000000001,12027.645833333334,-0.02663601440756025,0.009474697896927786,12998.4
2025-08-01,EST005,Estate Riau 01,Sumatra,8,3,-0.8660254037844384,-0.5000000000000004,5500,17,10.487272727272726,161.7,9.0,184.3,159.6,188.30000000000004,192.36666666666667,25.0,2.0,12998.4,10938.0,10944.6,13683.6,12430.166666666666,11961.083333333334,12037.8125,-0.10775172328902016,-0.15243064690578512,11597.8
2025-09-01,EST005,Estate Riau 01,Sumatra,9,3,-1.0,-1.8369701987210297e-16,5500,17,8.404363636363636,236.8,18.0,161.7,218.9,194.26666666666674,190.36666666666667,26.0,0.0,11597.8,13354.1,11756.6,12899.7,12650.1,12069.949999999999,11863.995833333334,0.23233716739381616,0.10796375109498668,14292.4
2025-10-01,EST005,Estate Riau 01,Sumatra,10,4,-0.8660254037844386,0.5000000000000001,5500,17,11.123272727272727,222.9,15.0,236.8,184.3,207.13333333333335,197.36666666666667,24.0,0.0,14292.4,12998.4,11774.8,11975.6,12962.866666666667,12492.583333333334,11980.054166666667,-0.04920097394419409,0.13474063929990976,13589.2
2025-11-01,EST005,Estate Riau 01,Sumatra,11,4,-0.5000000000000004,0.8660254037844384,5500,17,9.923818181818183,271.5,17.0,222.9,161.7,243.73333333333335,216.01666666666668,25.0,0.0,13589.2,11597.8,10938.0,11692.75,13159.800000000001,12794.983333333332,12114.520833333334,-0.049679156977599837,0.10445361441919143,12914.1
2025-12-01,EST005,Estate Riau 01,Sumatra,12,4,-2.4492935982947064e-16,1.0,5500,17,9.038727272727273,261.3,17.0,271.5,236.8,251.9,223.08333333333334,26.0,2.0,12914.1,14292.4,13354.1,11409.9,13598.566666666666,13124.333333333334,12216.299999999997,-0.13293996484462722,-0.01863294156828721,11197.3
2020-01-01,EST006,Estate Kalbar 01,Kalimantan,1,1,0.49999999999999994,0.8660254037844387,4100,7,8.735853658536586,280.8,17.0,244.0,206.0,256.73333333333335,241.65,22.0,3.0,6874.6,7818.3,8251.1,7999.1,7778.700000000002,8231.633333333333,8357.766666666666,0.0377476507724086,-0.10813716543111096,7134.1
2020-02-01,EST006,Estate Kalbar 01,Kalimantan,2,1,0.8660254037844386,0.5000000000000001,4100,7,9.339512195121952,292.9,19.0,280.8,245.4,272.56666666666666,253.43333333333337,25.0,2.0,7134.1,8643.2,9189.9,7065.7,7550.633333333335,8045.466666666667,8285.683333333332,0.013400428925863128,0.023210722221435942,7229.7
2020-03-01,EST006,Estate Kalbar 01,Kalimantan,3,1,1.0,6.123233995736766e-17,4100,7,8.928780487804879,300.1,22.0,292.9,244.0,291.2666666666667,261.5333333333333,26.0,1.0,7229.7,6874.6,8612.7,8203.9,7079.466666666668,7718.766666666666,8299.35,0.10055742285295377,-0.030132010385304553,7956.7
2020-04-01,EST006,Estate Kalbar 01,Kalimantan,4,2,0.8660254037844387,-0.4999999999999998,4100,7,8.612682926829269,239.4,16.0,300.1,280.8,277.46666666666664,267.09999999999997,26.0,1.0,7956.7,7134.1,7818.3,7724.3,7440.166666666668,7609.433333333334,8278.75,0.1218972689682909,0.15565164480923843,8926.6
2020-05-01,EST006,Estate Kalbar 01,Kalimantan,5,2,0.49999999999999994,-0.8660254037844387,4100,7,10.831219512195123,265.7,21.0,239.4,292.9,268.40000000000003,270.48333333333335,22.0,1.0,8926.6,7229.7,8643.2,9751.8,8037.666666666668,7794.150000000001,8378.941666666668,-0.003965675621177112,-0.08825037428987459,8891.2
2020-06-01,EST006,Estate Kalbar 01,Kalimantan,6,2,1.2246467991473532e-16,-1.0,4100,7,7.988292682926829,178.0,12.0,265.7,300.1,227.70000000000002,259.48333333333335,23.0,1.0,8891.2,7956.7,6874.6,10158.6,8591.500000000002,7835.483333333333,8307.225,-0.17872728090696421,-0.2811903215009942,7302.1
2020-07-01,EST006,Estate Kalbar 01,Kalimantan,7,3,-0.4999999999999997,-0.8660254037844388,4100,7,10.767560975609756,157.4,11.0,178.0,239.4,200.36666666666667,238.91666666666666,22.0,0.0,7302.1,8926.6,7134.1,8251.1,8373.300000000001,7906.733333333334,8069.183333333334,0.1636378576026074,0.029802086994461296,8497.0
2020-08-01,EST006,Estate Kalbar 01,Kalimantan,8,3,-0.8660254037844384,-0.5000000000000004,4100,7,8.840731707317072,203.6,13.0,157.4,265.7,179.66666666666666,224.03333333333333,22.0,2.0,8497.0,8891.2,7229.7,9189.9,8230.1,8133.883333333334,8089.675,0.1191479345651405,0.034766428361570956,9509.4
2020-09-01,EST006,Estate Kalbar 01,Kalimantan,9,3,-1.0,-1.8369701987210297e-16,4100,7,7.988048780487805,234.6,16.0,203.6,178.0,198.53333333333333,213.11666666666665,26.0,0.0,9509.4,7302.1,7956.7,8612.7,8436.166666666668,8513.833333333334,8116.3,-0.1352030622331587,-0.04516585971878739,8223.7
2020-10-01,EST006,Estate Kalbar 01,Kalimantan,10,4,-0.8660254037844386,0.5000000000000001,4100,7,8.205,249.2,16.0,234.6,157.4,229.13333333333333,214.75,25.0,3.0,8223.7,8497.0,8926.6,7818.3,8743.366666666667,8558.333333333334,8083.883333333334,-0.0306553011418218,0.019607843137254832,7971.6
2020-11-01,EST006,Estate Kalbar 01,Kalimantan,11,4,-0.5000000000000004,0.8660254037844384,4100,7,8.421951219512195,223.3,16.0,249.2,203.6,235.70000000000002,207.6833333333333,22.0,1.0,7971.6,9509.4,8891.2,8643.2,8568.233333333335,8399.166666666666,8096.658333333334,-0.0627477545285765,-0.1355747871158831,7471.4
2020-12-01,EST006,Estate Kalbar 01,Kalimantan,12,4,-2.4492935982947064e-16,1.0,4100,7,8.29170731707317,292.8,21.0,223.3,234.6,255.1,226.8166666666667,23.0,0.0,7471.4,8223.7,7302.1,6874.6,7888.9000000000015,8162.533333333334,7999.008333333334,-0.0284685601092165,0.05587234166351496,7258.7
2021-01-01,EST006,Estate Kalbar 01,Kalimantan,1,1,0.49999999999999994,0.8660254037844387,4100,8,10.633170731707317,254.9,16.0,292.8,249.2,257.0,243.06666666666663,24.0,3.0,7258.7,7971.6,8497.0,7134.1,7567.2333333333345,8155.299999999999,8031.016666666667,0.0782784796175624,0.0971110581573007,7826.9
2021-02-01,EST006,Estate Kalbar 01,Kalimantan,2,1,0.8660254037844386,0.5000000000000001,4100,8,8.374878048780488,291.7,17.0,254.9,223.3,279.8,257.75,22.0,1.0,7826.9,7471.4,9509.4,7229.7,7519.000000000001,8043.616666666666,8088.75,-0.036885612439152116,0.042671203507752775,7538.2
2021-03-01,EST006,Estate Kalbar 01,Kalimantan,3,1,1.0,6.123233995736766e-17,4100,8,11.46170731707317,271.7,15.0,291.7,292.8,272.76666666666665,263.93333333333334,22.0,1.0,7538.2,7258.7,8223.7,7956.7,7541.266666666667,7715.083333333333,8114.458333333333,0.20808681117508154,0.14454484899518638,9106.8
2021-04-01,EST006,Estate Kalbar 01,Kalimantan,4,2,0.8660254037844387,-0.4999999999999998,4100,8,9.094634146341463,214.0,15.0,271.7,254.9,259.1333333333334,258.06666666666666,23.0,0.0,9106.8,7826.9,7971.6,8926.6,8157.3,7862.266666666666,8210.300000000001,0.0695963455879125,0.09118813434006223,9740.6
2021-05-01,EST006,Estate Kalbar 01,Kalimantan,5,2,0.49999999999999994,-0.8660254037844387,4100,8,9.14439024390244,212.2,12.0,214.0,291.7,232.63333333333333,256.2166666666667,25.0,1.0,9740.6,7538.2,7471.4,8891.2,8795.200000000003,8157.099999999999,8278.133333333333,-0.030675728394554902,0.06192639913622444,9441.8
2021-06-01,EST006,Estate Kalbar 01,Kalimantan,6,2,1.2246467991473532e-16,-1.0,4100,8,10.413170731707318,186.0,9.0,212.2,271.7,204.0666666666667,238.41666666666666,22.0,0.0,9441.8,9106.8,7258.7,7302.1,9429.733333333335,8485.5,8324.016666666666,0.01582325404054319,0.3134851618027692,9591.2
2021-07-01,EST006,Estate Kalbar 01,Kalimantan,7,3,-0.4999999999999997,-0.8660254037844388,4100,8,9.220975609756097,198.4,14.0,186.0,214.0,198.86666666666667,229.0,22.0,1.0,9591.2,9740.6,7826.9,8497.0,9591.200000000003,8874.25,8514.775,-0.02898490282759192,0.09605743203483597,9313.2
2021-08-01,EST006,Estate Kalbar 01,Kalimantan,8,3,-0.8660254037844384,-0.5000000000000004,4100,8,7.660975609756098,228.9,19.0,198.4,212.2,204.4333333333333,218.53333333333333,25.0,1.0,9313.2,9441.8,7538.2,9509.4,9448.733333333335,9121.966666666667,8582.791666666666,-0.2153395181033373,-0.23152880307905865,7307.7
2021-09-01,EST006,Estate Kalbar 01,Kalimantan,9,3,-1.0,-1.8369701987210297e-16,4100,8,9.402926829268292,200.4,13.0,228.9,186.0,209.23333333333335,206.64999999999998,23.0,2.0,7307.7,9591.2,9106.8,8223.7,8737.366666666667,9083.550000000001,8399.316666666668,0.15371457503728947,0.025207631601347202,8431.0
2021-10-01,EST006,Estate Kalbar 01,Kalimantan,10,4,-0.8660254037844386,0.5000000000000001,4100,8,8.703414634146341,262.6,19.0,200.4,198.4,230.63333333333335,214.75,22.0,3.0,8431.0,9313.2,9740.6,7971.6,8350.633333333333,8970.916666666666,8416.591666666667,-0.08004981615466722,-0.027033468814290695,7756.1
2021-11-01,EST006,Estate Kalbar 01,Kalimantan,11,4,-0.5000000000000004,0.8660254037844384,4100,8,11.891219512195121,261.7,18.0,262.6,228.9,241.5666666666667,223.00000000000003,25.0,1.0,7756.1,7307.7,9441.8,7471.4,7831.600000000001,8640.166666666666,8398.633333333333,0.09068990858807902,0.1322509837513719,8459.5
2021-12-01,EST006,Estate Kalbar 01,Kalimantan,12,4,-2.4492935982947064e-16,1.0,4100,8,8.999024390243903,275.2,18.0,261.7,200.4,266.5,237.86666666666665,22.0,1.0,8459.5,8431.0,9591.2,7258.7,8215.533333333335,8476.449999999999,8480.975,-0.09337431290265374,0.056607932549905815,7669.6
2022-01-01,EST006,Estate Kalbar 01,Kalimantan,1,1,0.49999999999999994,0.8660254037844387,4100,9,11.090487804878048,284.8,20.0,275.2,262.6,273.90000000000003,252.26666666666668,24.0,0.0,7669.6,7756.1,9313.2,7826.9,7961.7333333333345,8156.183333333334,8515.216666666665,0.008435902785021376,-0.011830993113493116,7734.3
2022-02-01,EST006,Estate Kalbar 01,Kalimantan,2,1,0.8660254037844386,0.5000000000000001,4100,9,11.2,249.1,16.0,284.8,261.7,269.7,255.63333333333333,26.0,0.0,7734.3,8459.5,7307.7,7538.2,7954.466666666667,7893.033333333333,8507.5,0.012877700632248468,0.03922687113634549,7833.9
2022-03-01,EST006,Estate Kalbar 01,Kalimantan,3,1,1.0,6.123233995736766e-17,4100,9,10.581707317073171,248.7,17.0,249.1,275.2,260.8666666666667,263.68333333333334,24.0,2.0,7833.9,7669.6,8431.0,9106.8,7745.933333333334,7980.733333333334,8532.141666666666,0.004799652791074749,-0.1356458909825624,7871.5
2022-04-01,EST006,Estate Kalbar 01,Kalimantan,4,2,0.8660254037844387,-0.4999999999999998,4100,9,11.452926829268293,207.6,14.0,248.7,284.8,235.13333333333335,254.51666666666665,22.0,0.0,7871.5,7734.3,7756.1,9740.6,7813.233333333334,7887.483333333334,8429.199999999999,0.21068411357428696,-0.021631111019855154,9529.9
2022-05-01,EST006,Estate Kalbar 01,Kalimantan,5,2,0.49999999999999994,-0.8660254037844387,4100,9,10.38048780487805,274.1,17.0,207.6,249.1,243.4666666666667,256.5833333333333,23.0,1.0,9529.9,7833.9,8459.5,9441.8,8411.766666666668,8183.116666666666,8411.641666666666,0.0183789966316541,0.02788133618589672,9705.05
2022-06-01,EST006,Estate Kalbar 01,Kalimantan,6,2,1.2246467991473532e-16,-1.0,4100,9,12.339024390243903,213.4,16.0,274.1,248.7,231.70000000000005,246.28333333333333,26.0,0.0,9705.05,7871.5,7669.6,9591.2,9035.483333333334,8390.708333333334,8433.579166666668,0.01804730526890652,0.030131787471849192,9880.2
2022-07-01,EST006,Estate Kalbar 01,Kalimantan,7,3,-0.4999999999999997,-0.8660254037844388,4100,9,8.558536585365854,182.5,12.0,213.4,207.6,223.33333333333337,229.23333333333332,24.0,0.0,9880.2,9529.9,7734.3,9313.2,9705.050000000001,8759.141666666665,8457.6625,0.008400639663164622,0.06979341150195428,9963.2
2022-08-01,EST006,Estate Kalbar 01,Kalimantan,8,3,-0.8660254037844384,-0.5000000000000004,4100,9,10.946341463414635,210.3,13.0,182.5,274.1,202.0666666666667,222.76666666666668,25.0,2.0,9963.2,9705.05,7833.9,7307.7,9849.483333333335,9130.625,8511.829166666666,-0.04635057009796062,0.3001902103260943,9501.4
2022-09-01,EST006,Estate Kalbar 01,Kalimantan,9,3,-1.0,-1.8369701987210297e-16,4100,9,10.17170731707317,222.2,16.0,210.3,213.4,205.00000000000003,218.35,23.0,2.0,9501.4,9880.2,7871.5,8431.0,9781.6,9408.541666666666,8694.637499999999,-0.14140021470520137,-0.03239236152295111,8157.9
2022-10-01,EST006,Estate Kalbar 01,Kalimantan,10,4,-0.8660254037844386,0.5000000000000001,4100,9,8.63,244.5,15.0,222.2,182.5,225.6666666666667,224.5,24.0,2.0,8157.9,9963.2,9529.9,7756.1,9207.500000000002,9456.275,8671.879166666668,0.01082386398460411,0.06318897383994537,8246.2
2022-11-01,EST006,Estate Kalbar 01,Kalimantan,11,4,-0.5000000000000004,0.8660254037844384,4100,9,10.383902439024391,290.4,19.0,244.5,210.3,252.36666666666667,227.21666666666667,25.0,0.0,8246.2,9501.4,9705.05,8459.5,8635.166666666668,9242.325,8712.720833333333,-0.10812252916494869,-0.13061055617944317,7354.6
2022-12-01,EST006,Estate Kalbar 01,Kalimantan,12,4,-2.4492935982947064e-16,1.0,4100,9,11.272439024390243,313.9,21.0,290.4,222.2,282.93333333333334,243.9666666666667,22.0,2.0,7354.6,8157.9,9880.2,7669.6,7919.566666666668,8850.583333333334,8620.645833333334,0.036915671824436336,-0.005671742985292605,7626.1
2023-01-01,EST006,Estate Kalbar 01,Kalimantan,1,1,0.49999999999999994,0.8660254037844387,4100,10,7.997804878048781,274.2,20.0,313.9,244.5,292.8333333333333,259.25,25.0,2.0,7626.1,8246.2,9963.2,7734.3,7742.300000000002,8474.900000000001,8617.020833333334,0.06720341983451572,0.05227363820901698,8138.6
2023-02-01,EST006,Estate Kalbar 01,Kalimantan,2,1,0.8660254037844386,0.5000000000000001,4100,10,8.058780487804878,260.6,18.0,274.2,290.4,282.90000000000003,267.6333333333333,24.0,5.0,8138.6,7354.6,9501.4,7833.9,7706.433333333334,8170.8,8650.7125,0.05256432310225345,0.09350387418782469,8566.4
2023-03-01,EST006,Estate Kalbar 01,Kalimantan,3,1,1.0,6.123233995736766e-17,4100,10,10.823658536585366,255.6,17.0,260.6,313.9,263.4666666666667,273.2,24.0,1.0,8566.4,7626.1,8157.9,7871.5,8110.366666666669,8014.966666666667,8711.754166666668,0.10932246918192012,0.20725401765864193,9502.9
2023-04-01,EST006,Estate Kalbar 01,Kalimantan,4,2,0.8660254037844387,-0.4999999999999998,4100,10,11.574390243902439,180.0,13.0,255.6,274.2,232.0666666666667,262.45,22.0,2.0,9502.9,8138.6,8246.2,9529.9,8735.966666666669,8239.133333333333,8847.704166666668,0.12399372823032984,0.12080924248942804,10681.2
2023-05-01,EST006,Estate Kalbar 01,Kalimantan,5,2,0.49999999999999994,-0.8660254037844387,4100,10,12.60390243902439,187.1,15.0,180.0,260.6,207.5666666666667,245.23333333333335,25.0,1.0,10681.2,8566.4,7354.6,9705.05,9583.500000000002,8644.966666666667,8943.645833333334,0.12587536980863567,0.23911777888831098,12025.7
2023-06-01,EST006,Estate Kalbar 01,Kalimantan,6,2,1.2246467991473532e-16,-1.0,4100,10,11.01,246.7,17.0,187.1,255.6,204.60000000000002,234.0333333333333,25.0,1.0,12025.7,9502.9,7626.1,9880.2,10736.600000000002,9423.483333333334,9137.033333333335,-0.10818497052146647,0.0854739782595495,10724.7
2023-07-01,EST006,Estate Kalbar 01,Kalimantan,7,3,-0.4999999999999997,-0.8660254037844388,4100,10,12.364634146341464,222.75,16.0,246.7,180.0,218.85000000000002,225.45833333333334,22.0,3.0,10724.7,10681.2,8138.6,9963.2,11143.866666666669,9939.916666666668,9207.408333333333,0.008401167398621734,0.085474546330496,10814.8
2023-08-01,EST006,Estate Kalbar 01,Kalimantan,8,3,-0.8660254037844384,-0.5000000000000004,4100,10,10.611951219512195,198.8,11.0,222.75,187.1,222.75000000000003,215.1583333333333,25.0,2.0,10814.8,12025.7,8566.4,9501.4,11188.400000000001,10385.949999999999,9278.375,-0.010291452454044392,0.12651819731829006,10703.5
2023-09-01,EST006,Estate Kalbar 01,Kalimantan,9,3,-1.0,-1.8369701987210297e-16,4100,10,8.409024390243902,239.4,14.0,198.8,246.7,220.31666666666672,212.45833333333334,22.0,0.0,10703.5,10724.7,9502.9,8157.9,10747.666666666668,10742.133333333333,9378.550000000001,0.013911337412995772,0.33029333529462246,10852.4
2023-10-01,EST006,Estate Kalbar 01,Kalimantan,10,4,-0.8660254037844386,0.5000000000000001,4100,10,8.032195121951219,257.8,17.0,239.4,222.75,232.00000000000003,225.42500000000004,23.0,0.0,10852.4,10814.8,10681.2,8246.2,10790.233333333335,10967.050000000001,9603.091666666667,-0.10929379676384954,0.1722126555261816,9666.3
2023-11-01,EST006,Estate Kalbar 01,Kalimantan,11,4,-0.5000000000000004,0.8660254037844384,4100,10,11.996829268292682,352.0,23.0,257.8,198.8,283.06666666666666,252.9083333333334,24.0,3.0,9666.3,10703.5,12025.7,7354.6,10407.400000000001,10797.9,9721.433333333332,-0.3165120056277996,-0.10167786147445135,6606.8
2023-12-01,EST006,Estate Kalbar 01,Kalimantan,12,4,-2.4492935982947064e-16,1.0,4100,10,10.43170731707317,323.0,21.0,352.0,239.4,310.9333333333334,265.625,23.0,1.0,6606.8,10852.4,10724.7,7626.1,9041.833333333334,9894.75,9659.116666666667,0.3604165405339952,0.17858407311732072,8988.0
2024-01-01,EST006,Estate Kalbar 01,Kalimantan,1,1,0.49999999999999994,0.8660254037844387,4100,11,8.092926829268293,284.3,19.0,323.0,257.8,319.7666666666667,275.8833333333334,26.0,1.0,8988.0,9666.3,10814.8,8138.6,8420.366666666669,9605.3,9772.608333333334,-0.007120605251446421,0.09650308406851305,8924.0
2024-02-01,EST006,Estate Kalbar 01,Kalimantan,2,1,0.8660254037844386,0.5000000000000001,4100,11,9.298780487804878,251.1,18.0,284.3,352.0,286.1333333333334,284.59999999999997,26.0,0.0,8924.0,6606.8,10703.5,8566.4,8172.933333333334,9290.166666666666,9838.058333333332,-0.013267593007619816,0.027923048188270627,8805.6
2024-03-01,EST006,Estate Kalbar 01,Kalimantan,3,1,1.0,6.123233995736766e-17,4100,11,12.953170731707317,222.3,15.0,251.1,323.0,252.5666666666667,281.75,26.0,1.0,8805.6,8988.0,10852.4,9502.9,8905.866666666669,8973.85,9857.991666666667,0.13257472517488855,0.04946910942975302,9973.0
2024-04-01,EST006,Estate Kalbar 01,Kalimantan,4,2,0.8660254037844387,-0.4999999999999998,4100,11,10.814634146341463,242.6,17.0,222.3,284.3,238.66666666666666,279.21666666666664,22.0,1.0,9973.0,8924.0,9666.3,10681.2,9234.200000000003,8827.283333333333,9897.166666666666,0.10087235535947059,0.02788076246114657,10979.0
2024-05-01,EST006,Estate Kalbar 01,Kalimantan,5,2,0.49999999999999994,-0.8660254037844387,4100,11,10.810487804878049,206.1,14.0,242.6,251.1,223.66666666666666,254.9,25.0,1.0,10979.0,8805.6,6606.8,12025.7,9919.200000000003,9046.066666666666,9921.983333333334,0.02282539393387384,-0.06619988857197501,11229.6
2024-06-01,EST006,Estate Kalbar 01,Kalimantan,6,2,1.2246467991473532e-16,-1.0,4100,11,9.752682926829268,176.9,9.0,206.1,222.3,208.5333333333334,230.55000000000004,23.0,0.0,11229.6,9973.0,8988.0,10724.7,10727.200000000003,9816.533333333333,9855.641666666666,-0.09018130654698309,-0.047348643784907885,10216.9
2024-07-01,EST006,Estate Kalbar 01,Kalimantan,7,3,-0.4999999999999997,-0.8660254037844388,4100,11,8.96609756097561,183.8,11.0,176.9,242.6,188.93333333333337,213.79999999999998,23.0,1.0,10216.9,10979.0,8924.0,10814.8,10808.500000000002,10021.35,9813.325,0.08174690953224562,0.021942153345415605,11052.1
2024-08-01,EST006,Estate Kalbar 01,Kalimantan,8,3,-0.8660254037844384,-0.5000000000000004,4100,11,8.756341463414634,178.0,12.0,183.8,206.1,179.5666666666667,201.61666666666667,23.0,2.0,11052.1,11229.6,8805.6,10703.5,10832.866666666669,10376.033333333333,9833.1,-0.030704571981795326,0.0008642032979866432,10712.75
2024-09-01,EST006,Estate Kalbar 01,Kalimantan,9,3,-1.0,-1.8369701987210297e-16,4100,11,10.179268292682927,267.2,16.0,178.0,176.9,209.66666666666666,209.1,23.0,0.0,10712.75,10216.9,9973.0,10852.4,10660.583333333336,10693.891666666668,9833.870833333332,-0.03167720706634625,-0.04413770225940805,10373.4
2024-10-01,EST006,Estate Kalbar 01,Kalimantan,10,4,-0.8660254037844386,0.5000000000000001,4100,11,7.73,272.0,19.0,267.2,183.8,239.0666666666667,214.0,26.0,3.0,10373.4,11052.1,10979.0,9666.3,10712.750000000002,10760.625,9793.954166666666,-0.15689166522066056,-0.09521740479811303,8745.9
2024-11-01,EST006,Estate Kalbar 01,Kalimantan,11,4,-0.5000000000000004,0.8660254037844384,4100,11,11.190243902439024,274.8,21.0,272.0,178.0,271.3333333333333,225.44999999999996,23.0,1.0,8745.9,10712.75,11229.6,6606.8,9944.016666666668,10388.441666666668,9717.254166666668,0.05838164168353166,0.40105648725555487,9256.5
2024-12-01,EST006,Estate Kalbar 01,Kalimantan,12,4,-2.4492935982947064e-16,1.0,4100,11,9.13560975609756,332.0,24.0,274.8,267.2,292.93333333333334,251.30000000000004,25.0,2.0,9256.5,10373.4,10216.9,8988.0,9458.6,10059.591666666667,9938.0625,-0.14979743963701186,-0.1243991989319092,7869.9
2025-01-01,EST006,Estate Kalbar 01,Kalimantan,1,1,0.49999999999999994,0.8660254037844387,4100,12,10.956341463414635,289.4,19.0,332.0,272.0,298.73333333333335,268.9,26.0,0.0,7869.9,8745.9,11052.1,8924.0,8624.1,9668.425000000001,9844.887499999999,0.1770035197397679,0.0379762438368445,9262.9
2025-02-01,EST006,Estate Kalbar 01,Kalimantan,2,1,0.8660254037844386,0.5000000000000001,4100,12,10.924146341463414,253.5,19.0,289.4,274.8,291.6333333333334,281.48333333333335,23.0,0.0,9262.9,9256.5,10712.75,8805.6,8796.433333333334,9370.224999999999,9873.129166666668,0.03906983773980066,0.09303170709548447,9624.8
2025-03-01,EST006,Estate Kalbar 01,Kalimantan,3,1,1.0,6.123233995736766e-17,4100,12,8.579024390243902,300.6,20.0,253.5,332.0,281.1666666666667,287.05,22.0,0.0,9624.8,7869.9,10373.4,9973.0,8919.200000000003,9188.9,9941.395833333334,0.05141925027013561,0.014709716233831438,10119.7
2025-04-01,EST006,Estate Kalbar 01,Kalimantan,4,2,0.8660254037844387,-0.4999999999999998,4100,12,10.342926829268293,251.0,16.0,300.6,289.4,268.36666666666673,283.55,24.0,2.0,10119.7,9262.9,8745.9,10979.0,9669.133333333333,9146.616666666667,9953.620833333332,-0.0526794272557487,-0.12682393660624824,9586.6
2025-05-01,EST006,Estate Kalbar 01,Kalimantan,5,2,0.49999999999999994,-0.8660254037844387,4100,12,9.618048780487804,199.1,12.0,251.0,253.5,250.23333333333335,270.93333333333334,24.0,2.0,9586.6,9624.8,9256.5,11229.6,9777.033333333335,9286.733333333334,9837.5875,0.06187282248138026,-0.09348952767685403,10179.75
2025-06-01,EST006,Estate Kalbar 01,Kalimantan,6,2,1.2246467991473532e-16,-1.0,4100,12,12.000731707317073,207.7,13.0,199.1,300.6,219.26666666666668,250.21666666666667,24.0,1.0,10179.75,10119.7,7869.9,10216.9,9962.016666666668,9440.608333333334,9750.1,0.05826763918563804,0.05441963805068073,10772.9
2025-07-01,EST006,Estate Kalbar 01,Kalimantan,7,3,-0.4999999999999997,-0.8660254037844388,4100,12,8.373414634146341,178.1,11.0,207.7,251.0,194.9666666666667,231.66666666666666,26.0,2.0,10772.9,9586.6,9262.9,11052.1,10179.750000000002,9924.441666666666,9796.433333333332,-0.11604117739884345,-0.1383718931243837,9522.8
2025-08-01,EST006,Estate Kalbar 01,Kalimantan,8,3,-0.8660254037844384,-0.5000000000000004,4100,12,10.829268292682928,170.4,12.0,178.1,199.1,185.4,217.8166666666667,23.0,0.0,9522.8,10179.75,9624.8,10712.75,10158.483333333335,9967.758333333333,9668.991666666667,-0.05096190196160788,-0.15637908100161024,9037.5
2025-09-01,EST006,Estate Kalbar 01,Kalimantan,9,3,-1.0,-1.8369701987210297e-16,4100,12,9.887439024390243,248.2,17.0,170.4,207.7,198.9,209.08333333333334,26.0,0.0,9037.5,10772.9,10119.7,10373.4,9777.733333333335,9869.875,9529.387499999999,0.1723042876901799,0.02133341045366044,10594.7
2025-10-01,EST006,Estate Kalbar 01,Kalimantan,10,4,-0.8660254037844386,0.5000000000000001,4100,12,8.94560975609756,297.7,20.0,248.2,178.1,238.76666666666668,216.86666666666665,25.0,0.0,10594.7,9522.8,9586.6,8745.9,9718.333333333336,9949.041666666666,9547.829166666666,-0.1868575797332629,-0.014967013114716599,8615.0
2025-11-01,EST006,Estate Kalbar 01,Kalimantan,11,4,-0.5000000000000004,0.8660254037844384,4100,12,8.239512195121952,240.0,17.0,297.7,170.4,261.9666666666667,223.6833333333333,22.0,2.0,8615.0,9037.5,10179.75,9256.5,9415.733333333335,9787.108333333332,9536.920833333334,0.08927452118398138,0.013784907902554933,9384.1
2025-12-01,EST006,Estate Kalbar 01,Kalimantan,12,4,-2.4492935982947064e-16,1.0,4100,12,10.484390243902439,309.1,22.0,240.0,248.2,282.2666666666667,240.58333333333334,22.0,2.0,9384.1,10594.7,10772.9,7869.9,9531.266666666668,9654.5,9547.554166666667,-0.09484127406996945,0.07931485787621195,8494.1
2020-01-01,EST007,Estate Kalteng 01,Kalimantan,1,1,0.49999999999999994,0.8660254037844387,4700,10,8.78127659574468,300.0,19.0,313.9,227.3,291.5,254.08333333333334,24.0,1.0,7894.1,8959.0,9898.6,8207.5,8580.1,9329.550000000001,9492.766666666666,0.13499955663090146,0.09166006701187923,8959.8
2020-02-01,EST007,Estate Kalteng 01,Kalimantan,2,1,0.8660254037844386,0.5000000000000001,4700,10,11.601914893617021,250.6,17.0,300.0,260.6,288.16666666666663,261.90000000000003,25.0,1.0,8959.8,8887.2,10456.9,9409.5,8580.366666666667,9173.083333333334,9555.458333333334,0.17414451215428928,0.11802965088474426,10520.1
2020-03-01,EST007,Estate Kalteng 01,Kalimantan,3,1,1.0,6.123233995736766e-17,4700,10,7.217872340425532,265.0,15.0,250.6,313.9,271.8666666666666,269.56666666666666,26.0,3.0,10520.1,7894.1,9881.5,10701.7,9124.666666666666,9183.616666666667,9648.008333333333,-0.16588245358884424,-0.18003681658054338,8775.0
2020-04-01,EST007,Estate Kalteng 01,Kalimantan,4,2,0.8660254037844387,-0.4999999999999998,4700,10,9.238297872340425,256.3,17.0,265.0,300.0,257.29999999999995,274.4,22.0,1.0,8775.0,8959.8,8959.0,9570.6,9418.300000000001,8999.199999999999,9487.45,0.2725698005698005,0.16678160198942593,11166.8
2020-05-01,EST007,Estate Kalteng 01,Kalimantan,5,2,0.49999999999999994,-0.8660254037844387,4700,10,9.334893617021276,183.3,12.0,256.3,250.6,234.86666666666667,261.51666666666665,26.0,0.0,11166.8,10520.1,8887.2,9019.1,10153.966666666665,9367.166666666666,9620.466666666667,0.022737041945767977,0.266279340510694,11420.7
2020-06-01,EST007,Estate Kalteng 01,Kalimantan,6,2,1.2246467991473532e-16,-1.0,4700,10,7.71,226.1,16.0,183.3,265.0,221.9,246.88333333333333,23.0,0.0,11420.7,8775.0,7894.1,11027.5,10454.166666666666,9789.416666666666,9820.6,0.067688495451242,0.10575833144411706,12193.75
2020-07-01,EST007,Estate Kalteng 01,Kalimantan,7,3,-0.4999999999999997,-0.8660254037844388,4700,10,8.099574468085107,222.7,12.0,226.1,256.3,210.70000000000002,234.0,24.0,1.0,12193.75,11166.8,8959.8,9898.6,11593.75,10506.025,9917.7875,0.06339723218862114,0.3099630250742529,12966.8
2020-08-01,EST007,Estate Kalteng 01,Kalimantan,8,3,-0.8660254037844384,-0.5000000000000004,4700,10,9.332127659574468,219.3,13.0,222.7,183.3,222.70000000000002,228.78333333333333,23.0,1.0,12966.8,11420.7,10520.1,10456.9,12193.75,11173.858333333332,10173.470833333333,-0.10640250485856184,0.10808174506784995,11587.1
2020-09-01,EST007,Estate Kalteng 01,Kalimantan,9,3,-1.0,-1.8369701987210297e-16,4700,10,10.117234042553191,205.9,16.0,219.3,226.1,215.96666666666667,218.9333333333333,24.0,2.0,11587.1,12193.75,8775.0,9881.5,12249.216666666667,11351.691666666666,10267.654166666667,-0.12262774982523661,0.028811415270960872,10166.2
2020-10-01,EST007,Estate Kalteng 01,Kalimantan,10,4,-0.8660254037844386,0.5000000000000001,4700,10,9.527021276595745,204.9,13.0,205.9,222.7,210.03333333333333,210.36666666666667,26.0,1.0,10166.2,12966.8,11166.8,8959.0,11573.366666666667,11583.558333333332,10291.379166666668,0.03484094351871869,0.17428284406741823,10520.4
2020-11-01,EST007,Estate Kalteng 01,Kalimantan,11,4,-0.5000000000000004,0.8660254037844384,4700,10,8.990851063829787,234.3,16.0,204.9,219.3,215.03333333333333,218.86666666666667,25.0,2.0,10520.4,11587.1,11420.7,8887.2,10757.9,11475.824999999999,10421.495833333332,-0.05345804342040228,0.12048789269961291,9958.0
2020-12-01,EST007,Estate Kalteng 01,Kalimantan,12,4,-2.4492935982947064e-16,1.0,4700,10,9.279787234042553,296.2,18.0,234.3,205.9,245.13333333333333,230.54999999999998,25.0,0.0,9958.0,10166.2,12193.75,7894.1,10214.866666666667,11232.041666666666,10510.729166666666,-0.07892147017473383,0.16189305937345622,9172.1
2021-01-01,EST007,Estate Kalteng 01,Kalimantan,1,1,0.49999999999999994,0.8660254037844387,4700,11,7.7957446808510635,294.0,19.0,296.2,204.9,274.8333333333333,242.4333333333333,24.0,2.0,9172.1,10520.4,12966.8,8959.8,9883.5,10728.433333333334,10617.229166666666,-0.0856837583541391,-0.06401928614477981,8386.2
2021-02-01,EST007,Estate Kalteng 01,Kalimantan,2,1,0.8660254037844386,0.5000000000000001,4700,11,10.081914893617022,252.4,15.0,294.0,234.3,280.8666666666666,247.95000000000002,25.0,0.0,8386.2,9958.0,11587.1,10520.1,9172.1,9965.0,10569.429166666667,0.19274522429705931,-0.04919154760886302,10002.6
2021-03-01,EST007,Estate Kalteng 01,Kalimantan,3,1,1.0,6.123233995736766e-17,4700,11,10.225531914893617,278.5,18.0,252.4,296.2,274.96666666666664,260.05,26.0,2.0,10002.6,9172.1,10166.2,8775.0,9186.966666666667,9700.916666666666,10526.304166666667,0.14434247095755093,0.3044330484330484,11446.4
2021-04-01,EST007,Estate Kalteng 01,Kalimantan,4,2,0.8660254037844387,-0.4999999999999998,4700,11,9.824468085106384,196.0,16.0,278.5,294.0,242.29999999999998,258.56666666666666,25.0,1.0,11446.4,8386.2,10520.4,11166.8,9945.066666666668,9914.283333333333,10748.920833333334,-0.0012580374615599466,0.02374897016155031,11432.0
2021-05-01,EST007,Estate Kalteng 01,Kalimantan,5,2,0.49999999999999994,-0.8660254037844387,4700,11,10.428297872340426,223.3,13.0,196.0,252.4,232.6,256.73333333333335,26.0,1.0,11432.0,10002.6,9958.0,11420.7,10960.333333333334,10066.216666666667,10771.020833333334,-0.0177309307207838,-0.016759042790722267,11229.3
2021-06-01,EST007,Estate Kalteng 01,Kalimantan,6,2,1.2246467991473532e-16,-1.0,4700,11,9.88936170212766,182.2,10.0,223.3,278.5,200.5,237.73333333333335,23.0,2.0,11229.3,11446.4,9172.1,12193.75,11369.233333333332,10278.1,10755.070833333333,-0.007355756814761305,-0.08586776012301378,11146.7
2021-07-01,EST007,Estate Kalteng 01,Kalimantan,7,3,-0.4999999999999997,-0.8660254037844388,4700,11,10.882340425531915,183.7,14.0,182.2,196.0,196.4,219.35,26.0,3.0,11146.7,11432.0,8386.2,12966.8,11269.333333333334,10607.199999999999,10667.816666666668,0.03300528407510739,-0.11199370700558342,11514.6
2021-08-01,EST007,Estate Kalteng 01,Kalimantan,8,3,-0.8660254037844384,-0.5000000000000004,4700,11,11.30404255319149,206.2,13.0,183.7,223.3,190.69999999999996,211.64999999999998,22.0,2.0,11514.6,11229.3,10002.6,11587.1,11296.866666666667,11128.6,10546.8,0.07777951470307265,0.07103589336417215,12410.2
2021-09-01,EST007,Estate Kalteng 01,Kalimantan,9,3,-1.0,-1.8369701987210297e-16,4700,11,10.156382978723403,223.3,13.0,206.2,182.2,204.4,202.45000000000002,22.0,0.0,12410.2,11146.7,11446.4,10166.2,11690.5,11529.866666666667,10615.391666666668,-0.08049829978566014,0.12246463772107563,11411.2
2021-10-01,EST007,Estate Kalteng 01,Kalimantan,10,4,-0.8660254037844386,0.5000000000000001,4700,11,10.635957446808511,240.4,18.0,223.3,183.7,223.29999999999998,209.85,22.0,1.0,11411.2,11514.6,11432.0,10520.4,11778.666666666666,11524.0,10719.141666666668,-0.08034212002243424,-0.002471388920573414,10494.4
2021-11-01,EST007,Estate Kalteng 01,Kalimantan,11,4,-0.5000000000000004,0.8660254037844384,4700,11,8.828723404255319,300.2,19.0,240.4,206.2,254.63333333333335,222.66666666666666,24.0,2.0,10494.4,12410.2,11229.3,9958.0,11438.6,11367.733333333335,10716.975,-0.11481361488031705,-0.06713195420767226,9289.5
2021-12-01,EST007,Estate Kalteng 01,Kalimantan,12,4,-2.4492935982947064e-16,1.0,4700,11,8.15468085106383,280.6,21.0,300.2,223.3,273.73333333333335,239.0666666666667,24.0,2.0,9289.5,11411.2,11146.7,9172.1,10398.366666666667,11044.433333333334,10661.266666666666,-0.06323268206039068,-0.05124235453167758,8702.1
2022-01-01,EST007,Estate Kalteng 01,Kalimantan,1,1,0.49999999999999994,0.8660254037844387,4700,12,11.362127659574469,308.4,22.0,280.6,240.4,296.40000000000003,259.84999999999997,24.0,0.0,8702.1,10494.4,11514.6,8386.2,9495.333333333334,10637.0,10622.1,0.13331264867101056,0.17600343421335052,9862.2
2022-02-01,EST007,Estate Kalteng 01,Kalimantan,2,1,0.8660254037844386,0.5000000000000001,4700,12,13.432978723404256,246.8,16.0,308.4,300.2,278.6,266.6166666666667,26.0,1.0,9862.2,9289.5,12410.2,10002.6,9284.6,10361.6,10745.1,-0.04662245746385196,-0.06000439885629738,9402.4
2022-03-01,EST007,Estate Kalteng 01,Kalimantan,3,1,1.0,6.123233995736766e-17,4700,12,7.597021276595744,275.7,22.0,246.8,280.6,276.9666666666667,275.34999999999997,24.0,1.0,9402.4,8702.1,11411.2,11446.4,9322.233333333335,9860.300000000001,10695.083333333334,0.08629711563005182,-0.10768451216102881,10213.8
2022-04-01,EST007,Estate Kalteng 01,Kalimantan,4,2,0.8660254037844387,-0.4999999999999998,4700,12,9.843829787234043,273.5,17.0,275.7,308.4,265.3333333333333,280.8666666666667,23.0,1.0,10213.8,9862.2,10494.4,11432.0,9826.133333333333,9660.733333333334,10592.366666666667,0.10698270966731283,-0.010977956613016149,11306.5
2022-05-01,EST007,Estate Kalteng 01,Kalimantan,5,2,0.49999999999999994,-0.8660254037844387,4700,12,7.9542553191489365,163.2,12.0,273.5,246.8,237.4666666666667,258.03333333333336,22.0,0.0,11306.5,9402.4,9289.5,11229.3,10307.566666666666,9796.083333333334,10581.908333333333,-0.21203732366337946,-0.20662018113328517,8909.1
2022-06-01,EST007,Estate Kalteng 01,Kalimantan,6,2,1.2246467991473532e-16,-1.0,4700,12,9.305106382978723,192.6,13.0,163.2,275.7,209.76666666666668,243.36666666666665,26.0,2.0,8909.1,10213.8,8702.1,11146.7,10143.133333333333,9732.683333333334,10388.558333333334,0.42296079289714994,0.13731418267289852,12677.3
2022-07-01,EST007,Estate Kalteng 01,Kalimantan,7,3,-0.4999999999999997,-0.8660254037844388,4700,12,11.067234042553192,214.4,16.0,192.6,273.5,190.0666666666667,227.70000000000002,22.0,1.0,12677.3,11306.5,9862.2,11514.6,10964.299999999997,10395.216666666665,10516.108333333332,0.0052850370346997355,0.10679485175342607,12744.3
2022-08-01,EST007,Estate Kalteng 01,Kalimantan,8,3,-0.8660254037844384,-0.5000000000000004,4700,12,9.858297872340426,199.9,16.0,214.4,163.2,202.30000000000004,219.88333333333333,24.0,0.0,12744.3,8909.1,9402.4,12410.2,11443.566666666666,10875.566666666666,10618.583333333334,-0.09323383787261752,-0.06882242026719954,11556.1
2022-09-01,EST007,Estate Kalteng 01,Kalimantan,9,3,-1.0,-1.8369701987210297e-16,4700,12,9.12468085106383,234.3,16.0,199.9,192.6,216.20000000000002,212.98333333333335,26.0,2.0,11556.1,12677.3,10213.8,11411.2,12325.9,11234.516666666665,10547.408333333333,-0.03181436643850433,-0.019520295849691505,11188.45
2022-10-01,EST007,Estate Kalteng 01,Kalimantan,10,4,-0.8660254037844386,0.5000000000000001,4700,12,9.643191489361703,234.9,15.0,234.3,214.4,223.0333333333334,206.54999999999998,25.0,1.0,11188.45,12744.3,11306.5,10494.4,11829.616666666667,11396.958333333334,10528.845833333333,-0.03285977950475727,0.031102302180210373,10820.8
2022-11-01,EST007,Estate Kalteng 01,Kalimantan,11,4,-0.5000000000000004,0.8660254037844384,4700,12,7.398085106382979,277.2,19.0,234.9,199.9,248.80000000000004,225.54999999999998,23.0,1.0,10820.8,11556.1,8909.1,9289.5,11188.449999999999,11316.008333333333,10556.045833333334,-0.13614520183350576,0.006254373217073006,9347.6
2022-12-01,EST007,Estate Kalteng 01,Kalimantan,12,4,-2.4492935982947064e-16,1.0,4700,12,9.544468085106383,291.1,18.0,277.2,234.3,267.73333333333335,241.9666666666667,24.0,1.0,9347.6,11188.45,12677.3,8702.1,10452.283333333335,11389.091666666665,10560.887499999999,-0.03578458641790405,0.035738499902322474,9013.1
2023-01-01,EST007,Estate Kalteng 01,Kalimantan,1,1,0.49999999999999994,0.8660254037844387,4700,13,10.365531914893618,316.7,24.0,291.1,234.9,295.0,259.01666666666665,24.0,3.0,9013.1,10820.8,12744.3,9862.2,9727.166666666666,10778.391666666666,10586.804166666667,0.012504021923644304,-0.07466893796516005,9125.8
2023-02-01,EST007,Estate Kalteng 01,Kalimantan,2,1,0.8660254037844386,0.5000000000000001,4700,13,11.224468085106382,281.4,19.0,316.7,277.2,296.40000000000003,272.6,23.0,1.0,9125.8,9347.6,11556.1,9402.4,9162.166666666666,10175.308333333334,10525.4375,0.08031076727519793,0.04853016251169917,9858.7
2023-03-01,EST007,Estate Kalteng 01,Kalimantan,3,1,1.0,6.123233995736766e-17,4700,13,11.13191489361702,270.9,18.0,281.4,291.1,289.6666666666667,278.7,23.0,1.0,9858.7,9013.1,11188.45,10213.8,9332.533333333333,9892.408333333333,10563.4625,0.17332914075892347,0.13253637235896543,11567.5
2023-04-01,EST007,Estate Kalteng 01,Kalimantan,4,2,0.8660254037844387,-0.4999999999999998,4700,13,11.207872340425531,227.2,15.0,270.9,316.7,259.8333333333333,277.4166666666667,25.0,2.0,11567.5,9125.8,10820.8,11306.5,10184.0,9955.583333333334,10676.270833333334,-0.1510179381888913,-0.131419979657719,9820.6
2023-05-01,EST007,Estate Kalteng 01,Kalimantan,5,2,0.49999999999999994,-0.8660254037844387,4700,13,11.283829787234042,212.8,12.0,227.2,281.4,236.9666666666667,266.68333333333334,24.0,1.0,9820.6,9858.7,9347.6,8909.1,10415.6,9788.883333333333,10552.445833333333,0.18711687676924016,0.30857213411006734,11658.2
2023-06-01,EST007,Estate Kalteng 01,Kalimantan,6,2,1.2246467991473532e-16,-1.0,4700,13,11.332340425531914,201.7,12.0,212.8,270.9,213.9,251.78333333333333,24.0,0.0,11658.2,11567.5,9013.1,12677.3,11015.433333333334,10173.983333333334,10781.5375,0.18083409102605885,0.0859094602162922,13766.4
2023-07-01,EST007,Estate Kalteng 01,Kalimantan,7,3,-0.4999999999999997,-0.8660254037844388,4700,13,10.715106382978723,209.9,16.0,201.7,227.2,208.13333333333335,233.98333333333335,22.0,0.0,13766.4,9820.6,9125.8,12744.3,11748.4,10966.199999999999,10872.295833333332,-0.1258426313342631,-0.0557347206201988,12034.0
2023-08-01,EST007,Estate Kalteng 01,Kalimantan,8,3,-0.8660254037844384,-0.5000000000000004,4700,13,10.204680851063829,194.5,12.0,209.9,212.8,202.03333333333333,219.5,26.0,1.0,12034.0,11658.2,9858.7,11556.1,12486.199999999999,11450.9,10813.104166666666,-0.0423799235499418,-0.002777753740448752,11524.0
2023-09-01,EST007,Estate Kalteng 01,Kalimantan,9,3,-1.0,-1.8369701987210297e-16,4700,13,10.133936170212767,232.2,14.0,194.5,201.7,212.20000000000002,213.04999999999998,26.0,0.0,11524.0,13766.4,11567.5,11188.45,12441.466666666667,11728.449999999999,10810.429166666667,-0.030735855605692586,-0.0016668975595369728,11169.8
2023-10-01,EST007,Estate Kalteng 01,Kalimantan,10,4,-0.8660254037844386,0.5000000000000001,4700,13,10.063191489361703,301.9,21.0,232.2,209.9,242.86666666666667,225.5,22.0,2.0,11169.8,12034.0,9820.6,10820.8,11575.933333333332,11662.166666666666,10808.875,-0.18866944797579188,-0.16250184829217795,9062.4
2023-11-01,EST007,Estate Kalteng 01,Kalimantan,11,4,-0.5000000000000004,0.8660254037844384,4700,13,8.190212765957448,296.8,22.0,301.9,194.5,276.9666666666667,239.5,26.0,1.0,9062.4,11524.0,11658.2,9347.6,10585.4,11535.799999999997,10662.341666666667,-0.06684763418079087,-0.09531858444948438,8456.6
2023-12-01,EST007,Estate Kalteng 01,Kalimantan,12,4,-2.4492935982947064e-16,1.0,4700,13,9.210851063829788,286.8,20.0,296.8,232.2,295.1666666666667,253.6833333333333,23.0,2.0,8456.6,11169.8,13766.4,9013.1,9562.933333333332,11002.199999999999,10588.091666666665,0.048837594305039866,-0.015921270151224354,8869.6
2024-01-01,EST007,Estate Kalteng 01,Kalimantan,1,1,0.49999999999999994,0.8660254037844387,4700,14,9.030425531914894,317.5,23.0,286.8,301.9,300.3666666666667,271.6166666666666,26.0,0.0,8869.6,9062.4,12034.0,9125.8,8796.2,10186.066666666666,10576.133333333333,0.09520158744475515,0.06445462315632611,9714.0
2024-02-01,EST007,Estate Kalteng 01,Kalimantan,2,1,0.8660254037844386,0.5000000000000001,4700,14,10.580212765957446,264.8,17.0,317.5,296.8,289.7,283.3333333333333,26.0,2.0,9714.0,8456.6,11524.0,9858.7,9013.4,9799.4,10625.15,0.029555281037677572,0.014444095063243623,10001.1
2024-03-01,EST007,Estate Kalteng 01,Kalimantan,3,1,1.0,6.123233995736766e-17,4700,14,10.59468085106383,211.5,12.0,264.8,286.8,264.59999999999997,279.8833333333334,22.0,1.0,10001.1,8869.6,11169.8,11567.5,9528.233333333332,9545.583333333334,10637.016666666666,0.07422183559808415,-0.07124270585692671,10743.4
2024-04-01,EST007,Estate Kalteng 01,Kalimantan,4,2,0.8660254037844387,-0.4999999999999998,4700,14,10.263829787234043,212.3,16.0,211.5,317.5,229.53333333333333,264.95,25.0,1.0,10743.4,9714.0,9062.4,9820.6,10152.833333333334,9474.516666666668,10568.341666666667,0.039158925479829465,0.13680426857829464,11164.1
2024-05-01,EST007,Estate Kalteng 01,Kalimantan,5,2,0.49999999999999994,-0.8660254037844387,4700,14,8.151276595744681,178.2,11.0,212.3,264.8,200.66666666666666,245.18333333333337,26.0,3.0,11164.1,10001.1,8456.6,11658.2,10636.199999999999,9824.800000000001,10680.3,-0.10319685420230917,-0.14120533186941386,10012.0
2024-06-01,EST007,Estate Kalteng 01,Kalimantan,6,2,1.2246467991473532e-16,-1.0,4700,14,11.793191489361702,203.7,13.0,178.2,211.5,198.0666666666667,231.33333333333334,26.0,4.0,10012.0,10743.4,8869.6,13766.4,10639.833333333334,10084.033333333335,10543.116666666667,0.12853575709149023,-0.17924076011157597,11298.9
2024-07-01,EST007,Estate Kalteng 01,Kalimantan,7,3,-0.4999999999999997,-0.8660254037844388,4700,14,11.824893617021276,200.5,15.0,203.7,212.3,194.13333333333333,211.83333333333334,25.0,3.0,11298.9,11164.1,9714.0,12034.0,10825.0,10488.916666666666,10337.491666666667,0.034861800706263324,-0.028352999833804238,11692.8
2024-08-01,EST007,Estate Kalteng 01,Kalimantan,8,3,-0.8660254037844384,-0.5000000000000004,4700,14,11.28127659574468,246.9,17.0,200.5,178.2,217.03333333333333,208.85,22.0,2.0,11692.8,10012.0,10001.1,11524.0,11001.233333333332,10818.716666666667,10309.058333333334,0.01532567049808442,0.030197847969455127,11872.0
2024-09-01,EST007,Estate Kalteng 01,Kalimantan,9,3,-1.0,-1.8369701987210297e-16,4700,14,11.895744680851063,233.2,16.0,246.9,203.7,226.86666666666667,212.46666666666667,25.0,1.0,11872.0,11298.9,10743.4,11169.8,11621.233333333332,11130.533333333333,10338.058333333334,0.004152628032344952,0.06727962899962403,11921.3
2024-10-01,EST007,Estate Kalteng 01,Kalimantan,10,4,-0.8660254037844386,0.5000000000000001,4700,14,10.287234042553191,244.5,20.0,233.2,200.5,241.53333333333333,217.83333333333334,22.0,0.0,11921.3,11692.8,11164.1,9062.4,11828.699999999999,11326.85,10400.683333333332,-0.022765973509600412,0.28552039194915246,11649.9
2024-11-01,EST007,Estate Kalteng 01,Kalimantan,11,4,-0.5000000000000004,0.8660254037844384,4700,14,12.786170212765958,295.7,19.0,244.5,246.9,257.8,237.41666666666666,23.0,2.0,11649.9,11872.0,10012.0,8456.6,11814.4,11407.816666666666,10616.308333333332,-0.19910042146284523,0.10332757845942808,9330.4
2024-12-01,EST007,Estate Kalteng 01,Kalimantan,12,4,-2.4492935982947064e-16,1.0,4700,14,8.711489361702128,239.7,17.0,295.7,233.2,259.96666666666664,243.41666666666666,22.0,0.0,9330.4,11921.3,11298.9,8869.6,10967.199999999999,11294.216666666665,10689.125,0.089985423990397,0.14661315053666457,10170.0
2025-01-01,EST007,Estate Kalteng 01,Kalimantan,1,1,0.49999999999999994,0.8660254037844387,4700,15,9.87404255319149,293.4,20.0,239.7,244.5,276.26666666666665,258.90000000000003,23.0,1.0,10170.0,11649.9,11692.8,9714.0,10383.433333333332,11106.066666666666,10797.491666666667,-0.05935103244837758,-0.015194564546016087,9566.4
2025-02-01,EST007,Estate Kalteng 01,Kalimantan,2,1,0.8660254037844386,0.5000000000000001,4700,15,8.698723404255318,294.3,20.0,293.4,295.7,275.8,266.8,23.0,0.0,9566.4,9330.4,11872.0,10001.1,9688.933333333334,10751.666666666666,10785.191666666666,-0.021303729720689057,-0.06384297727249999,9362.6
2025-03-01,EST007,Estate Kalteng 01,Kalimantan,3,1,1.0,6.123233995736766e-17,4700,15,8.392765957446809,225.5,17.0,294.3,239.7,271.06666666666666,265.51666666666665,22.0,0.0,9362.6,10170.0,11921.3,10743.4,9699.666666666666,10333.433333333332,10731.983333333334,0.18670027556448,0.03417912392724842,11110.6
2025-04-01,EST007,Estate Kalteng 01,Kalimantan,4,2,0.8660254037844387,-0.4999999999999998,4700,15,8.972127659574468,266.1,19.0,225.5,293.4,261.96666666666664,269.1166666666666,24.0,3.0,11110.6,9566.4,11649.9,11164.1,10013.199999999999,10198.316666666668,10762.583333333334,-0.11847244973268778,-0.1226968586809506,9794.3
2025-05-01,EST007,Estate Kalteng 01,Kalimantan,5,2,0.49999999999999994,-0.8660254037844387,4700,15,10.949148936170213,233.5,16.0,266.1,294.3,241.70000000000002,258.75,22.0,0.0,9794.3,9362.6,9330.4,10012.0,10089.166666666666,9889.050000000001,10648.433333333332,0.09376882472458492,0.06998601677986427,10712.7
2025-06-01,EST007,Estate Kalteng 01,Kalimantan,6,2,1.2246467991473532e-16,-1.0,4700,15,11.944468085106383,202.1,15.0,233.5,225.5,233.9,252.48333333333335,26.0,1.0,10712.7,11110.6,10170.0,11298.9,10539.199999999999,10119.433333333332,10706.825,0.17474586238763345,0.11379868836789431,12584.7
2025-07-01,EST007,Estate Kalteng 01,Kalimantan,7,3,-0.4999999999999997,-0.8660254037844388,4700,15,10.001702127659575,215.8,14.0,202.1,266.1,217.13333333333333,239.54999999999998,26.0,1.0,12584.7,9794.3,9566.4,11692.8,11030.566666666668,10521.883333333333,10813.975,-0.049091356965203836,0.02344177613574172,11966.9
2025-08-01,EST007,Estate Kalteng 01,Kalimantan,8,3,-0.8660254037844384,-0.5000000000000004,4700,15,8.48936170212766,261.8,16.0,215.8,233.5,226.5666666666667,234.13333333333335,24.0,2.0,11966.9,10712.7,9362.6,11872.0,11754.766666666668,10921.966666666667,10836.816666666666,-0.022704292673958903,-0.014892183288409688,11695.2
2025-09-01,EST007,Estate Kalteng 01,Kalimantan,9,3,-1.0,-1.8369701987210297e-16,4700,15,10.322765957446808,229.5,14.0,261.8,202.1,235.70000000000002,234.80000000000004,23.0,1.0,11695.2,12584.7,11110.6,11921.3,12082.266666666668,11310.733333333332,10822.083333333334,-0.04831896846569539,-0.06636860073985207,11130.1
2025-10-01,EST007,Estate Kalteng 01,Kalimantan,10,4,-0.8660254037844386,0.5000000000000001,4700,15,10.336808510638297,256.2,14.0,229.5,215.8,249.16666666666666,233.15,24.0,1.0,11130.1,11966.9,9794.3,11649.9,11597.4,11313.983333333335,10756.15,-0.09329655618547894,-0.13375222104910767,10091.7
2025-11-01,EST007,Estate Kalteng 01,Kalimantan,11,4,-0.5000000000000004,0.8660254037844384,4700,15,10.028723404255318,263.5,21.0,256.2,261.8,249.73333333333335,238.15,26.0,2.0,10091.7,11695.2,10712.7,9330.4,10972.333333333334,11363.550000000001,10626.3,-0.018837262304666202,0.06121924033267612,9901.6
2025-12-01,EST007,Estate Kalteng 01,Kalimantan,12,4,-2.4492935982947064e-16,1.0,4700,15,10.447021276595745,273.8,17.0,263.5,229.5,264.5,250.1,24.0,2.0,9901.6,11130.1,12584.7,10170.0,10374.466666666667,11228.366666666669,10673.9,-0.08891492284075297,-0.11295968534906586,9021.2
2020-01-01,EST008,Estate Kaltim 01,Kalimantan,1,1,0.49999999999999994,0.8660254037844387,3900,6,8.132051282051282,306.4,21.0,304.4,225.5,291.56666666666666,251.78333333333333,22.0,1.0,6678.95,6911.6,7740.8,6389.4,6580.416666666667,6971.591666666667,6861.837500000001,0.07909177340749673,0.1279932388017655,7207.2
2020-02-01,EST008,Estate Kaltim 01,Kalimantan,2,1,0.8660254037844386,0.5000000000000001,3900,6,12.865384615384615,251.9,19.0,306.4,263.9,287.56666666666666,261.7333333333333,25.0,2.0,7207.2,6150.7,7262.7,5623.7,6678.95,6882.658333333333,6929.9875,0.08508158508158514,0.39061471984636453,7820.4
2020-03-01,EST008,Estate Kaltim 01,Kalimantan,3,1,1.0,6.123233995736766e-17,3900,6,10.59025641025641,284.2,19.0,251.9,304.4,280.8333333333333,272.71666666666664,24.0,2.0,7820.4,6678.95,7084.8,7077.2,7235.516666666666,6975.608333333334,7113.045833333333,-0.010984092885274355,0.09287571355903457,7734.5
2020-04-01,EST008,Estate Kaltim 01,Kalimantan,4,2,0.8660254037844387,-0.4999999999999998,3900,6,8.861538461538462,271.4,16.0,284.2,306.4,269.1666666666667,280.3666666666666,23.0,1.0,7734.5,7207.2,6911.6,6705.8,7587.366666666666,7083.891666666667,7167.820833333332,0.0932057663714525,0.2609084672969668,8455.4
2020-05-01,EST008,Estate Kaltim 01,Kalimantan,5,2,0.49999999999999994,-0.8660254037844387,3900,6,10.57025641025641,235.3,16.0,271.4,251.9,263.6333333333334,275.59999999999997,22.0,2.0,8455.4,7820.4,6150.7,7676.0,8003.433333333333,7341.191666666666,7313.620833333333,0.016533812711403417,0.11974986972381463,8595.2
2020-06-01,EST008,Estate Kaltim 01,Kalimantan,6,2,1.2246467991473532e-16,-1.0,3900,6,10.125641025641025,259.4,16.0,235.3,284.2,255.36666666666665,268.09999999999997,23.0,3.0,8595.2,7734.5,6678.95,7040.4,8261.7,7748.608333333334,7390.220833333333,-0.08162695457930014,0.12118629623316868,7893.6
2020-07-01,EST008,Estate Kaltim 01,Kalimantan,7,3,-0.4999999999999997,-0.8660254037844388,3900,6,7.9625641025641025,180.7,11.0,259.4,271.4,225.13333333333333,247.14999999999998,26.0,2.0,7893.6,8455.4,7207.2,7740.8,8314.733333333335,7951.049999999999,7461.320833333334,0.13044745109962497,0.1527619884249689,8923.3
2020-08-01,EST008,Estate Kaltim 01,Kalimantan,8,3,-0.8660254037844384,-0.5000000000000004,3900,6,8.822051282051282,173.9,12.0,180.7,235.3,204.66666666666666,234.15,24.0,2.0,8923.3,8595.2,7820.4,7262.7,8470.699999999999,8237.066666666668,7559.862499999999,-0.14076630842849613,0.055695540226086804,7667.2
2020-09-01,EST008,Estate Kaltim 01,Kalimantan,9,3,-1.0,-1.8369701987210297e-16,3900,6,10.931025641025641,180.5,14.0,173.9,259.4,178.36666666666667,216.86666666666667,24.0,3.0,7667.2,7893.6,7734.5,7084.8,8161.366666666666,8211.533333333333,7593.570833333334,0.08708524624373948,0.17644817073170715,8334.9
2020-10-01,EST008,Estate Kaltim 01,Kalimantan,10,4,-0.8660254037844386,0.5000000000000001,3900,6,9.318974358974359,287.4,19.0,180.5,180.7,213.9333333333333,219.53333333333333,22.0,1.0,8334.9,8923.3,8455.4,6911.6,8308.466666666667,8311.6,7697.745833333333,-0.13249109167476503,0.04615429133630422,7230.6
2020-11-01,EST008,Estate Kaltim 01,Kalimantan,11,4,-0.5000000000000004,0.8660254037844384,3900,6,10.80923076923077,291.4,20.0,287.4,173.9,253.1,228.8833333333333,24.0,1.0,7230.6,7667.2,8595.2,6150.7,7744.233333333334,8107.466666666666,7724.329166666667,0.01731529886869687,0.19592891865966489,7355.8
2020-12-01,EST008,Estate Kaltim 01,Kalimantan,12,4,-2.4492935982947064e-16,1.0,3900,6,9.605384615384615,293.6,22.0,291.4,180.5,290.8,234.58333333333334,22.0,2.0,7355.8,8334.9,7893.6,6678.95,7640.433333333333,7900.900000000001,7824.754166666666,-0.13095788357486615,-0.04288847797932305,6392.5
2021-01-01,EST008,Estate Kaltim 01,Kalimantan,1,1,0.49999999999999994,0.8660254037844387,3900,7,8.31974358974359,294.5,20.0,293.6,287.4,293.1666666666667,253.54999999999998,22.0,0.0,6392.5,7230.6,8923.3,7207.2,6992.966666666667,7650.716666666667,7800.883333333332,0.17619084865076262,0.04323454323454334,7518.8
2021-02-01,EST008,Estate Kaltim 01,Kalimantan,2,1,0.8660254037844386,0.5000000000000001,3900,7,8.415897435897437,246.9,20.0,294.5,291.4,278.33333333333337,265.71666666666664,23.0,0.0,7518.8,7355.8,7667.2,7820.4,7089.033333333334,7416.633333333334,7826.849999999999,0.05075277969888803,0.010229655772083346,7900.4
2021-03-01,EST008,Estate Kaltim 01,Kalimantan,3,1,1.0,6.123233995736766e-17,3900,7,8.891794871794872,323.6,22.0,246.9,293.6,288.33333333333337,289.56666666666666,24.0,1.0,7900.4,6392.5,8334.9,7734.5,7270.566666666668,7455.5,7833.516666666667,-0.024327882132550216,-0.003400349085267318,7708.2
2021-04-01,EST008,Estate Kaltim 01,Kalimantan,4,2,0.8660254037844387,-0.4999999999999998,3900,7,8.956153846153846,240.7,13.0,323.6,294.5,270.40000000000003,281.78333333333336,22.0,0.0,7708.2,7518.8,7230.6,8455.4,7709.133333333334,7351.05,7831.325000000001,0.16900184219402714,0.06569766066655625,9010.9
2021-05-01,EST008,Estate Kaltim 01,Kalimantan,5,2,0.49999999999999994,-0.8660254037844387,3900,7,7.415897435897436,227.7,16.0,240.7,246.9,264.00000000000006,271.1666666666667,23.0,1.0,9010.9,7900.4,7355.8,8595.2,8206.5,7647.766666666667,7877.616666666666,-0.1816133793516741,-0.14203276247207752,7374.4
2021-06-01,EST008,Estate Kaltim 01,Kalimantan,6,2,1.2246467991473532e-16,-1.0,3900,7,11.335641025641026,230.6,16.0,227.7,323.6,233.00000000000003,260.6666666666667,25.0,0.0,7374.4,7708.2,6392.5,7893.6,8031.166666666667,7650.866666666666,7775.883333333334,0.2649707094814493,0.18176750785446427,9328.4
2021-07-01,EST008,Estate Kaltim 01,Kalimantan,7,3,-0.4999999999999997,-0.8660254037844388,3900,7,11.10897435897436,212.0,16.0,230.6,240.7,223.43333333333337,246.91666666666666,23.0,1.0,9328.4,9010.9,7518.8,8923.3,8571.233333333335,8140.183333333333,7895.45,0.06028900990523556,0.10842401353759268,9890.8
2021-08-01,EST008,Estate Kaltim 01,Kalimantan,8,3,-0.8660254037844384,-0.5000000000000004,3900,7,12.282820512820512,210.6,15.0,212.0,227.7,217.73333333333335,240.86666666666665,23.0,1.0,9890.8,7374.4,7900.4,7667.2,8864.533333333333,8535.516666666668,7976.075000000001,0.0520382577749019,0.35714472036727885,10405.5
2021-09-01,EST008,Estate Kaltim 01,Kalimantan,9,3,-1.0,-1.8369701987210297e-16,3900,7,11.935384615384615,205.2,13.0,210.6,230.6,209.26666666666668,221.13333333333333,22.0,2.0,10405.5,9328.4,7708.2,8334.9,9874.9,8953.033333333333,8204.266666666666,-0.1789822689923598,0.024979303890868554,8543.1
2021-10-01,EST008,Estate Kaltim 01,Kalimantan,10,4,-0.8660254037844386,0.5000000000000001,3900,7,9.015384615384615,261.8,16.0,205.2,212.0,225.8666666666667,224.64999999999998,26.0,0.0,8543.1,9890.8,9010.9,7230.6,9613.133333333333,9092.183333333332,8221.616666666667,-0.0006554997600403123,0.18074571958067098,8537.5
2021-11-01,EST008,Estate Kaltim 01,Kalimantan,11,4,-0.5000000000000004,0.8660254037844384,3900,7,12.590769230769231,322.1,21.0,261.8,210.6,263.03333333333336,240.38333333333333,26.0,0.0,8537.5,10405.5,7374.4,7355.8,9162.033333333335,9013.283333333333,8330.525,-0.0997598828696925,0.044862557437668205,7685.8
2021-12-01,EST008,Estate Kaltim 01,Kalimantan,12,4,-2.4492935982947064e-16,1.0,3900,7,8.415897435897437,328.6,21.0,322.1,205.2,304.1666666666667,256.71666666666664,26.0,2.0,7685.8,8543.1,9328.4,6392.5,8255.466666666667,9065.183333333332,8358.025,-0.02392724244711031,0.17354712553773943,7501.9
2022-01-01,EST008,Estate Kaltim 01,Kalimantan,1,1,0.49999999999999994,0.8660254037844387,3900,8,12.126410256410256,327.3,21.0,328.6,261.8,326.00000000000006,275.93333333333334,23.0,1.0,7501.9,8537.5,9890.8,7518.8,7908.400000000001,8760.766666666666,8450.475,-0.09300310587984373,-0.09504176198329528,6804.2
2022-02-01,EST008,Estate Kaltim 01,Kalimantan,2,1,0.8660254037844386,0.5000000000000001,3900,8,12.09897435897436,262.2,18.0,327.3,322.1,306.03333333333336,284.53333333333336,22.0,2.0,6804.2,7685.8,10405.5,7900.4,7330.633333333334,8246.333333333334,8390.925000000001,0.17349578201698956,0.010670345805275705,7984.7
2022-03-01,EST008,Estate Kaltim 01,Kalimantan,3,1,1.0,6.123233995736766e-17,3900,8,10.99,237.8,18.0,262.2,328.6,275.7666666666667,289.9666666666667,24.0,1.0,7984.7,7501.9,8543.1,7708.2,7430.266666666667,7842.866666666668,8397.949999999999,-0.05112277230202755,-0.01708570094185413,7576.5
2022-04-01,EST008,Estate Kaltim 01,Kalimantan,4,2,0.8660254037844387,-0.4999999999999998,3900,8,12.683076923076923,234.4,16.0,237.8,327.3,244.80000000000004,285.40000000000003,23.0,1.0,7576.5,6804.2,8537.5,9010.9,7455.133333333334,7681.766666666666,8386.975,0.01925691282254327,-0.14299348566735848,7722.4
2022-05-01,EST008,Estate Kaltim 01,Kalimantan,5,2,0.49999999999999994,-0.8660254037844387,3900,8,10.654615384615385,226.4,13.0,234.4,262.2,232.8666666666667,269.45,23.0,1.0,7722.4,7984.7,7685.8,7374.4,7761.200000000001,7545.916666666667,8279.6,0.14753185538174685,0.20168420481666316,8861.7
2022-06-01,EST008,Estate Kaltim 01,Kalimantan,6,2,1.2246467991473532e-16,-1.0,3900,8,9.16871794871795,239.9,17.0,226.4,237.8,233.56666666666672,254.66666666666666,22.0,2.0,8861.7,7576.5,7501.9,9328.4,8053.533333333334,7741.900000000001,8403.541666666666,0.002584154281909834,-0.047575146863341966,8884.6
2022-07-01,EST008,Estate Kaltim 01,Kalimantan,7,3,-0.4999999999999997,-0.8660254037844388,3900,8,8.941282051282052,157.7,12.0,239.9,234.4,208.00000000000003,226.39999999999998,25.0,1.0,8884.6,7722.4,6804.2,9890.8,8489.566666666668,7972.349999999999,8366.558333333332,-0.09612137856515768,-0.18807376551947252,8030.6
2022-08-01,EST008,Estate Kaltim 01,Kalimantan,8,3,-0.8660254037844384,-0.5000000000000004,3900,8,9.876153846153846,243.2,15.0,157.7,226.4,213.60000000000002,223.23333333333335,23.0,0.0,8030.6,8861.7,7984.7,10405.5,8592.300000000001,8176.75,8211.541666666666,0.15036236395786107,-0.11219066839652103,9238.1
2022-09-01,EST008,Estate Kaltim 01,Kalimantan,9,3,-1.0,-1.8369701987210297e-16,3900,8,8.241538461538461,221.0,15.0,243.2,239.9,207.30000000000004,220.4333333333333,25.0,0.0,9238.1,8884.6,7576.5,8543.1,8717.766666666668,8385.65,8114.258333333332,0.08851387190006599,0.17706687268087684,10055.8
2022-10-01,EST008,Estate Kaltim 01,Kalimantan,10,4,-0.8660254037844386,0.5000000000000001,3900,8,10.538461538461538,239.3,16.0,221.0,157.7,234.50000000000003,221.25,25.0,1.0,10055.8,8030.6,7722.4,8537.5,9108.16666666667,8798.866666666667,8240.316666666668,-0.20635851946140527,-0.06521815519765739,7980.7
2022-11-01,EST008,Estate Kaltim 01,Kalimantan,11,4,-0.5000000000000004,0.8660254037844384,3900,8,11.250769230769231,246.45,15.0,239.3,243.2,235.58333333333337,224.59166666666667,26.0,0.0,7980.7,9238.1,8861.7,7685.8,9091.533333333335,8841.916666666666,8193.916666666666,0.06385404789053584,0.10467355382653709,8490.3
2022-12-01,EST008,Estate Kaltim 01,Kalimantan,12,4,-2.4492935982947064e-16,1.0,3900,8,9.816923076923077,253.6,18.0,246.45,221.0,246.45000000000005,226.875,22.0,4.0,8490.3,10055.8,8884.6,7501.9,8842.266666666666,8780.016666666666,8260.958333333334,-0.20905032802138912,-0.10484010717284953,6715.4
2023-01-01,EST008,Estate Kaltim 01,Kalimantan,1,1,0.49999999999999994,0.8660254037844387,3900,9,12.017435897435897,308.1,20.0,253.6,239.3,269.3833333333334,251.9416666666667,25.0,0.0,6715.4,7980.7,8030.6,6804.2,7728.8,8418.483333333334,8195.416666666666,0.15549334365786116,0.14041327415419902,7759.6
2023-02-01,EST008,Estate Kaltim 01,Kalimantan,2,1,0.8660254037844386,0.5000000000000001,3900,9,11.981794871794872,276.8,19.0,308.1,246.45,279.50000000000006,257.5416666666667,22.0,3.0,7759.6,8490.3,9238.1,7984.7,7655.100000000001,8373.316666666668,8275.033333333333,-0.0146657044177535,-0.04244367352561773,7645.8
2023-03-01,EST008,Estate Kaltim 01,Kalimantan,3,1,1.0,6.123233995736766e-17,3900,9,11.817179487179487,230.3,14.0,276.8,253.6,271.7333333333334,259.09166666666664,26.0,1.0,7645.8,6715.4,10055.8,7576.5,7373.600000000001,8107.933333333333,8246.791666666666,0.09872086635800059,0.10877054048703227,8400.6
2023-04-01,EST008,Estate Kaltim 01,Kalimantan,4,2,0.8660254037844387,-0.4999999999999998,3900,9,11.714871794871796,205.1,13.0,230.3,308.1,237.40000000000006,253.39166666666668,22.0,0.0,8400.6,7759.6,7980.7,7722.4,7935.333333333336,7832.066666666667,8315.466666666667,0.1759636216460727,0.27923961462757685,9878.8
2023-05-01,EST008,Estate Kaltim 01,Kalimantan,5,2,0.49999999999999994,-0.8660254037844387,3900,9,9.605897435897436,216.6,16.0,205.1,276.8,217.33333333333337,248.41666666666666,23.0,0.0,9878.8,7645.8,8490.3,8861.7,8641.733333333335,8148.416666666667,8495.166666666666,-0.04007571769850582,0.07009941659049601,9482.9
2023-06-01,EST008,Estate Kaltim 01,Kalimantan,6,2,1.2246467991473532e-16,-1.0,3900,9,11.955384615384615,254.2,16.0,216.6,230.3,225.30000000000004,248.51666666666668,25.0,4.0,9482.9,8400.6,6715.4,8884.6,9254.1,8313.85,8546.933333333332,-0.07702285165930245,-0.0148684240145871,8752.5
2023-07-01,EST008,Estate Kaltim 01,Kalimantan,7,3,-0.4999999999999997,-0.8660254037844388,3900,9,11.171282051282052,193.5,15.0,254.2,205.1,221.43333333333337,229.41666666666666,22.0,0.0,8752.5,9878.8,7759.6,8030.6,9371.400000000001,8653.366666666667,8535.925000000001,0.0025821193944588483,0.0927078923119069,8775.1
2023-08-01,EST008,Estate Kaltim 01,Kalimantan,8,3,-0.8660254037844384,-0.5000000000000004,3900,9,8.109743589743589,167.4,11.0,193.5,216.6,205.0333333333334,211.1833333333333,24.0,0.0,8775.1,9482.9,7645.8,9238.1,9003.500000000002,8822.616666666667,8597.966666666665,-0.08938929470889223,-0.13502776544960549,7990.7
2023-09-01,EST008,Estate Kaltim 01,Kalimantan,9,3,-1.0,-1.8369701987210297e-16,3900,9,10.073076923076924,218.9,15.0,167.4,254.2,193.26666666666674,209.28333333333333,22.0,1.0,7990.7,8752.5,8400.6,10055.8,8506.100000000002,8880.1,8494.016666666666,0.2059894627504475,-0.04167743988543915,9636.7
2023-10-01,EST008,Estate Kaltim 01,Kalimantan,10,4,-0.8660254037844386,0.5000000000000001,3900,9,10.78897435897436,243.2,18.0,218.9,193.5,209.83333333333337,215.63333333333333,25.0,1.0,9636.7,8775.1,9878.8,7980.7,8800.833333333334,9086.116666666667,8459.091666666667,-0.17069121172185509,0.0013908554387460637,7991.8
2023-11-01,EST008,Estate Kaltim 01,Kalimantan,11,4,-0.5000000000000004,0.8660254037844384,3900,9,8.131794871794872,207.6,12.0,243.2,167.4,223.23333333333338,214.13333333333333,26.0,0.0,7991.8,7990.7,9482.9,8490.3,8539.733333333335,8771.616666666667,8460.016666666668,0.05105232863685272,-0.010659222877872354,8399.8
2023-12-01,EST008,Estate Kaltim 01,Kalimantan,12,4,-2.4492935982947064e-16,1.0,3900,9,10.107948717948718,293.6,17.0,207.6,218.9,248.13333333333335,220.69999999999996,26.0,0.0,8399.8,9636.7,8752.5,6715.4,8676.1,8591.1,8452.475,-0.08132336484201996,0.14910504214194242,7716.7
2024-01-01,EST008,Estate Kaltim 01,Kalimantan,1,1,0.49999999999999994,0.8660254037844387,3900,10,10.445897435897436,281.7,16.0,293.6,243.2,260.9666666666667,235.39999999999998,25.0,2.0,7716.7,7991.8,8775.1,7759.6,8036.100000000001,8418.466666666667,8535.916666666666,0.06759366050254645,0.06169132429506652,8238.3
2024-02-01,EST008,Estate Kaltim 01,Kalimantan,2,1,0.8660254037844386,0.5000000000000001,3900,10,9.467179487179488,292.4,21.0,281.7,207.6,289.23333333333335,256.23333333333335,23.0,2.0,8238.3,8399.8,7990.7,7645.8,8118.266666666667,8329.0,8575.808333333332,-0.03251884490732304,0.04245468100133398,7970.4
2024-03-01,EST008,Estate Kaltim 01,Kalimantan,3,1,1.0,6.123233995736766e-17,3900,10,10.545897435897436,308.7,20.0,292.4,293.6,294.2666666666667,271.2,23.0,0.0,7970.4,7716.7,9636.7,8400.6,7975.133333333334,8325.616666666667,8602.858333333334,0.014829870520927546,-0.03714020427112352,8088.6
2024-04-01,EST008,Estate Kaltim 01,Kalimantan,4,2,0.8660254037844387,-0.4999999999999998,3900,10,10.346153846153847,265.7,22.0,308.7,281.7,288.9333333333334,274.95,26.0,2.0,8088.6,8238.3,7991.8,9878.8,8099.100000000001,8067.600000000001,8576.858333333334,0.2338847266523254,0.010284649957484682,9980.4
2024-05-01,EST008,Estate Kaltim 01,Kalimantan,5,2,0.49999999999999994,-0.8660254037844387,3900,10,10.238461538461538,218.3,14.0,265.7,292.4,264.23333333333335,276.73333333333335,26.0,1.0,9980.4,7970.4,8399.8,9482.9,8679.800000000001,8399.033333333333,8585.325,-0.020860887339184675,0.030507545160235905,9772.2
2024-06-01,EST008,Estate Kaltim 01,Kalimantan,6,2,1.2246467991473532e-16,-1.0,3900,10,7.425641025641026,184.8,13.0,218.3,308.7,222.9333333333334,258.6,25.0,3.0,9772.2,8088.6,7716.7,8752.5,9280.400000000001,8627.766666666666,8609.433333333332,-0.0687972002210353,0.03969151670951154,9099.9
2024-07-01,EST008,Estate Kaltim 01,Kalimantan,7,3,-0.4999999999999997,-0.8660254037844388,3900,10,8.471282051282051,264.3,20.0,184.8,265.7,222.4666666666667,255.70000000000002,23.0,0.0,9099.9,9980.4,8238.3,8775.1,9617.500000000002,8858.300000000001,8638.383333333333,0.14621039791646062,0.18863602693986392,10430.4
2024-08-01,EST008,Estate Kaltim 01,Kalimantan,8,3,-0.8660254037844384,-0.5000000000000004,3900,10,9.206153846153846,244.8,17.0,264.3,218.3,231.30000000000004,247.76666666666665,26.0,0.0,10430.4,9772.2,7970.4,7990.7,9767.500000000002,9223.65,8776.325,0.025051771744132534,0.3380179458620647,10691.7
2024-09-01,EST008,Estate Kaltim 01,Kalimantan,9,3,-1.0,-1.8369701987210297e-16,3900,10,11.65,225.3,18.0,244.8,184.8,244.80000000000004,233.8666666666667,23.0,0.0,10691.7,9099.9,8088.6,9636.7,10074.0,9677.2,9001.408333333335,-0.010232236220619861,0.09812487677316906,10582.3
2024-10-01,EST008,Estate Kaltim 01,Kalimantan,10,4,-0.8660254037844386,0.5000000000000001,3900,10,9.505641025641026,249.4,18.0,225.3,264.3,239.83333333333337,231.15,26.0,0.0,10582.3,10430.4,9980.4,7991.8,10568.133333333333,10092.816666666668,9080.208333333334,-0.07350953951409422,0.22680747766460607,9804.4
2024-11-01,EST008,Estate Kaltim 01,Kalimantan,11,4,-0.5000000000000004,0.8660254037844384,3900,10,9.85923076923077,280.0,20.0,249.4,244.8,251.5666666666667,241.4333333333333,22.0,2.0,9804.4,10691.7,9772.2,8399.8,10359.466666666667,10063.483333333334,9231.258333333333,-0.1502488678552487,-0.008154956070382635,8331.3
2024-12-01,EST008,Estate Kaltim 01,Kalimantan,12,4,-2.4492935982947064e-16,1.0,3900,10,8.267435897435897,291.4,20.0,280.0,225.3,273.6000000000001,259.2,24.0,1.0,8331.3,10582.3,9099.9,7716.7,9572.666666666668,9823.333333333334,9225.550000000001,0.04155413920996742,0.12450918138582567,8677.5
2025-01-01,EST008,Estate Kaltim 01,Kalimantan,1,1,0.49999999999999994,0.8660254037844387,3900,11,9.015641025641026,273.2,19.0,291.4,249.4,281.53333333333336,260.68333333333334,22.0,0.0,8677.5,9804.4,10430.4,8238.3,8937.733333333335,9752.933333333334,9305.616666666667,0.027530970901757268,0.08231067089083921,8916.4
2025-02-01,EST008,Estate Kaltim 01,Kalimantan,2,1,0.8660254037844386,0.5000000000000001,3900,11,11.983589743589743,261.3,17.0,273.2,280.0,275.3,263.43333333333334,26.0,0.0,8916.4,8331.3,10691.7,7970.4,8641.733333333335,9500.6,9362.125,0.0029271903458796267,0.12196376593395564,8942.5
2025-03-01,EST008,Estate Kaltim 01,Kalimantan,3,1,1.0,6.123233995736766e-17,3900,11,10.086153846153847,261.7,16.0,261.3,291.4,265.40000000000003,269.49999999999994,24.0,1.0,8942.5,8677.5,10582.3,8088.6,8845.466666666667,9209.066666666666,9443.133333333333,0.07003634330444508,0.18299829389511157,9568.8
2025-04-01,EST008,Estate Kaltim 01,Kalimantan,4,2,0.8660254037844387,-0.4999999999999998,3900,11,7.194615384615385,223.9,15.0,261.7,273.2,248.96666666666667,265.25,24.0,1.0,9568.8,8916.4,9804.4,9980.4,9142.566666666668,9040.15,9566.483333333334,-0.06685268790234922,-0.1053364594605426,8929.1
2025-05-01,EST008,Estate Kaltim 01,Kalimantan,5,2,0.49999999999999994,-0.8660254037844387,3900,11,9.495641025641026,207.2,14.0,223.9,261.3,230.93333333333337,253.11666666666667,26.0,1.0,8929.1,8942.5,8331.3,9772.2,9146.800000000001,8894.266666666666,9478.875,0.15005991645294592,0.0508380917296003,10269.0
2025-06-01,EST008,Estate Kaltim 01,Kalimantan,6,2,1.2246467991473532e-16,-1.0,3900,11,8.34051282051282,215.2,14.0,207.2,261.7,215.43333333333337,240.41666666666666,26.0,0.0,10269.0,9568.8,8677.5,9099.9,9588.966666666667,9217.216666666667,9520.275,0.03530528775927544,0.1683150364289716,10631.55
2025-07-01,EST008,Estate Kaltim 01,Kalimantan,7,3,-0.4999999999999997,-0.8660254037844388,3900,11,10.51923076923077,193.6,14.0,215.2,223.9,205.33333333333334,227.15,23.0,0.0,10631.55,8929.1,8916.4,10430.4,9943.216666666669,9542.891666666668,9647.9125,0.03410133047391972,0.054043948458352586,10994.1
2025-08-01,EST008,Estate Kaltim 01,Kalimantan,8,3,-0.8660254037844384,-0.5000000000000004,3900,11,10.403076923076924,242.6,18.0,193.6,207.2,217.13333333333333,224.0333333333333,26.0,1.0,10994.1,10269.0,8942.5,10691.7,10631.550000000001,9889.175000000001,9694.887499999999,-0.044824041986156304,-0.017808206365685697,10501.3
2025-09-01,EST008,Estate Kaltim 01,Kalimantan,9,3,-1.0,-1.8369701987210297e-16,3900,11,8.29974358974359,158.7,11.0,242.6,215.2,198.30000000000004,206.86666666666667,25.0,2.0,10501.3,10631.55,9568.8,10582.3,10708.983333333335,10148.975,9679.020833333334,-0.239227524211288,-0.24505069786341338,7989.1
2025-10-01,EST008,Estate Kaltim 01,Kalimantan,10,4,-0.8660254037844386,0.5000000000000001,3900,11,9.683846153846154,277.3,21.0,158.7,193.6,226.20000000000002,215.76666666666665,26.0,1.0,7989.1,10994.1,8929.1,9804.4,9828.166666666668,9885.691666666666,9462.920833333332,0.22912468237974237,0.001550324344172127,9819.6
2025-11-01,EST008,Estate Kaltim 01,Kalimantan,11,4,-0.5000000000000004,0.8660254037844384,3900,11,8.694615384615384,306.2,19.0,277.3,242.6,247.4,232.26666666666665,25.0,0.0,9819.6,10501.3,10269.0,8331.3,9436.666666666666,10034.108333333334,9464.1875,-0.10910831398427634,0.05004020981119406,8748.2
2025-12-01,EST008,Estate Kaltim 01,Kalimantan,12,4,-2.4492935982947064e-16,1.0,3900,11,11.451282051282051,243.2,16.0,306.2,158.7,275.56666666666666,236.9333333333333,26.0,1.0,8748.2,7989.1,10631.55,8677.5,8852.300000000003,9780.641666666666,9498.929166666667,0.0209643126586041,0.029282627484874757,8931.6
2020-01-01,EST009,Estate Sulawesi 01,Sulawesi,1,1,0.49999999999999994,0.8660254037844387,3600,9,9.7625,187.9,12.0,236.4,161.8,206.73333333333335,192.20000000000002,23.0,2.0,5862.8,5654.1,5937.9,6082.2,6334.933333333333,6571.349999999999,6470.091666666667,-0.0008698915194106371,-0.03691098615632504,5857.7
2020-02-01,EST009,Estate Sulawesi 01,Sulawesi,2,1,0.8660254037844386,0.5000000000000001,3600,9,9.336944444444445,226.8,17.0,187.9,195.9,217.03333333333333,199.63333333333333,25.0,1.0,5857.7,7487.9,7083.7,7076.5,6402.8,6557.983333333333,6451.383333333334,0.06748382470935699,-0.11637108740196422,6253.0
2020-03-01,EST009,Estate Sulawesi 01,Sulawesi,3,1,1.0,6.123233995736766e-17,3600,9,10.950833333333334,193.5,16.0,226.8,236.4,202.73333333333335,200.38333333333333,25.0,1.0,6253.0,5862.8,7401.7,5564.9,5991.166666666667,6419.533333333333,6382.758333333334,0.09528226451303379,0.23071393915434246,6848.8
2020-04-01,EST009,Estate Sulawesi 01,Sulawesi,4,2,0.8660254037844387,-0.4999999999999998,3600,9,9.031944444444445,171.1,14.0,193.5,187.9,197.13333333333333,201.93333333333337,22.0,0.0,6848.8,5857.7,5654.1,5770.9,6319.833333333333,6327.383333333334,6489.75,-0.10750788459292138,0.05919354000242594,6112.5
2020-05-01,EST009,Estate Sulawesi 01,Sulawesi,5,2,0.49999999999999994,-0.8660254037844387,3600,9,8.509166666666667,188.8,12.0,171.1,226.8,184.46666666666667,200.75,26.0,1.0,6112.5,6253.0,7487.9,6553.9,6404.766666666666,6403.783333333333,6518.216666666667,0.20801635991820033,0.12665741009170128,7384.0
2020-06-01,EST009,Estate Sulawesi 01,Sulawesi,6,2,1.2246467991473532e-16,-1.0,3600,9,11.803888888888888,172.6,10.0,188.8,193.5,177.5,190.11666666666667,23.0,1.0,7384.0,6848.8,5862.8,7164.6,6781.766666666666,6386.466666666667,6587.391666666667,-0.12795232936078005,-0.10124780169165071,6439.2
2020-07-01,EST009,Estate Sulawesi 01,Sulawesi,7,3,-0.4999999999999997,-0.8660254037844388,3600,9,8.7075,143.0,10.0,172.6,171.1,168.13333333333333,182.63333333333333,22.0,2.0,6439.2,6112.5,5857.7,5937.9,6645.233333333334,6482.533333333333,6526.941666666667,-0.05840787675487635,0.021084895333367104,6063.1
2020-08-01,EST009,Estate Sulawesi 01,Sulawesi,8,3,-0.8660254037844384,-0.5000000000000004,3600,9,8.99638888888889,184.8,10.0,143.0,188.8,166.8,175.63333333333335,26.0,1.0,6063.1,7384.0,6253.0,7083.7,6628.766666666666,6516.766666666667,6537.375,0.11525457274331607,-0.045428236655984944,6761.9
2020-09-01,EST009,Estate Sulawesi 01,Sulawesi,9,3,-1.0,-1.8369701987210297e-16,3600,9,9.398333333333333,144.0,10.0,184.8,172.6,157.26666666666668,167.38333333333335,23.0,0.0,6761.9,6439.2,6848.8,7401.7,6421.400000000001,6601.583333333333,6510.558333333333,-0.17719871633712414,-0.24832133158598702,5563.7
2020-10-01,EST009,Estate Sulawesi 01,Sulawesi,10,4,-0.8660254037844386,0.5000000000000001,3600,9,8.018611111111111,205.4,13.0,144.0,143.0,178.0666666666667,173.10000000000002,25.0,2.0,5563.7,6063.1,6112.5,5654.1,6129.566666666666,6387.400000000001,6357.391666666666,0.13169293815266814,0.1135989812702285,6296.4
2020-11-01,EST009,Estate Sulawesi 01,Sulawesi,11,4,-0.5000000000000004,0.8660254037844384,3600,9,8.317222222222222,223.8,14.0,205.4,184.8,191.0666666666667,178.9333333333333,23.0,1.0,6296.4,6761.9,7384.0,7487.9,6207.333333333333,6418.05,6410.916666666667,-0.0037640556508480305,-0.16228849210058893,6272.7
2020-12-01,EST009,Estate Sulawesi 01,Sulawesi,12,4,-2.4492935982947064e-16,1.0,3600,9,9.221666666666666,216.5,12.0,223.8,144.0,215.23333333333335,186.25,24.0,1.0,6272.7,5563.7,6439.2,5862.8,6044.266666666666,6232.833333333333,6309.649999999999,-0.04750745293095482,0.019086443337654302,5974.7
2021-01-01,EST009,Estate Sulawesi 01,Sulawesi,1,1,0.49999999999999994,0.8660254037844387,3600,10,10.680555555555555,226.7,16.0,216.5,205.4,222.33333333333334,200.20000000000002,23.0,2.0,5974.7,6296.4,6063.1,5857.7,6181.266666666666,6155.416666666667,6318.975000000001,0.2736036955830419,0.2990422862215545,7609.4
2021-02-01,EST009,Estate Sulawesi 01,Sulawesi,2,1,0.8660254037844386,0.5000000000000001,3600,10,8.806111111111111,177.7,11.0,226.7,223.8,206.96666666666667,199.01666666666665,24.0,2.0,7609.4,6272.7,6761.9,6253.0,6618.933333333333,6413.133333333334,6464.95,-0.10600047309906158,0.08792579561810343,6802.8
2021-03-01,EST009,Estate Sulawesi 01,Sulawesi,3,1,1.0,6.123233995736766e-17,3600,10,11.631666666666666,222.6,13.0,177.7,216.5,209.0,212.11666666666667,23.0,0.0,6802.8,5974.7,5563.7,6848.8,6795.633333333332,6419.95,6510.766666666666,0.21710178161933325,0.20892711131877117,8279.7
2021-04-01,EST009,Estate Sulawesi 01,Sulawesi,4,2,0.8660254037844387,-0.4999999999999998,3600,10,9.921944444444444,175.9,7.0,222.6,226.7,192.0666666666667,207.19999999999996,24.0,2.0,8279.7,7609.4,6296.4,6112.5,7563.966666666667,6872.616666666666,6630.008333333332,-0.2372308175416984,0.033210633946830326,6315.5
2021-05-01,EST009,Estate Sulawesi 01,Sulawesi,5,2,0.49999999999999994,-0.8660254037844387,3600,10,10.591944444444444,157.9,10.0,175.9,177.7,185.46666666666667,196.21666666666667,25.0,4.0,6315.5,6802.8,6272.7,7384.0,7132.666666666667,6875.8,6646.925,0.04012350566067613,-0.11038732394366202,6568.9
2021-06-01,EST009,Estate Sulawesi 01,Sulawesi,6,2,1.2246467991473532e-16,-1.0,3600,10,9.878333333333334,187.7,15.0,157.9,222.6,173.83333333333334,191.41666666666666,26.0,3.0,6568.9,8279.7,5974.7,6439.2,7054.7,6925.166666666667,6579.0,0.21437379165461512,0.23883401664803094,7977.1
2021-07-01,EST009,Estate Sulawesi 01,Sulawesi,7,3,-0.4999999999999997,-0.8660254037844388,3600,10,9.787222222222223,134.4,11.0,187.7,175.9,160.0,176.03333333333333,24.0,0.0,7977.1,6315.5,7609.4,6063.1,6953.833333333333,7258.899999999999,6707.158333333333,-0.03026162389840925,0.27586548135442257,7735.7
2021-08-01,EST009,Estate Sulawesi 01,Sulawesi,8,3,-0.8660254037844384,-0.5000000000000004,3600,10,11.147777777777778,120.6,7.0,134.4,157.9,147.56666666666666,166.51666666666665,24.0,2.0,7735.7,6568.9,6802.8,6761.9,7427.233333333334,7279.950000000001,6846.541666666667,-0.03978954716444538,0.09849302710776553,7427.9
2021-09-01,EST009,Estate Sulawesi 01,Sulawesi,9,3,-1.0,-1.8369701987210297e-16,3600,10,8.581111111111111,132.1,8.0,120.6,187.7,129.03333333333333,151.43333333333334,25.0,1.0,7427.9,7977.1,8279.7,5563.7,7713.566666666667,7384.133333333334,6902.041666666667,-0.07272580406305951,0.23797113431709116,6887.7
2021-10-01,EST009,Estate Sulawesi 01,Sulawesi,10,4,-0.8660254037844386,0.5000000000000001,3600,10,9.226111111111111,205.2,14.0,132.1,134.4,152.63333333333333,156.31666666666666,24.0,1.0,6887.7,7735.7,6315.5,6296.4,7350.433333333333,7152.133333333334,7012.375,0.10196437127052582,0.20545073375262057,7590.0
2021-11-01,EST009,Estate Sulawesi 01,Sulawesi,11,4,-0.5000000000000004,0.8660254037844384,3600,10,11.76,177.0,10.0,205.2,120.6,171.4333333333333,159.5,22.0,1.0,7590.0,7427.9,6568.9,6272.7,7301.866666666666,7364.55,7120.175,-0.13632411067193673,0.04505236979291216,6555.3
2021-12-01,EST009,Estate Sulawesi 01,Sulawesi,12,4,-2.4492935982947064e-16,1.0,3600,10,11.589722222222223,268.1,18.0,177.0,132.1,216.76666666666665,172.9,25.0,3.0,6555.3,6887.7,7977.1,5974.7,7011.0,7362.283333333334,7143.725000000001,0.09465623236160048,0.2010310141094951,7175.8
2022-01-01,EST009,Estate Sulawesi 01,Sulawesi,1,1,0.49999999999999994,0.8660254037844387,3600,11,11.516111111111112,166.5,12.0,268.1,205.2,203.86666666666667,178.25,22.0,0.0,7175.8,7590.0,7735.7,7609.4,7107.033333333333,7228.733333333334,7243.816666666666,-0.025112182613785228,-0.08066339001760969,6995.6
2022-02-01,EST009,Estate Sulawesi 01,Sulawesi,2,1,0.8660254037844386,0.5000000000000001,3600,11,9.421666666666667,251.4,19.0,166.5,177.0,228.66666666666666,200.05000000000004,25.0,1.0,6995.6,6555.3,7427.9,6802.8,6908.900000000001,7105.383333333334,7192.666666666667,0.024286694493681704,0.0533162815311341,7165.5
2022-03-01,EST009,Estate Sulawesi 01,Sulawesi,3,1,1.0,6.123233995736766e-17,3600,11,10.279444444444444,204.8,14.0,251.4,268.1,207.5666666666667,212.16666666666666,24.0,4.0,7165.5,7175.8,6887.7,8279.7,7112.3,7061.649999999999,7222.891666666666,0.0815993301235085,-0.06395159244900184,7750.2
2022-04-01,EST009,Estate Sulawesi 01,Sulawesi,4,2,0.8660254037844387,-0.4999999999999998,3600,11,10.064722222222223,178.1,12.0,204.8,166.5,211.4333333333333,207.65,22.0,1.0,7750.2,6995.6,7590.0,6315.5,7303.766666666666,7205.400000000001,7178.766666666666,-0.1262806121132357,0.07220330931834384,6771.5
2022-05-01,EST009,Estate Sulawesi 01,Sulawesi,5,2,0.49999999999999994,-0.8660254037844387,3600,11,10.866666666666667,157.4,9.0,178.1,251.4,180.10000000000002,204.38333333333335,24.0,2.0,6771.5,7165.5,6555.3,6568.9,7229.066666666667,7068.983333333334,7216.766666666666,-0.03141106106475666,-0.0015375481435246918,6558.8
2022-06-01,EST009,Estate Sulawesi 01,Sulawesi,6,2,1.2246467991473532e-16,-1.0,3600,11,8.826944444444445,171.5,10.0,157.4,204.8,169.0,188.28333333333333,25.0,2.0,6558.8,7750.2,7175.8,7977.1,7026.833333333333,7069.566666666666,7215.925,0.14978349698115512,-0.054643918215893095,7541.2
2022-07-01,EST009,Estate Sulawesi 01,Sulawesi,7,3,-0.4999999999999997,-0.8660254037844388,3600,11,10.481388888888889,151.1,10.0,171.5,178.1,160.0,185.71666666666667,24.0,0.0,7541.2,6771.5,6995.6,7735.7,6957.166666666667,7130.466666666667,7179.599999999999,0.017291677717074183,-0.008286257223004911,7671.6
2022-08-01,EST009,Estate Sulawesi 01,Sulawesi,8,3,-0.8660254037844384,-0.5000000000000004,3600,11,9.0475,183.4,13.0,151.1,157.4,168.66666666666666,174.38333333333333,22.0,2.0,7671.6,6558.8,7165.5,7427.9,7257.2,7243.133333333332,7174.258333333334,0.11863235830856667,0.15533327050714218,8581.7
2022-09-01,EST009,Estate Sulawesi 01,Sulawesi,9,3,-1.0,-1.8369701987210297e-16,3600,11,8.734444444444444,173.9,13.0,183.4,171.5,169.46666666666667,169.23333333333332,22.0,3.0,8581.7,7541.2,7750.2,6887.7,7931.5,7479.166666666667,7270.408333333333,-0.3074332591444586,-0.13709946716610777,5943.4
2022-10-01,EST009,Estate Sulawesi 01,Sulawesi,10,4,-0.8660254037844386,0.5000000000000001,3600,11,12.392222222222221,193.8,12.0,173.9,151.1,183.70000000000002,171.85,24.0,0.0,5943.4,7671.6,6771.5,7590.0,7398.899999999999,7178.033333333333,7191.716666666666,0.485732072551065,0.16341238471673236,8830.3
2022-11-01,EST009,Estate Sulawesi 01,Sulawesi,11,4,-0.5000000000000004,0.8660254037844384,3600,11,8.9175,199.9,16.0,193.8,183.4,189.20000000000002,178.9333333333333,23.0,2.0,8830.3,8581.7,6558.8,6555.3,7785.133333333334,7521.166666666667,7295.075,-0.1525995719284735,0.14148856650344,7482.8
2022-12-01,EST009,Estate Sulawesi 01,Sulawesi,12,4,-2.4492935982947064e-16,1.0,3600,11,8.960555555555555,222.8,14.0,199.9,173.9,205.5,187.48333333333335,25.0,2.0,7482.8,5943.4,7541.2,7175.8,7418.833333333333,7675.166666666665,7372.366666666666,-0.1330651627732934,-0.09597536163215248,6487.1
2023-01-01,EST009,Estate Sulawesi 01,Sulawesi,1,1,0.49999999999999994,0.8660254037844387,3600,12,7.972777777777778,226.2,15.0,222.8,193.8,216.29999999999998,200.0,25.0,2.0,6487.1,8830.3,7671.6,6995.6,7600.066666666667,7499.483333333334,7314.975000000001,-0.07957330702471066,-0.14647778603693762,5970.9
2023-02-01,EST009,Estate Sulawesi 01,Sulawesi,2,1,0.8660254037844386,0.5000000000000001,3600,12,12.8325,166.2,10.0,226.2,199.9,205.0666666666667,197.13333333333333,24.0,2.0,5970.9,7482.8,8581.7,7165.5,6646.933333333333,7216.033333333333,7229.583333333333,0.2096836322832405,0.008010606377782281,7222.9
2023-03-01,EST009,Estate Sulawesi 01,Sulawesi,3,1,1.0,6.123233995736766e-17,3600,12,10.41638888888889,165.8,7.0,166.2,222.8,186.06666666666663,195.78333333333333,23.0,0.0,7222.9,6487.1,5943.4,7750.2,6560.3,6989.566666666667,7234.366666666666,-0.05402262249235068,-0.11838404170214967,6832.7
2023-04-01,EST009,Estate Sulawesi 01,Sulawesi,4,2,0.8660254037844387,-0.4999999999999998,3600,12,10.895694444444445,199.1,15.0,165.8,226.2,177.03333333333333,196.66666666666666,22.0,1.0,6832.7,5970.9,8830.3,6771.5,6675.5,7137.783333333333,7157.908333333333,0.1397544162629707,0.1500553791626671,7787.6
2023-05-01,EST009,Estate Sulawesi 01,Sulawesi,5,2,0.49999999999999994,-0.8660254037844387,3600,12,11.375,175.3,13.0,199.1,166.2,180.0666666666667,192.5666666666667,26.0,2.0,7787.6,7222.9,7482.8,6558.8,7281.066666666667,6964.0,7242.583333333333,-0.15498998407725095,0.00332377874001355,6580.6
2023-06-01,EST009,Estate Sulawesi 01,Sulawesi,6,2,1.2246467991473532e-16,-1.0,3600,12,11.202222222222222,156.9,10.0,175.3,165.8,177.10000000000002,181.58333333333334,26.0,1.0,6580.6,6832.7,6487.1,7541.2,7066.966666666667,6813.633333333334,7244.400000000001,0.1792693675348751,0.02905373150161772,7760.3
2023-07-01,EST009,Estate Sulawesi 01,Sulawesi,7,3,-0.4999999999999997,-0.8660254037844388,3600,12,9.88861111111111,152.5,10.0,156.9,199.1,161.5666666666667,169.29999999999998,24.0,1.0,7760.3,7787.6,5970.9,7671.6,7376.166666666667,7025.833333333333,7262.658333333334,-0.006520366480677331,0.004966369466604004,7709.7
2023-08-01,EST009,Estate Sulawesi 01,Sulawesi,8,3,-0.8660254037844384,-0.5000000000000004,3600,12,10.85,164.5,12.0,152.5,175.3,157.96666666666667,169.01666666666668,23.0,1.0,7709.7,6580.6,7222.9,8581.7,7350.2,7315.633333333334,7265.833333333333,0.020376927766320385,-0.08330517263479265,7866.8
2023-09-01,EST009,Estate Sulawesi 01,Sulawesi,9,3,-1.0,-1.8369701987210297e-16,3600,12,9.994166666666667,157.5,8.0,164.5,156.9,158.16666666666666,167.63333333333333,23.0,1.0,7866.8,7760.3,6832.7,5943.4,7778.933333333333,7422.950000000001,7206.258333333334,-0.15819647124625003,0.11422754652219269,6622.3
2023-10-01,EST009,Estate Sulawesi 01,Sulawesi,10,4,-0.8660254037844386,0.5000000000000001,3600,12,10.025555555555556,170.5,11.0,157.5,152.5,164.16666666666666,162.86666666666667,25.0,2.0,6622.3,7709.7,7787.6,8830.3,7399.600000000001,7387.883333333332,7262.833333333333,-0.07808465336816517,-0.30860786156755715,6105.2
2023-11-01,EST009,Estate Sulawesi 01,Sulawesi,11,4,-0.5000000000000004,0.8660254037844384,3600,12,8.526388888888889,213.9,15.0,170.5,164.5,180.63333333333335,169.29999999999998,22.0,0.0,6105.2,7866.8,6580.6,7482.8,6864.766666666666,7107.483333333334,7035.741666666668,0.276338203498657,0.041361522424760766,7792.3
2023-12-01,EST009,Estate Sulawesi 01,Sulawesi,12,4,-2.4492935982947064e-16,1.0,3600,12,11.681944444444444,199.7,11.0,213.9,157.5,194.70000000000002,176.4333333333333,23.0,3.0,7792.3,6622.3,7760.3,6487.1,6839.933333333334,7309.433333333333,7061.533333333333,-0.04273449430848397,0.14986665844522196,7459.3
2024-01-01,EST009,Estate Sulawesi 01,Sulawesi,1,1,0.49999999999999994,0.8660254037844387,3600,13,10.127777777777778,228.7,16.0,199.7,170.5,214.1,189.13333333333333,26.0,0.0,7459.3,6105.2,7709.7,5970.9,7118.933333333333,7259.266666666666,7142.549999999999,-0.06845146327403384,0.1637609070659365,6948.7
2024-02-01,EST009,Estate Sulawesi 01,Sulawesi,2,1,0.8660254037844386,0.5000000000000001,3600,13,9.44111111111111,166.4,9.0,228.7,213.9,198.26666666666665,189.45000000000002,22.0,2.0,6948.7,7792.3,7866.8,7222.9,7400.099999999999,7132.433333333333,7224.033333333333,-0.027760588311482648,-0.06466931564883904,6755.8
2024-03-01,EST009,Estate Sulawesi 01,Sulawesi,3,1,1.0,6.123233995736766e-17,3600,13,8.754444444444445,225.2,16.0,166.4,199.7,206.76666666666665,200.73333333333335,22.0,1.0,6755.8,7459.3,6622.3,6832.7,7054.599999999999,6947.266666666666,7185.108333333334,0.17072737499629942,0.15755118767105247,7909.2
2024-04-01,EST009,Estate Sulawesi 01,Sulawesi,4,2,0.8660254037844387,-0.4999999999999998,3600,13,8.20888888888889,192.3,13.0,225.2,228.7,194.63333333333333,204.36666666666667,24.0,0.0,7909.2,6948.7,6105.2,7787.6,7204.566666666667,7161.75,7274.816666666667,0.11135133768269867,0.12870460732446443,8789.9
2024-05-01,EST009,Estate Sulawesi 01,Sulawesi,5,2,0.49999999999999994,-0.8660254037844387,3600,13,7.737777777777778,177.4,9.0,192.3,166.4,198.30000000000004,198.2833333333333,23.0,2.0,8789.9,6755.8,7792.3,6580.6,7818.3,7609.2,7358.341666666667,-0.27190297955608145,-0.027459502173054262,6399.9
2024-06-01,EST009,Estate Sulawesi 01,Sulawesi,6,2,1.2246467991473532e-16,-1.0,3600,13,11.4825,186.1,14.0,177.4,225.2,185.26666666666665,196.01666666666665,24.0,0.0,6399.9,7909.2,7459.3,7760.3,7699.666666666667,7377.133333333334,7343.283333333333,0.262535352114877,0.04120974704586167,8080.1
2024-07-01,EST009,Estate Sulawesi 01,Sulawesi,7,3,-0.4999999999999997,-0.8660254037844388,3600,13,7.9622222222222225,193.6,12.0,186.1,192.3,185.70000000000002,190.16666666666666,23.0,0.0,8080.1,8789.9,6948.7,7709.7,7756.633333333334,7480.599999999999,7369.933333333333,0.009071669905075241,0.057550877466049144,8153.4
2024-08-01,EST009,Estate Sulawesi 01,Sulawesi,8,3,-0.8660254037844384,-0.5000000000000004,3600,13,9.869166666666667,181.2,11.0,193.6,177.4,186.96666666666667,192.63333333333333,25.0,2.0,8153.4,6399.9,6755.8,7866.8,7544.466666666667,7681.383333333334,7406.908333333333,0.09079647754311093,0.13053592311994722,8893.7
2024-09-01,EST009,Estate Sulawesi 01,Sulawesi,9,3,-1.0,-1.8369701987210297e-16,3600,13,9.654166666666667,125.0,9.0,181.2,186.1,166.6,175.9333333333333,24.0,0.0,8893.7,8080.1,7909.2,6622.3,8375.733333333334,8037.7,7492.483333333333,-0.2155570797305958,0.05350104948431822,6976.6
2024-10-01,EST009,Estate Sulawesi 01,Sulawesi,10,4,-0.8660254037844386,0.5000000000000001,3600,13,8.744166666666667,158.0,12.0,125.0,193.6,154.73333333333332,170.21666666666667,24.0,1.0,6976.6,8153.4,8789.9,6105.2,8007.899999999999,7882.266666666667,7522.008333333334,-0.0468423014075624,0.08920264692393376,6649.8
2024-11-01,EST009,Estate Sulawesi 01,Sulawesi,11,4,-0.5000000000000004,0.8660254037844384,3600,13,12.511666666666667,193.4,11.0,158.0,181.2,158.79999999999998,172.88333333333333,26.0,0.0,6649.8,8893.7,6399.9,7792.3,7506.700000000001,7525.583333333333,7567.391666666666,0.18131372372101406,0.008110570691580055,7855.5
2024-12-01,EST009,Estate Sulawesi 01,Sulawesi,12,4,-2.4492935982947064e-16,1.0,3600,13,9.164444444444445,224.9,15.0,193.4,125.0,192.1,179.35,24.0,1.0,7855.5,6976.6,8080.1,7459.3,7160.633333333334,7768.183333333333,7572.658333333334,-0.2165616447075297,-0.1749493920341051,6154.3
2025-01-01,EST009,Estate Sulawesi 01,Sulawesi,1,1,0.49999999999999994,0.8660254037844387,3600,14,9.157222222222222,231.4,16.0,224.9,158.0,216.5666666666667,185.65,23.0,0.0,6154.3,6649.8,8153.4,6948.7,6886.533333333333,7447.216666666667,7463.908333333334,0.32773832929821434,0.1759465799358153,8171.3
2025-02-01,EST009,Estate Sulawesi 01,Sulawesi,2,1,0.8660254037844386,0.5000000000000001,3600,14,9.483055555555556,190.9,14.0,231.4,193.4,215.73333333333335,187.26666666666665,26.0,3.0,8171.3,7855.5,8893.7,6755.8,7393.700000000001,7450.2,7565.791666666667,-0.16764774270923855,0.006749755765416365,6801.4
2025-03-01,EST009,Estate Sulawesi 01,Sulawesi,3,1,1.0,6.123233995736766e-17,3600,14,8.606388888888889,204.2,14.0,190.9,224.9,208.83333333333334,200.46666666666667,24.0,0.0,6801.4,6154.3,6976.6,7909.2,7042.333333333333,7101.483333333334,7569.591666666667,0.22055753227276753,0.049600465280938755,8301.5
2025-04-01,EST009,Estate Sulawesi 01,Sulawesi,4,2,0.8660254037844387,-0.4999999999999998,3600,14,8.348333333333333,161.6,10.0,204.2,231.4,185.5666666666667,201.0666666666667,24.0,0.0,8301.5,8171.3,6649.8,8789.9,7758.066666666666,7322.3,7602.283333333334,-0.12409805456845147,-0.17276647060831174,7271.3
2025-05-01,EST009,Estate Sulawesi 01,Sulawesi,5,2,0.49999999999999994,-0.8660254037844387,3600,14,11.817777777777778,155.7,9.0,161.6,190.9,173.83333333333334,194.78333333333333,25.0,3.0,7271.3,6801.4,7855.5,6399.9,7458.066666666667,7425.883333333334,7475.733333333334,0.056289796872636355,0.20011250175784,7680.6
2025-06-01,EST009,Estate Sulawesi 01,Sulawesi,6,2,1.2246467991473532e-16,-1.0,3600,14,12.502777777777778,126.3,9.0,155.7,204.2,147.86666666666665,178.35,24.0,1.0,7680.6,8301.5,6154.3,8080.1,7751.133333333332,7396.733333333334,7582.458333333333,0.049306043798661436,-0.00257422556651532,8059.3
2025-07-01,EST009,Estate Sulawesi 01,Sulawesi,7,3,-0.4999999999999997,-0.8660254037844388,3600,14,8.5725,128.9,7.0,126.3,161.6,136.96666666666667,161.26666666666665,22.0,3.0,8059.3,7271.3,8171.3,8153.4,7670.399999999999,7714.233333333333,7580.724999999999,-0.09276239871949177,-0.10323300708906713,7311.7
2025-08-01,EST009,Estate Sulawesi 01,Sulawesi,8,3,-0.8660254037844384,-0.5000000000000004,3600,14,10.844722222222222,122.0,5.0,128.9,155.7,125.73333333333335,149.78333333333333,26.0,2.0,7311.7,7680.6,6801.4,8893.7,7683.866666666666,7570.966666666667,7510.583333333333,-0.03309763803219501,-0.2050889955811418,7069.7
2025-09-01,EST009,Estate Sulawesi 01,Sulawesi,9,3,-1.0,-1.8369701987210297e-16,3600,14,10.258333333333333,146.6,10.0,122.0,126.3,132.5,140.1833333333333,22.0,0.0,7069.7,8059.3,8301.5,6976.6,7480.233333333333,7615.683333333333,7358.583333333333,0.07420399734076422,0.08853882980248251,7594.3
2025-10-01,EST009,Estate Sulawesi 01,Sulawesi,10,4,-0.8660254037844386,0.5000000000000001,3600,14,11.719722222222222,216.3,16.0,146.6,128.9,161.63333333333335,149.3,26.0,1.0,7594.3,7311.7,7271.3,6649.8,7325.233333333333,7497.816666666667,7410.058333333333,-0.039384801759214216,0.0970555505428734,7295.2
2025-11-01,EST009,Estate Sulawesi 01,Sulawesi,11,4,-0.5000000000000004,0.8660254037844384,3600,14,9.908888888888889,185.3,9.0,216.3,122.0,182.73333333333335,154.23333333333332,25.0,1.0,7295.2,7069.7,7680.6,7855.5,7319.733333333333,7501.799999999999,7463.841666666666,0.05136253975216576,-0.02362675832219474,7669.9
2025-12-01,EST009,Estate Sulawesi 01,Sulawesi,12,4,-2.4492935982947064e-16,1.0,3600,14,8.350555555555555,290.0,18.0,185.3,146.6,230.53333333333333,181.51666666666665,24.0,1.0,7669.9,7594.3,8059.3,6154.3,7519.799999999999,7500.016666666666,7448.375,-0.17224474895370212,0.03160391921095829,6348.8
2020-01-01,EST010,Estate Sulawesi 02,Sulawesi,1,1,0.49999999999999994,0.8660254037844387,4300,8,8.517906976744186,202.8,14.0,268.5,172.4,226.4666666666667,200.8166666666667,22.0,1.0,7239.1,7246.2,10549.0,8614.3,7362.166666666667,8506.5,8251.191666666668,0.09747068005691317,-0.07773121437609554,7944.7
2020-02-01,EST010,Estate Sulawesi 02,Sulawesi,2,1,0.8660254037844386,0.5000000000000001,4300,8,9.995813953488373,254.3,17.0,202.8,208.1,241.86666666666667,217.63333333333333,23.0,1.0,7944.7,7601.2,8781.6,7926.9,7595.0,8072.45,8195.391666666666,-0.1017030221405465,-0.0996858797259963,7136.7
2020-03-01,EST010,Estate Sulawesi 02,Sulawesi,3,1,1.0,6.123233995736766e-17,4300,8,10.761860465116278,217.2,14.0,254.3,268.5,224.76666666666665,220.54999999999998,25.0,2.0,7136.7,7239.1,9621.9,7777.5,7440.166666666667,7798.299999999999,8129.541666666667,0.2555803102274161,0.15213114754098367,8960.7
2020-04-01,EST010,Estate Sulawesi 02,Sulawesi,4,2,0.8660254037844387,-0.4999999999999998,4300,8,8.99,166.4,9.0,217.2,202.8,212.63333333333333,219.54999999999998,26.0,1.0,8960.7,7944.7,7246.2,8996.7,8014.033333333333,7688.099999999999,8228.141666666666,-0.12690972803464018,-0.13040337012460135,7823.5
2020-05-01,EST010,Estate Sulawesi 02,Sulawesi,5,2,0.49999999999999994,-0.8660254037844387,4300,8,10.060697674418604,186.8,14.0,166.4,254.3,190.13333333333333,216.0,22.0,1.0,7823.5,7136.7,7601.2,7367.5,7973.633333333334,7784.316666666667,8130.375,0.21900683837157287,0.2944553783508652,9536.9
2020-06-01,EST010,Estate Sulawesi 02,Sulawesi,6,2,1.2246467991473532e-16,-1.0,4300,8,11.016279069767442,185.8,12.0,186.8,217.2,179.66666666666666,202.21666666666667,24.0,1.0,9536.9,8960.7,7239.1,7292.4,8773.7,8106.933333333334,8311.158333333335,-0.06412985351634182,0.22391805167023193,8925.3
2020-07-01,EST010,Estate Sulawesi 02,Sulawesi,7,3,-0.4999999999999997,-0.8660254037844388,4300,8,11.851860465116278,167.5,11.0,185.8,166.4,180.03333333333333,196.33333333333334,22.0,1.0,8925.3,7823.5,7944.7,10549.0,8761.9,8387.966666666665,8447.233333333332,0.03764579341870866,-0.12206844250639881,9261.3
2020-08-01,EST010,Estate Sulawesi 02,Sulawesi,8,3,-0.8660254037844384,-0.5000000000000004,4300,8,8.001627906976744,116.5,13.0,167.5,186.8,156.6,173.36666666666667,24.0,1.0,9261.3,9536.9,7136.7,8781.6,9241.166666666666,8607.4,8339.925,-0.1265589064170256,-0.07884667942060675,8089.2
2020-09-01,EST010,Estate Sulawesi 02,Sulawesi,9,3,-1.0,-1.8369701987210297e-16,4300,8,9.02093023255814,152.8,11.0,116.5,185.8,145.60000000000002,162.63333333333333,26.0,2.0,8089.2,8925.3,8960.7,9621.9,8758.6,8766.15,8282.225,-0.13890125105078366,-0.2760681362308899,6965.6
2020-10-01,EST010,Estate Sulawesi 02,Sulawesi,10,4,-0.8660254037844386,0.5000000000000001,4300,8,10.386744186046512,183.8,11.0,152.8,167.5,151.03333333333333,165.53333333333333,24.0,0.0,6965.6,9261.3,7823.5,7246.2,8105.366666666666,8433.633333333333,8060.866666666666,0.27232399219019165,0.223054842538158,8862.5
2020-11-01,EST010,Estate Sulawesi 02,Sulawesi,11,4,-0.5000000000000004,0.8660254037844384,4300,8,8.391162790697674,207.1,13.0,183.8,116.5,181.23333333333335,168.91666666666666,25.0,1.0,8862.5,8089.2,9536.9,7601.2,7972.433333333333,8606.8,8195.558333333332,-0.0987080394922426,0.0508472346471609,7987.7
2020-12-01,EST010,Estate Sulawesi 02,Sulawesi,12,4,-2.4492935982947064e-16,1.0,4300,8,11.669302325581395,239.7,18.0,207.1,152.8,210.19999999999996,177.9,24.0,4.0,7987.7,6965.6,8925.3,7239.1,7938.599999999999,8348.599999999999,8227.766666666666,-0.14186812223794076,-0.05312815128952497,6854.5
2021-01-01,EST010,Estate Sulawesi 02,Sulawesi,1,1,0.49999999999999994,0.8660254037844387,4300,9,11.058837209302325,222.9,15.0,239.7,183.8,223.23333333333335,187.13333333333333,25.0,0.0,6854.5,8862.5,9261.3,7944.7,7901.566666666667,8003.466666666666,8195.716666666665,0.26029615581005183,0.08735383337319225,8638.7
2021-02-01,EST010,Estate Sulawesi 02,Sulawesi,2,1,0.8660254037844386,0.5000000000000001,4300,9,8.596279069767442,175.6,10.0,222.9,207.1,212.73333333333335,196.98333333333335,26.0,0.0,8638.7,7987.7,8089.2,7136.7,7826.966666666667,7899.700000000001,8253.550000000001,-0.12547026751710333,0.05858449983886116,7554.8
2021-03-01,EST010,Estate Sulawesi 02,Sulawesi,3,1,1.0,6.123233995736766e-17,4300,9,10.533720930232558,209.0,15.0,175.6,239.7,202.5,206.35,26.0,1.0,7554.8,6854.5,6965.6,8960.7,7682.666666666667,7810.633333333334,8288.391666666666,0.08954571927780997,-0.08139989063354436,8231.3
2021-04-01,EST010,Estate Sulawesi 02,Sulawesi,4,2,0.8660254037844387,-0.4999999999999998,4300,9,9.523255813953488,195.8,12.0,209.0,222.9,193.4666666666667,208.35000000000002,22.0,2.0,8231.3,8638.7,8862.5,7823.5,8141.599999999999,8021.583333333333,8227.608333333334,0.09438363320496168,0.1514283888285295,9008.2
2021-05-01,EST010,Estate Sulawesi 02,Sulawesi,5,2,0.49999999999999994,-0.8660254037844387,4300,9,9.70139534883721,185.0,15.0,195.8,175.6,196.6,204.66666666666666,25.0,4.0,9008.2,7554.8,7987.7,9536.9,8264.766666666666,8045.866666666666,8326.333333333334,-0.15596900601674035,-0.20275980664576543,7603.2
2021-06-01,EST010,Estate Sulawesi 02,Sulawesi,6,2,1.2246467991473532e-16,-1.0,4300,9,11.574651162790698,188.5,14.0,185.0,209.0,189.76666666666665,196.13333333333333,25.0,2.0,7603.2,8231.3,6854.5,8925.3,8280.9,7981.783333333334,8165.191666666666,0.1491082702020201,-0.021108534166918713,8736.9
2021-07-01,EST010,Estate Sulawesi 02,Sulawesi,7,3,-0.4999999999999997,-0.8660254037844388,4300,9,11.788837209302326,172.8,11.0,188.5,195.8,182.1,187.78333333333333,23.0,0.0,8736.9,9008.2,8638.7,9261.3,8449.433333333332,8295.516666666668,8149.491666666668,0.030502809921139074,-0.027847062507423304,9003.4
2021-08-01,EST010,Estate Sulawesi 02,Sulawesi,8,3,-0.8660254037844384,-0.5000000000000004,4300,9,9.641395348837209,167.3,13.0,172.8,185.0,176.20000000000002,186.4,23.0,0.0,9003.4,7603.2,7554.8,8089.2,8447.833333333334,8356.3,8128.0,-0.06871848412821813,0.03653018839934741,8384.7
2021-09-01,EST010,Estate Sulawesi 02,Sulawesi,9,3,-1.0,-1.8369701987210297e-16,4300,9,10.803488372093023,169.2,11.0,167.3,188.5,169.76666666666668,179.76666666666665,23.0,1.0,8384.7,8736.9,8231.3,6965.6,8708.333333333334,8494.616666666667,8152.625,-0.11980154328717796,0.059521074997128665,7380.2
2021-10-01,EST010,Estate Sulawesi 02,Sulawesi,10,4,-0.8660254037844386,0.5000000000000001,4300,9,9.55,148.5,11.0,169.2,172.8,161.66666666666666,171.88333333333335,24.0,0.0,7380.2,9003.4,9008.2,8862.5,8256.1,8352.766666666666,8187.175,0.054104224817755675,-0.12220028208744715,7779.5
2021-11-01,EST010,Estate Sulawesi 02,Sulawesi,11,4,-0.5000000000000004,0.8660254037844384,4300,9,10.290813953488373,219.7,15.0,148.5,167.3,179.13333333333333,177.66666666666666,23.0,1.0,7779.5,8384.7,7603.2,7987.7,7848.133333333334,8147.983333333333,8096.925,0.09611157529404202,0.06754134481765717,8527.2
2021-12-01,EST010,Estate Sulawesi 02,Sulawesi,12,4,-2.4492935982947064e-16,1.0,4300,9,11.031627906976745,229.4,14.0,219.7,169.2,199.20000000000002,184.48333333333335,25.0,3.0,8527.2,7380.2,8736.9,6854.5,7895.633333333334,8301.983333333332,8141.883333333334,-0.06628201519842392,0.1615726894740681,7962.0
2022-01-01,EST010,Estate Sulawesi 02,Sulawesi,1,1,0.49999999999999994,0.8660254037844387,4300,10,10.529767441860464,225.3,14.0,229.4,148.5,224.79999999999998,193.23333333333335,24.0,0.0,7962.0,7779.5,9003.4,8638.7,8089.566666666667,8172.833333333333,8234.175000000001,0.1805576488319518,0.08808038246495409,9399.6
2022-02-01,EST010,Estate Sulawesi 02,Sulawesi,2,1,0.8660254037844386,0.5000000000000001,4300,10,11.03906976744186,177.1,13.0,225.3,219.7,210.6,194.86666666666667,26.0,3.0,9399.6,8527.2,8384.7,7554.8,8629.6,8238.866666666667,8297.583333333332,-0.10794076343674197,0.10989040080478629,8385.0
2022-03-01,EST010,Estate Sulawesi 02,Sulawesi,3,1,1.0,6.123233995736766e-17,4300,10,9.046046511627907,172.5,11.0,177.1,229.4,191.63333333333335,195.41666666666666,24.5,1.0,8385.0,7962.0,7380.2,8231.3,8582.199999999999,8238.916666666666,8366.766666666666,0.011532498509242872,0.030420468212797758,8481.7
2022-04-01,EST010,Estate Sulawesi 02,Sulawesi,4,2,0.8660254037844387,-0.4999999999999998,4300,10,10.724883720930233,206.8,13.0,172.5,225.3,185.46666666666667,205.13333333333333,23.0,0.0,8481.7,9399.6,7779.5,9008.2,8755.433333333334,8422.5,8387.633333333333,0.3590200077814587,0.2795897071557023,11526.8
2022-05-01,EST010,Estate Sulawesi 02,Sulawesi,5,2,0.49999999999999994,-0.8660254037844387,4300,10,9.150697674418605,170.0,10.0,206.8,177.1,183.1,196.85,26.0,1.0,11526.8,8385.0,8527.2,7603.2,9464.5,9047.050000000001,8597.516666666666,-0.2355120241524099,0.15899884259259256,8812.1
2022-06-01,EST010,Estate Sulawesi 02,Sulawesi,6,2,1.2246467991473532e-16,-1.0,4300,10,9.20813953488372,178.5,13.0,170.0,172.5,185.1,188.36666666666667,25.0,0.0,8812.1,8481.7,7962.0,8736.9,9606.866666666667,9094.533333333335,8698.258333333333,0.22537193177562664,0.2359189186095756,10798.1
2022-07-01,EST010,Estate Sulawesi 02,Sulawesi,7,3,-0.4999999999999997,-0.8660254037844388,4300,10,7.984418604651163,152.7,13.0,178.5,206.8,167.06666666666666,176.26666666666665,22.0,1.0,10798.1,11526.8,9399.6,9003.4,10379.0,9567.216666666665,8870.025,-0.1833841138718849,-0.02060332763178352,8817.9
2022-08-01,EST010,Estate Sulawesi 02,Sulawesi,8,3,-0.8660254037844384,-0.5000000000000004,4300,10,11.69093023255814,156.5,9.0,152.7,170.0,162.56666666666666,172.83333333333334,26.0,2.0,8817.9,8812.1,8385.0,8384.7,9476.033333333333,9470.266666666666,8854.566666666668,0.019358350627700638,0.07202404379405336,8988.6
2022-09-01,EST010,Estate Sulawesi 02,Sulawesi,9,3,-1.0,-1.8369701987210297e-16,4300,10,10.832790697674419,194.5,13.0,156.5,178.5,167.9,176.5,22.0,1.0,8988.6,10798.1,8481.7,7380.2,9534.866666666667,9570.866666666667,8904.891666666668,0.2114456088823622,0.47546136961057983,10889.2
2022-10-01,EST010,Estate Sulawesi 02,Sulawesi,10,4,-0.8660254037844386,0.5000000000000001,4300,10,9.923488372093024,177.1,14.0,194.5,152.7,176.03333333333333,171.54999999999998,23.0,1.0,10889.2,8817.9,11526.8,7779.5,9565.233333333335,9972.116666666667,9197.308333333332,-0.21404694559747284,0.10012211581721187,8558.4
2022-11-01,EST010,Estate Sulawesi 02,Sulawesi,11,4,-0.5000000000000004,0.8660254037844384,4300,10,10.233255813953487,211.4,14.0,177.1,156.5,194.33333333333334,178.45000000000002,25.0,4.0,8558.4,8988.6,8812.1,8527.2,9478.733333333334,9477.383333333333,9262.216666666665,0.04782435969340071,0.05165822309785151,8967.7
2022-12-01,EST010,Estate Sulawesi 02,Sulawesi,12,4,-2.4492935982947064e-16,1.0,4300,10,10.304418604651163,212.6,15.0,211.4,194.5,200.36666666666667,184.13333333333333,22.0,4.0,8967.7,10889.2,10798.1,7962.0,9471.766666666666,9503.316666666668,9298.925000000001,-0.013938914102835764,0.1106129113288119,8842.7
2023-01-01,EST010,Estate Sulawesi 02,Sulawesi,1,1,0.49999999999999994,0.8660254037844387,4300,11,12.571395348837209,207.6,12.0,212.6,177.1,210.5333333333333,193.28333333333333,26.0,1.0,8842.7,8558.4,8817.9,9399.6,8789.6,9177.416666666666,9372.316666666668,0.10286450970857297,0.03752287331375781,9752.3
2023-02-01,EST010,Estate Sulawesi 02,Sulawesi,2,1,0.8660254037844386,0.5000000000000001,4300,11,10.141395348837209,201.3,14.0,207.6,211.4,207.16666666666666,200.75,23.0,1.0,9752.3,8967.7,8988.6,8385.0,9187.566666666668,9333.15,9401.708333333334,-0.06312357084995324,0.08964818127608831,9136.7
2023-03-01,EST010,Estate Sulawesi 02,Sulawesi,3,1,1.0,6.123233995736766e-17,4300,11,9.233255813953487,205.1,13.0,201.3,212.6,204.66666666666666,202.51666666666665,23.0,1.0,9136.7,8842.7,10889.2,8481.7,9243.9,9357.833333333334,9464.35,0.1364934823295061,0.22425928764280734,10383.8
2023-04-01,EST010,Estate Sulawesi 02,Sulawesi,4,2,0.8660254037844387,-0.4999999999999998,4300,11,8.849302325581395,168.5,13.0,205.1,207.6,191.63333333333333,201.08333333333334,26.0,0.0,10383.8,9752.3,8558.4,11526.8,9757.6,9273.6,9622.858333333332,-0.11790481326681945,-0.20537356421556718,9159.5
2023-05-01,EST010,Estate Sulawesi 02,Sulawesi,5,2,0.49999999999999994,-0.8660254037844387,4300,11,10.88906976744186,202.4,15.0,168.5,201.3,192.0,199.58333333333334,26.0,2.0,9159.5,9136.7,8967.7,8812.1,9560.0,9373.783333333333,9425.583333333334,0.15341448769037624,0.19888562317722225,10564.7
2023-06-01,EST010,Estate Sulawesi 02,Sulawesi,6,2,1.2246467991473532e-16,-1.0,4300,11,10.557906976744187,139.1,13.0,202.4,205.1,170.0,187.33333333333334,22.0,2.0,10564.7,10383.8,8842.7,10798.1,10036.0,9639.949999999999,9571.633333333333,-0.2160875367970696,-0.23303173706485414,8281.8
2023-07-01,EST010,Estate Sulawesi 02,Sulawesi,7,3,-0.4999999999999997,-0.8660254037844388,4300,11,8.986976744186046,147.3,11.0,139.1,168.5,162.9333333333333,177.28333333333333,24.0,0.0,8281.8,9159.5,9752.3,8817.9,9335.333333333334,9546.466666666667,9361.941666666666,0.23832983167910382,0.1630433549938195,10255.6
2023-08-01,EST010,Estate Sulawesi 02,Sulawesi,8,3,-0.8660254037844384,-0.5000000000000004,4300,11,7.391162790697674,144.8,10.0,147.3,202.4,143.73333333333335,167.86666666666667,23.0,1.0,10255.6,10564.7,9136.7,8988.6,9700.699999999999,9630.35,9481.75,-0.1907640703615585,-0.07669714972298236,8299.2
2023-09-01,EST010,Estate Sulawesi 02,Sulawesi,9,3,-1.0,-1.8369701987210297e-16,4300,11,11.134651162790698,207.2,14.0,144.8,139.1,166.4333333333333,168.21666666666667,22.0,1.0,8299.2,8281.8,10383.8,10889.2,8945.533333333333,9490.766666666666,9424.3,0.3827718334297281,0.05387907284281668,11475.9
2023-10-01,EST010,Estate Sulawesi 02,Sulawesi,10,4,-0.8660254037844386,0.5000000000000001,4300,11,8.109302325581396,194.9,12.0,207.2,147.3,182.30000000000004,172.61666666666667,26.0,1.0,11475.9,10255.6,9159.5,8558.4,10010.233333333334,9672.783333333333,9473.191666666668,-0.12781568330152748,0.16950598242662185,10009.1
2023-11-01,EST010,Estate Sulawesi 02,Sulawesi,11,4,-0.5000000000000004,0.8660254037844384,4300,11,10.762558139534883,234.8,16.0,194.9,144.8,212.29999999999998,178.01666666666665,22.0,0.0,10009.1,8299.2,10564.7,8967.7,9928.066666666666,9814.383333333333,9594.083333333334,-0.03367935178987125,0.07853741762101762,9672.0
2023-12-01,EST010,Estate Sulawesi 02,Sulawesi,12,4,-2.4492935982947064e-16,1.0,4300,11,11.633953488372093,187.1,12.0,234.8,207.2,205.60000000000002,186.01666666666665,26.0,1.0,9672.0,11475.9,8281.8,8842.7,10385.666666666666,9665.6,9652.775,-0.005727874276261313,0.08751851809967537,9616.6
2024-01-01,EST010,Estate Sulawesi 02,Sulawesi,1,1,0.49999999999999994,0.8660254037844387,4300,12,9.28953488372093,225.2,15.0,187.1,194.9,215.70000000000002,199.0,25.0,0.0,9616.6,10009.1,10255.6,9752.3,9765.9,9888.066666666668,9717.266666666666,-0.06561570617473955,-0.07861735180418972,8985.6
2024-02-01,EST010,Estate Sulawesi 02,Sulawesi,2,1,0.8660254037844386,0.5000000000000001,4300,12,9.21186046511628,231.2,17.0,225.2,234.8,214.5,213.4,26.0,1.0,8985.6,9672.0,8299.2,9136.7,9424.733333333332,9676.4,9653.375,0.12131632834757844,0.10277233574485312,10075.7
2024-03-01,EST010,Estate Sulawesi 02,Sulawesi,3,1,1.0,6.123233995736766e-17,4300,12,10.106976744186046,201.6,12.0,231.2,187.1,219.33333333333334,212.46666666666667,26.0,0.0,10075.7,9616.6,11475.9,10383.8,9559.300000000001,9972.483333333334,9731.625,0.10819099417410194,0.07530961690325322,11165.8
2024-04-01,EST010,Estate Sulawesi 02,Sulawesi,4,2,0.8660254037844387,-0.4999999999999998,4300,12,11.705813953488372,207.1,16.0,201.6,225.2,213.29999999999998,214.5,26.0,5.0,11165.8,8985.6,10009.1,9159.5,10075.699999999999,9920.8,9796.791666666668,-0.13132959572981784,0.05894426551667653,9699.4
2024-05-01,EST010,Estate Sulawesi 02,Sulawesi,5,2,0.49999999999999994,-0.8660254037844387,4300,12,9.675348837209302,158.1,13.0,207.1,231.2,188.9333333333333,201.71666666666667,24.0,3.0,9699.4,10075.7,9672.0,10564.7,10313.633333333333,9869.183333333332,9841.783333333333,-0.030125574777821185,-0.10956297859854036,9407.2
2024-06-01,EST010,Estate Sulawesi 02,Sulawesi,6,2,1.2246467991473532e-16,-1.0,4300,12,11.421627906976743,196.7,13.0,158.1,201.6,187.29999999999998,203.31666666666663,26.0,0.0,9407.2,11165.8,9616.6,8281.8,10090.8,9825.050000000001,9745.324999999999,0.19762522323326803,0.3603685189210075,11266.3
2024-07-01,EST010,Estate Sulawesi 02,Sulawesi,7,3,-0.4999999999999997,-0.8660254037844388,4300,12,7.604883720930233,209.5,11.0,196.7,207.1,188.1,200.70000000000002,23.0,3.0,11266.3,9699.4,8985.6,10255.6,10124.3,10100.0,9994.033333333335,-0.06553171848787975,0.026561098326767674,10528.0
2024-08-01,EST010,Estate Sulawesi 02,Sulawesi,8,3,-0.8660254037844384,-0.5000000000000004,4300,12,9.50453488372093,146.7,9.0,209.5,158.1,184.29999999999998,186.61666666666665,23.0,0.0,10528.0,9407.2,10075.7,8299.2,10400.5,10357.066666666668,10016.733333333334,-0.07012727963525833,0.17959562367457105,9789.7
2024-09-01,EST010,Estate Sulawesi 02,Sulawesi,9,3,-1.0,-1.8369701987210297e-16,4300,12,11.404186046511628,159.9,13.0,146.7,196.7,172.03333333333333,179.66666666666666,22.0,0.0,9789.7,11266.3,11165.8,11475.9,10528.0,10309.4,10140.941666666668,-0.005832660857840399,-0.15190965414477287,9732.6
2024-10-01,EST010,Estate Sulawesi 02,Sulawesi,10,4,-0.8660254037844386,0.5000000000000001,4300,12,11.745813953488373,226.3,15.0,159.9,209.5,177.63333333333333,182.86666666666667,24.0,1.0,9732.6,10528.0,9699.4,10009.1,10016.766666666668,10070.533333333335,9995.666666666666,0.016799210899451245,-0.011289726349022366,9896.1
2024-11-01,EST010,Estate Sulawesi 02,Sulawesi,11,4,-0.5000000000000004,0.8660254037844384,4300,12,9.143488372093023,248.5,15.0,226.3,146.7,211.5666666666667,197.9333333333333,22.0,0.0,9896.1,9789.7,9407.2,9672.0,9806.133333333333,10103.316666666668,9986.25,-0.008265882519376433,0.014712572373862587,9814.3
2024-12-01,EST010,Estate Sulawesi 02,Sulawesi,12,4,-2.4492935982947064e-16,1.0,4300,12,11.492325581395349,211.1,13.0,248.5,159.9,228.63333333333335,200.33333333333334,23.0,1.0,9814.3,9732.6,11266.3,9616.6,9814.333333333334,10171.166666666666,9998.108333333334,-0.02875396105682515,-0.008786889337187742,9532.1
2025-01-01,EST010,Estate Sulawesi 02,Sulawesi,1,1,0.49999999999999994,0.8660254037844387,4300,13,9.647441860465117,208.0,15.0,211.1,226.3,222.5333333333333,200.08333333333334,23.0,2.0,9532.1,9896.1,10528.0,8985.6,9747.5,9882.133333333333,9991.066666666668,-0.10445756968558872,-0.04999109686609693,8536.4
2025-02-01,EST010,Estate Sulawesi 02,Sulawesi,2,1,0.8660254037844386,0.5000000000000001,4300,13,9.427674418604651,202.0,14.0,208.0,248.5,207.0333333333333,209.30000000000004,25.0,3.0,8536.4,9814.3,9789.7,10075.7,9294.266666666666,9550.199999999999,9953.633333333333,0.07355559720725369,-0.09045525372926955,9164.3
2025-03-01,EST010,Estate Sulawesi 02,Sulawesi,3,1,1.0,6.123233995736766e-17,4300,13,8.194186046511629,165.9,11.0,202.0,211.1,191.96666666666667,210.29999999999998,26.0,0.0,9164.3,9532.1,9732.6,11165.8,9077.6,9445.966666666667,9877.683333333332,0.012799668277991838,-0.168747425173297,9281.6
2025-04-01,EST010,Estate Sulawesi 02,Sulawesi,4,2,0.8660254037844387,-0.4999999999999998,4300,13,12.223720930232558,157.5,10.0,165.9,208.0,175.13333333333333,198.83333333333334,23.0,0.0,9281.6,8536.4,9896.1,9699.4,8994.099999999999,9370.8,9720.666666666666,0.03508015859334601,-0.009505742623254987,9607.2
2025-05-01,EST010,Estate Sulawesi 02,Sulawesi,5,2,0.49999999999999994,-0.8660254037844387,4300,13,8.112790697674418,145.9,9.0,157.5,202.0,156.43333333333334,181.73333333333335,22.0,2.0,9607.2,9164.3,9814.3,9407.2,9351.033333333333,9322.65,9712.983333333334,-0.014738945790657043,0.006208010885279336,9465.6
2025-06-01,EST010,Estate Sulawesi 02,Sulawesi,6,2,1.2246467991473532e-16,-1.0,4300,13,9.652093023255814,142.3,8.0,145.9,165.9,148.56666666666666,170.26666666666668,22.0,1.0,9465.6,9281.6,9532.1,11266.3,9451.466666666667,9264.533333333335,9717.85,-0.05492520283975655,-0.20597711759850157,8945.7
2025-07-01,EST010,Estate Sulawesi 02,Sulawesi,7,3,-0.4999999999999997,-0.8660254037844388,4300,13,9.56906976744186,151.1,12.0,142.3,157.5,146.43333333333337,160.78333333333333,26.0,2.0,8945.7,9607.2,8536.4,10528.0,9339.500000000002,9166.800000000001,9524.466666666667,0.09022211788904144,-0.07363221884498483,9752.8
2025-08-01,EST010,Estate Sulawesi 02,Sulawesi,8,3,-0.8660254037844384,-0.5000000000000004,4300,13,12.536279069767442,161.7,10.0,151.1,145.9,151.70000000000002,154.0666666666667,26.0,1.0,9752.8,9465.6,9164.3,9789.7,9388.033333333335,9369.533333333335,9459.866666666667,-0.043679763760150925,-0.047284390737203585,9326.8
2025-09-01,EST010,Estate Sulawesi 02,Sulawesi,9,3,-1.0,-1.8369701987210297e-16,4300,13,10.47186046511628,209.8,16.0,161.7,142.3,174.20000000000002,161.38333333333333,25.0,1.0,9326.8,8945.7,9281.6,9732.6,9341.766666666666,9396.616666666667,9421.291666666666,0.031897328129690816,-0.011127550705875233,9624.3
2025-10-01,EST010,Estate Sulawesi 02,Sulawesi,10,4,-0.8660254037844386,0.5000000000000001,4300,13,11.585116279069767,165.0,13.0,209.8,151.1,178.83333333333334,162.63333333333333,24.0,0.0,9624.3,9752.8,9607.2,9896.1,9567.966666666665,9453.733333333334,9412.266666666666,-0.08713360971707018,-0.11220581845373423,8785.7
2025-11-01,EST010,Estate Sulawesi 02,Sulawesi,11,4,-0.5000000000000004,0.8660254037844384,4300,13,10.880232558139534,191.95,17.0,165.0,161.7,188.91666666666666,170.30833333333334,22.0,1.0,8785.7,9326.8,9465.6,9814.3,9245.6,9316.816666666666,9319.733333333334,0.010676440124292697,-0.09524876965244589,8879.5
2025-12-01,EST010,Estate Sulawesi 02,Sulawesi,12,4,-2.4492935982947064e-16,1.0,4300,13,10.175348837209302,218.9,14.0,191.95,209.8,191.94999999999996,183.07499999999996,26.0,2.0,8879.5,9624.3,8945.7,9532.1,9096.5,9219.133333333333,9241.833333333334,-0.03657863618446977,-0.10253774089654955,8554.7
